version 1
nodes
  0 "nuke"  -1
  1 "base"  -1
end
skeleton
time 0
  0 0.000001 0.000000 0.000001 0.000000 -0.000000 0.000000
  1 0.000000 0.000000 0.000000 1.570796 -0.000000 -1.570796
end
triangles
nuke_blu.vtf
  0 -1.695229 21.829304 14.440738 0.000014 0.480787 0.876837 0.455608 -0.314341 1 1 1.000000
  0 -0.467445 34.280136 7.613681 -0.000358 0.480815 0.876822 0.556612 -0.317384 1 1 1.000000
  0 -0.899527 34.279827 7.613664 -0.000379 0.480817 0.876821 0.556462 -0.314354 1 1 1.000000
nuke_blu.vtf
  0 -1.695229 21.829304 14.440738 0.000014 0.480787 0.876837 0.455608 -0.314341 1 1 1.000000
  0 -0.548904 21.829321 14.440700 0.000022 0.480787 0.876838 0.456000 -0.322380 1 1 1.000000
  0 -0.467445 34.280136 7.613681 -0.000358 0.480815 0.876822 0.556612 -0.317384 1 1 1.000000
nuke_blu.vtf
  0 4.968358 -29.291733 8.616704 0.005857 -0.999915 0.011689 0.187183 -0.482315 1 1 1.000000
  0 2.568840 -29.294170 9.610549 0.005857 -0.999915 0.011689 0.206834 -0.487750 1 1 1.000000
  0 -0.006000 -29.305292 9.949492 0.005857 -0.999915 0.011689 0.227213 -0.487967 1 1 1.000000
nuke_blu.vtf
  0 -4.980412 -29.283733 8.616635 -0.002207 -0.999966 -0.007936 0.264936 -0.473257 1 1 1.000000
  0 -0.006000 -29.305292 9.949492 -0.002207 -0.999966 -0.007936 0.227213 -0.487967 1 1 1.000000
  0 -2.580995 -29.296917 9.610523 -0.002207 -0.999966 -0.007936 0.246993 -0.483061 1 1 1.000000
nuke_blu.vtf
  0 -4.980412 -29.283733 8.616635 -0.271343 -0.842113 0.466067 0.264936 -0.473257 1 1 1.000000
  0 -0.004309 -30.302046 8.388619 -0.000644 -0.871442 0.490498 0.225523 -0.473743 1 1 1.000000
  0 -0.006000 -29.305292 9.949492 -0.000781 -0.842811 0.538209 0.227213 -0.487967 1 1 1.000000
nuke_blu.vtf
  0 4.968358 -29.291733 8.616704 0.272426 -0.842139 0.465388 0.187183 -0.482315 1 1 1.000000
  0 -0.006000 -29.305292 9.949492 -0.000781 -0.842811 0.538209 0.227213 -0.487967 1 1 1.000000
  0 -0.004309 -30.302046 8.388619 -0.000644 -0.871442 0.490498 0.225523 -0.473743 1 1 1.000000
nuke_blu.vtf
  0 4.968358 -29.291733 8.616704 0.272426 -0.842139 0.465388 0.187183 -0.482315 1 1 1.000000
  0 -0.004309 -30.302046 8.388619 -0.000644 -0.871442 0.490498 0.225523 -0.473743 1 1 1.000000
  0 4.189796 -30.290665 7.264852 0.248372 -0.871008 0.423860 0.192769 -0.469101 1 1 1.000000
nuke_blu.vtf
  0 8.610037 -29.267941 4.975177 0.468717 -0.841119 0.269858 0.154965 -0.457600 1 1 1.000000
  0 4.968358 -29.291733 8.616704 0.272426 -0.842139 0.465388 0.187183 -0.482315 1 1 1.000000
  0 4.189796 -30.290665 7.264852 0.248372 -0.871008 0.423860 0.192769 -0.469101 1 1 1.000000
nuke_blu.vtf
  0 8.610037 -29.267941 4.975177 -0.018022 -0.999536 -0.024553 0.154965 -0.457600 1 1 1.000000
  0 7.028942 -29.290049 7.035623 -0.018022 -0.999536 -0.024553 0.169544 -0.472034 1 1 1.000000
  0 4.968358 -29.291733 8.616704 -0.018022 -0.999536 -0.024553 0.187183 -0.482315 1 1 1.000000
nuke_blu.vtf
  0 8.610037 -29.267941 4.975177 -0.017499 -0.999846 -0.001497 0.154965 -0.457600 1 1 1.000000
  0 9.942991 -29.283819 0.000585 -0.017499 -0.999846 -0.001497 0.139185 -0.419588 1 1 1.000000
  0 9.603951 -29.281742 2.575660 -0.017499 -0.999846 -0.001497 0.144633 -0.439718 1 1 1.000000
nuke_blu.vtf
  0 -8.622047 -29.283869 4.974936 0.013153 -0.999828 -0.013116 0.290612 -0.441516 1 1 1.000000
  0 -4.980412 -29.283733 8.616635 0.013153 -0.999828 -0.013116 0.264936 -0.473257 1 1 1.000000
  0 -7.040940 -29.290100 7.035519 0.013153 -0.999828 -0.013116 0.279781 -0.459088 1 1 1.000000
nuke_blu.vtf
  0 -8.622047 -29.283869 4.974936 -0.466936 -0.842208 0.269550 0.290612 -0.441516 1 1 1.000000
  0 -4.198198 -30.283970 7.264761 -0.247591 -0.870793 0.424758 0.256398 -0.461643 1 1 1.000000
  0 -4.980412 -29.283733 8.616635 -0.271343 -0.842113 0.466067 0.264936 -0.473257 1 1 1.000000
nuke_blu.vtf
  0 -4.980412 -29.283733 8.616635 -0.271343 -0.842113 0.466067 0.264936 -0.473257 1 1 1.000000
  0 -4.198198 -30.283970 7.264761 -0.247591 -0.870793 0.424758 0.256398 -0.461643 1 1 1.000000
  0 -0.004309 -30.302046 8.388619 -0.000644 -0.871442 0.490498 0.225523 -0.473743 1 1 1.000000
nuke_blu.vtf
  0 -4.198198 -30.283970 7.264761 -0.247591 -0.870793 0.424758 0.256398 -0.461643 1 1 1.000000
  0 -0.002599 -31.243780 6.379881 -0.000327 -0.919156 0.393894 0.223572 -0.457171 1 1 1.000000
  0 -0.004309 -30.302046 8.388619 -0.000644 -0.871442 0.490498 0.225523 -0.473743 1 1 1.000000
nuke_blu.vtf
  0 4.189796 -30.290665 7.264852 0.248372 -0.871008 0.423860 0.192769 -0.469101 1 1 1.000000
  0 -0.004309 -30.302046 8.388619 -0.000644 -0.871442 0.490498 0.225523 -0.473743 1 1 1.000000
  0 -0.002599 -31.243780 6.379881 -0.000327 -0.919156 0.393894 0.223572 -0.457171 1 1 1.000000
nuke_blu.vtf
  0 4.189796 -30.290665 7.264852 0.248372 -0.871008 0.423860 0.192769 -0.469101 1 1 1.000000
  0 -0.002599 -31.243780 6.379881 -0.000327 -0.919156 0.393894 0.223572 -0.457171 1 1 1.000000
  0 3.187193 -31.230768 5.525166 0.200062 -0.918865 0.340092 0.199275 -0.453722 1 1 1.000000
nuke_blu.vtf
  0 4.189796 -30.290665 7.264852 0.248372 -0.871008 0.423860 0.192769 -0.469101 1 1 1.000000
  0 3.187193 -31.230768 5.525166 0.200062 -0.918865 0.340092 0.199275 -0.453722 1 1 1.000000
  0 5.522283 -31.221292 3.190100 0.344170 -0.917965 0.197196 0.179852 -0.438604 1 1 1.000000
nuke_blu.vtf
  0 4.189796 -30.290665 7.264852 0.248372 -0.871008 0.423860 0.192769 -0.469101 1 1 1.000000
  0 5.522283 -31.221292 3.190100 0.344170 -0.917965 0.197196 0.179852 -0.438604 1 1 1.000000
  0 7.260054 -30.270666 4.194568 0.427845 -0.869670 0.246218 0.166451 -0.448783 1 1 1.000000
nuke_blu.vtf
  0 8.610037 -29.267941 4.975177 0.468717 -0.841119 0.269858 0.154965 -0.457600 1 1 1.000000
  0 4.189796 -30.290665 7.264852 0.248372 -0.871008 0.423860 0.192769 -0.469101 1 1 1.000000
  0 7.260054 -30.270666 4.194568 0.427845 -0.869670 0.246218 0.166451 -0.448783 1 1 1.000000
nuke_blu.vtf
  0 8.610037 -29.267941 4.975177 0.468717 -0.841119 0.269858 0.154965 -0.457600 1 1 1.000000
  0 7.260054 -30.270666 4.194568 0.427845 -0.869670 0.246218 0.166451 -0.448783 1 1 1.000000
  0 8.383958 -30.284004 0.000483 0.490890 -0.871221 0.000971 0.153768 -0.417713 1 1 1.000000
nuke_blu.vtf
  0 8.610037 -29.267941 4.975177 0.468717 -0.841119 0.269858 0.154965 -0.457600 1 1 1.000000
  0 8.383958 -30.284004 0.000483 0.490890 -0.871221 0.000971 0.153768 -0.417713 1 1 1.000000
  0 9.942991 -29.283819 0.000585 0.539976 -0.841679 0.001426 0.139185 -0.419588 1 1 1.000000
nuke_blu.vtf
  0 9.942991 -29.283819 0.000585 0.539976 -0.841679 0.001426 0.139185 -0.419588 1 1 1.000000
  0 8.383958 -30.284004 0.000483 0.490890 -0.871221 0.000971 0.153768 -0.417713 1 1 1.000000
  0 7.260209 -30.284124 -4.193658 0.425580 -0.871056 -0.245242 0.158687 -0.384415 1 1 1.000000
nuke_blu.vtf
  0 9.942991 -29.283819 0.000585 0.539976 -0.841679 0.001426 0.139185 -0.419588 1 1 1.000000
  0 7.260209 -30.284124 -4.193658 0.425580 -0.871056 -0.245242 0.158687 -0.384415 1 1 1.000000
  0 8.610131 -29.283920 -4.973905 0.467594 -0.841701 -0.269991 0.145385 -0.378489 1 1 1.000000
nuke_blu.vtf
  0 8.610131 -29.283920 -4.973905 0.467594 -0.841701 -0.269991 0.145385 -0.378489 1 1 1.000000
  0 7.260209 -30.284124 -4.193658 0.425580 -0.871056 -0.245242 0.158687 -0.384415 1 1 1.000000
  0 4.189882 -30.284039 -7.264111 0.247810 -0.870383 -0.425469 0.179573 -0.358365 1 1 1.000000
nuke_blu.vtf
  0 8.610131 -29.283920 -4.973905 0.467594 -0.841701 -0.269991 0.145385 -0.378489 1 1 1.000000
  0 4.189882 -30.284039 -7.264111 0.247810 -0.870383 -0.425469 0.179573 -0.358365 1 1 1.000000
  0 4.968487 -29.283871 -8.615576 0.271511 -0.841786 -0.466560 0.171062 -0.346750 1 1 1.000000
nuke_blu.vtf
  0 4.968487 -29.283871 -8.615576 0.271511 -0.841786 -0.466560 0.171062 -0.346750 1 1 1.000000
  0 4.189882 -30.284039 -7.264111 0.247810 -0.870383 -0.425469 0.179573 -0.358365 1 1 1.000000
  0 -0.004076 -30.302252 -8.387992 0.000702 -0.871397 -0.490577 0.210445 -0.346260 1 1 1.000000
nuke_blu.vtf
  0 4.968487 -29.283871 -8.615576 0.271511 -0.841786 -0.466560 0.171062 -0.346750 1 1 1.000000
  0 -0.004076 -30.302252 -8.387992 0.000702 -0.871397 -0.490577 0.210445 -0.346260 1 1 1.000000
  0 -0.005923 -29.305397 -9.948503 0.000631 -0.842730 -0.538337 0.208779 -0.332035 1 1 1.000000
nuke_blu.vtf
  0 -4.980266 -29.291801 -8.615649 -0.272370 -0.842359 -0.465022 0.248813 -0.337678 1 1 1.000000
  0 -0.005923 -29.305397 -9.948503 0.000631 -0.842730 -0.538337 0.208779 -0.332035 1 1 1.000000
  0 -0.004076 -30.302252 -8.387992 0.000702 -0.871397 -0.490577 0.210445 -0.346260 1 1 1.000000
nuke_blu.vtf
  0 -4.980266 -29.291801 -8.615649 -0.005829 -0.999916 -0.011557 0.248813 -0.337678 1 1 1.000000
  0 -2.580753 -29.294306 -9.609473 -0.005829 -0.999916 -0.011557 0.229159 -0.332248 1 1 1.000000
  0 -0.005923 -29.305397 -9.948503 -0.005829 -0.999916 -0.011557 0.208779 -0.332035 1 1 1.000000
nuke_blu.vtf
  0 9.942991 -29.283819 0.000585 0.057513 -0.998226 -0.015390 0.139185 -0.419588 1 1 1.000000
  0 8.610131 -29.283920 -4.973905 0.057513 -0.998226 -0.015390 0.145385 -0.378489 1 1 1.000000
  0 9.604012 -29.263649 -2.574469 0.057513 -0.998226 -0.015390 0.139334 -0.398486 1 1 1.000000
nuke_blu.vtf
  0 8.610131 -29.283920 -4.973905 -0.012914 -0.999833 0.012901 0.145385 -0.378489 1 1 1.000000
  0 4.968487 -29.283871 -8.615576 -0.012914 -0.999833 0.012901 0.171062 -0.346750 1 1 1.000000
  0 7.029049 -29.290085 -7.034495 -0.012914 -0.999833 0.012901 0.156218 -0.360917 1 1 1.000000
nuke_blu.vtf
  0 4.968487 -29.283871 -8.615576 0.002192 -0.999966 0.007970 0.171062 -0.346750 1 1 1.000000
  0 -0.005923 -29.305397 -9.948503 0.002192 -0.999966 0.007970 0.208779 -0.332035 1 1 1.000000
  0 2.569084 -29.297052 -9.609440 0.002192 -0.999966 0.007970 0.189000 -0.336945 1 1 1.000000
nuke_blu.vtf
  0 -0.004076 -30.302252 -8.387992 0.000702 -0.871397 -0.490577 0.210445 -0.346260 1 1 1.000000
  0 4.189882 -30.284039 -7.264111 0.247810 -0.870383 -0.425469 0.179573 -0.358365 1 1 1.000000
  0 3.187264 -31.230837 -5.524664 0.200076 -0.918413 -0.341302 0.189524 -0.371852 1 1 1.000000
nuke_blu.vtf
  0 7.260209 -30.284124 -4.193658 0.425580 -0.871056 -0.245242 0.158687 -0.384415 1 1 1.000000
  0 3.187264 -31.230837 -5.524664 0.200076 -0.918413 -0.341302 0.189524 -0.371852 1 1 1.000000
  0 4.189882 -30.284039 -7.264111 0.247810 -0.870383 -0.425469 0.179573 -0.358365 1 1 1.000000
nuke_blu.vtf
  0 7.260209 -30.284124 -4.193658 0.425580 -0.871056 -0.245242 0.158687 -0.384415 1 1 1.000000
  0 5.522326 -31.221327 -3.189538 0.342634 -0.918866 -0.195672 0.174144 -0.391149 1 1 1.000000
  0 3.187264 -31.230837 -5.524664 0.200076 -0.918413 -0.341302 0.189524 -0.371852 1 1 1.000000
nuke_blu.vtf
  0 7.260209 -30.284124 -4.193658 0.425580 -0.871056 -0.245242 0.158687 -0.384415 1 1 1.000000
  0 6.376989 -31.217825 0.000262 0.394175 -0.919035 -0.000229 0.170558 -0.415675 1 1 1.000000
  0 5.522326 -31.221327 -3.189538 0.342634 -0.918866 -0.195672 0.174144 -0.391149 1 1 1.000000
nuke_blu.vtf
  0 7.260209 -30.284124 -4.193658 0.425580 -0.871056 -0.245242 0.158687 -0.384415 1 1 1.000000
  0 8.383958 -30.284004 0.000483 0.490890 -0.871221 0.000971 0.153768 -0.417713 1 1 1.000000
  0 6.376989 -31.217825 0.000262 0.394175 -0.919035 -0.000229 0.170558 -0.415675 1 1 1.000000
nuke_blu.vtf
  0 8.383958 -30.284004 0.000483 0.490890 -0.871221 0.000971 0.153768 -0.417713 1 1 1.000000
  0 5.522283 -31.221292 3.190100 0.344170 -0.917965 0.197196 0.179852 -0.438604 1 1 1.000000
  0 6.376989 -31.217825 0.000262 0.394175 -0.919035 -0.000229 0.170558 -0.415675 1 1 1.000000
nuke_blu.vtf
  0 8.383958 -30.284004 0.000483 0.490890 -0.871221 0.000971 0.153768 -0.417713 1 1 1.000000
  0 7.260054 -30.270666 4.194568 0.427845 -0.869670 0.246218 0.166451 -0.448783 1 1 1.000000
  0 5.522283 -31.221292 3.190100 0.344170 -0.917965 0.197196 0.179852 -0.438604 1 1 1.000000
nuke_blu.vtf
  0 3.187264 -31.230837 -5.524664 0.200076 -0.918413 -0.341302 0.189524 -0.371852 1 1 1.000000
  0 -0.001312 -31.915165 -4.594582 0.000099 -0.953434 -0.301603 0.214012 -0.376755 1 1 1.000000
  0 -0.002509 -31.243795 -6.379430 0.000317 -0.919166 -0.393870 0.212375 -0.362833 1 1 1.000000
nuke_blu.vtf
  0 -0.004076 -30.302252 -8.387992 0.000702 -0.871397 -0.490577 0.210445 -0.346260 1 1 1.000000
  0 3.187264 -31.230837 -5.524664 0.200076 -0.918413 -0.341302 0.189524 -0.371852 1 1 1.000000
  0 -0.002509 -31.243795 -6.379430 0.000317 -0.919166 -0.393870 0.212375 -0.362833 1 1 1.000000
nuke_blu.vtf
  0 -4.198091 -30.290768 -7.264204 -0.248142 -0.871191 -0.423618 0.243202 -0.350896 1 1 1.000000
  0 -0.004076 -30.302252 -8.387992 0.000702 -0.871397 -0.490577 0.210445 -0.346260 1 1 1.000000
  0 -0.002509 -31.243795 -6.379430 0.000317 -0.919166 -0.393870 0.212375 -0.362833 1 1 1.000000
nuke_blu.vtf
  0 -4.980266 -29.291801 -8.615649 -0.272370 -0.842359 -0.465022 0.248813 -0.337678 1 1 1.000000
  0 -0.004076 -30.302252 -8.387992 0.000702 -0.871397 -0.490577 0.210445 -0.346260 1 1 1.000000
  0 -4.198091 -30.290768 -7.264204 -0.248142 -0.871191 -0.423618 0.243202 -0.350896 1 1 1.000000
nuke_blu.vtf
  0 -8.622013 -29.268093 -4.974138 -0.468140 -0.841580 -0.269421 0.281044 -0.362399 1 1 1.000000
  0 -4.980266 -29.291801 -8.615649 -0.272370 -0.842359 -0.465022 0.248813 -0.337678 1 1 1.000000
  0 -4.198091 -30.290768 -7.264204 -0.248142 -0.871191 -0.423618 0.243202 -0.350896 1 1 1.000000
nuke_blu.vtf
  0 -8.622013 -29.268093 -4.974138 0.017990 -0.999538 0.024500 0.281044 -0.362399 1 1 1.000000
  0 -7.040849 -29.290136 -7.034598 0.017990 -0.999538 0.024500 0.266459 -0.347958 1 1 1.000000
  0 -4.980266 -29.291801 -8.615649 0.017990 -0.999538 0.024500 0.248813 -0.337678 1 1 1.000000
nuke_blu.vtf
  0 -4.198091 -30.290768 -7.264204 -0.248142 -0.871191 -0.423618 0.243202 -0.350896 1 1 1.000000
  0 -0.002509 -31.243795 -6.379430 0.000317 -0.919166 -0.393870 0.212375 -0.362833 1 1 1.000000
  0 -3.192100 -31.230854 -5.524715 -0.199903 -0.918967 -0.339909 0.236673 -0.366278 1 1 1.000000
nuke_blu.vtf
  0 -8.622013 -29.268093 -4.974138 -0.468140 -0.841580 -0.269421 0.281044 -0.362399 1 1 1.000000
  0 -7.268475 -30.270803 -4.193834 -0.427267 -0.870036 -0.245928 0.269528 -0.371217 1 1 1.000000
  0 -8.392352 -30.284004 0.000230 -0.490156 -0.871634 -0.000959 0.282209 -0.402294 1 1 1.000000
nuke_blu.vtf
  0 -8.622013 -29.268093 -4.974138 -0.468140 -0.841580 -0.269421 0.281044 -0.362399 1 1 1.000000
  0 -4.198091 -30.290768 -7.264204 -0.248142 -0.871191 -0.423618 0.243202 -0.350896 1 1 1.000000
  0 -7.268475 -30.270803 -4.193834 -0.427267 -0.870036 -0.245928 0.269528 -0.371217 1 1 1.000000
nuke_blu.vtf
  0 -4.198091 -30.290768 -7.264204 -0.248142 -0.871191 -0.423618 0.243202 -0.350896 1 1 1.000000
  0 -5.527217 -31.221344 -3.189618 -0.343763 -0.918162 -0.196990 0.256100 -0.381398 1 1 1.000000
  0 -7.268475 -30.270803 -4.193834 -0.427267 -0.870036 -0.245928 0.269528 -0.371217 1 1 1.000000
nuke_blu.vtf
  0 -4.198091 -30.290768 -7.264204 -0.248142 -0.871191 -0.423618 0.243202 -0.350896 1 1 1.000000
  0 -3.192100 -31.230854 -5.524715 -0.199903 -0.918967 -0.339909 0.236673 -0.366278 1 1 1.000000
  0 -5.527217 -31.221344 -3.189618 -0.343763 -0.918162 -0.196990 0.256100 -0.381398 1 1 1.000000
nuke_blu.vtf
  0 -3.192100 -31.230854 -5.524715 -0.199903 -0.918967 -0.339909 0.236673 -0.366278 1 1 1.000000
  0 -3.980205 -31.898941 -2.297242 -0.265105 -0.952341 -0.150886 0.244825 -0.389887 1 1 1.000000
  0 -5.527217 -31.221344 -3.189618 -0.343763 -0.918162 -0.196990 0.256100 -0.381398 1 1 1.000000
nuke_blu.vtf
  0 -3.192100 -31.230854 -5.524715 -0.199903 -0.918967 -0.339909 0.236673 -0.366278 1 1 1.000000
  0 -2.298424 -31.905876 -3.979006 -0.154629 -0.952788 -0.261315 0.231157 -0.379199 1 1 1.000000
  0 -3.980205 -31.898941 -2.297242 -0.265105 -0.952341 -0.150886 0.244825 -0.389887 1 1 1.000000
nuke_blu.vtf
  0 -0.002509 -31.243795 -6.379430 0.000317 -0.919166 -0.393870 0.212375 -0.362833 1 1 1.000000
  0 -2.298424 -31.905876 -3.979006 -0.154629 -0.952788 -0.261315 0.231157 -0.379199 1 1 1.000000
  0 -3.192100 -31.230854 -5.524715 -0.199903 -0.918967 -0.339909 0.236673 -0.366278 1 1 1.000000
nuke_blu.vtf
  0 -0.002509 -31.243795 -6.379430 0.000317 -0.919166 -0.393870 0.212375 -0.362833 1 1 1.000000
  0 -0.001312 -31.915165 -4.594582 0.000099 -0.953434 -0.301603 0.214012 -0.376755 1 1 1.000000
  0 -2.298424 -31.905876 -3.979006 -0.154629 -0.952788 -0.261315 0.231157 -0.379199 1 1 1.000000
nuke_blu.vtf
  0 -5.527217 -31.221344 -3.189618 -0.343763 -0.918162 -0.196990 0.256100 -0.381398 1 1 1.000000
  0 -3.980205 -31.898941 -2.297242 -0.265105 -0.952341 -0.150886 0.244825 -0.389887 1 1 1.000000
  0 -4.595800 -31.896471 0.000082 -0.305508 -0.952189 0.000016 0.251322 -0.406023 1 1 1.000000
nuke_blu.vtf
  0 -6.381953 -31.217876 0.000160 -0.393661 -0.919256 0.000230 0.265394 -0.404331 1 1 1.000000
  0 -4.595800 -31.896471 0.000082 -0.305508 -0.952189 0.000016 0.251322 -0.406023 1 1 1.000000
  0 -3.980238 -31.898943 2.297466 -0.264999 -0.952373 0.150866 0.248818 -0.423250 1 1 1.000000
nuke_blu.vtf
  0 -5.527217 -31.221344 -3.189618 -0.343763 -0.918162 -0.196990 0.256100 -0.381398 1 1 1.000000
  0 -4.595800 -31.896471 0.000082 -0.305508 -0.952189 0.000016 0.251322 -0.406023 1 1 1.000000
  0 -6.381953 -31.217876 0.000160 -0.393661 -0.919256 0.000230 0.265394 -0.404331 1 1 1.000000
nuke_blu.vtf
  0 -8.392352 -30.284004 0.000230 -0.490156 -0.871634 -0.000959 0.282209 -0.402294 1 1 1.000000
  0 -5.527217 -31.221344 -3.189618 -0.343763 -0.918162 -0.196990 0.256100 -0.381398 1 1 1.000000
  0 -6.381953 -31.217876 0.000160 -0.393661 -0.919256 0.000230 0.265394 -0.404331 1 1 1.000000
nuke_blu.vtf
  0 -8.392352 -30.284004 0.000230 -0.490156 -0.871634 -0.000959 0.282209 -0.402294 1 1 1.000000
  0 -7.268475 -30.270803 -4.193834 -0.427267 -0.870036 -0.245928 0.269528 -0.371217 1 1 1.000000
  0 -5.527217 -31.221344 -3.189618 -0.343763 -0.918162 -0.196990 0.256100 -0.381398 1 1 1.000000
nuke_blu.vtf
  0 4.593295 -31.896420 0.000147 0.305845 -0.952082 -0.000010 0.184612 -0.413982 1 1 1.000000
  0 2.466392 -32.321575 -1.424258 0.163187 -0.982255 -0.092438 0.199094 -0.401911 1 1 1.000000
  0 3.977743 -31.898993 -2.297186 0.265271 -0.952280 -0.150977 0.187114 -0.396757 1 1 1.000000
nuke_blu.vtf
  0 3.977743 -31.898993 -2.297186 0.265271 -0.952280 -0.150977 0.187114 -0.396757 1 1 1.000000
  0 2.466392 -32.321575 -1.424258 0.163187 -0.982255 -0.092438 0.199094 -0.401911 1 1 1.000000
  0 1.423731 -32.324734 -2.466958 0.095360 -0.982548 -0.159706 0.205677 -0.393574 1 1 1.000000
nuke_blu.vtf
  0 3.977743 -31.898993 -2.297186 0.265271 -0.952280 -0.150977 0.187114 -0.396757 1 1 1.000000
  0 1.423731 -32.324734 -2.466958 0.095360 -0.982548 -0.159706 0.205677 -0.393574 1 1 1.000000
  0 2.296007 -31.905844 -3.978976 0.154640 -0.952786 -0.261314 0.197905 -0.383143 1 1 1.000000
nuke_blu.vtf
  0 2.296007 -31.905844 -3.978976 0.154640 -0.952786 -0.261314 0.197905 -0.383143 1 1 1.000000
  0 1.423731 -32.324734 -2.466958 0.095360 -0.982548 -0.159706 0.205677 -0.393574 1 1 1.000000
  0 -0.000577 -32.329048 -2.848608 0.000240 -0.982962 -0.183810 0.215537 -0.389647 1 1 1.000000
nuke_blu.vtf
  0 2.296007 -31.905844 -3.978976 0.154640 -0.952786 -0.261314 0.197905 -0.383143 1 1 1.000000
  0 -0.000577 -32.329048 -2.848608 0.000240 -0.982962 -0.183810 0.215537 -0.389647 1 1 1.000000
  0 -0.001312 -31.915165 -4.594582 0.000099 -0.953434 -0.301603 0.214012 -0.376755 1 1 1.000000
nuke_blu.vtf
  0 -0.001312 -31.915165 -4.594582 0.000099 -0.953434 -0.301603 0.214012 -0.376755 1 1 1.000000
  0 -0.000577 -32.329048 -2.848608 0.000240 -0.982962 -0.183810 0.215537 -0.389647 1 1 1.000000
  0 -1.424677 -32.324787 -2.466973 -0.095227 -0.982609 -0.159407 0.226040 -0.391153 1 1 1.000000
nuke_blu.vtf
  0 -0.001312 -31.915165 -4.594582 0.000099 -0.953434 -0.301603 0.214012 -0.376755 1 1 1.000000
  0 -1.424677 -32.324787 -2.466973 -0.095227 -0.982609 -0.159407 0.226040 -0.391153 1 1 1.000000
  0 -2.298424 -31.905876 -3.979006 -0.154629 -0.952788 -0.261315 0.231157 -0.379199 1 1 1.000000
nuke_blu.vtf
  0 -2.298424 -31.905876 -3.979006 -0.154629 -0.952788 -0.261315 0.231157 -0.379199 1 1 1.000000
  0 -1.424677 -32.324787 -2.466973 -0.095227 -0.982609 -0.159407 0.226040 -0.391153 1 1 1.000000
  0 -2.467374 -32.321594 -1.424290 -0.163014 -0.982303 -0.092233 0.234394 -0.397708 1 1 1.000000
nuke_blu.vtf
  0 -2.298424 -31.905876 -3.979006 -0.154629 -0.952788 -0.261315 0.231157 -0.379199 1 1 1.000000
  0 -2.467374 -32.321594 -1.424290 -0.163014 -0.982303 -0.092233 0.234394 -0.397708 1 1 1.000000
  0 -3.980205 -31.898941 -2.297242 -0.265105 -0.952341 -0.150886 0.244825 -0.389887 1 1 1.000000
nuke_blu.vtf
  0 -3.980205 -31.898941 -2.297242 -0.265105 -0.952341 -0.150886 0.244825 -0.389887 1 1 1.000000
  0 -2.467374 -32.321594 -1.424290 -0.163014 -0.982303 -0.092233 0.234394 -0.397708 1 1 1.000000
  0 -2.849025 -32.320477 0.000022 -0.187924 -0.982184 0.000051 0.238350 -0.407573 1 1 1.000000
nuke_blu.vtf
  0 -3.980205 -31.898941 -2.297242 -0.265105 -0.952341 -0.150886 0.244825 -0.389887 1 1 1.000000
  0 -2.849025 -32.320477 0.000022 -0.187924 -0.982184 0.000051 0.238350 -0.407573 1 1 1.000000
  0 -4.595800 -31.896471 0.000082 -0.305508 -0.952189 0.000016 0.251322 -0.406023 1 1 1.000000
nuke_blu.vtf
  0 -4.595800 -31.896471 0.000082 -0.305508 -0.952189 0.000016 0.251322 -0.406023 1 1 1.000000
  0 -2.849025 -32.320477 0.000022 -0.187924 -0.982184 0.000051 0.238350 -0.407573 1 1 1.000000
  0 -2.467393 -32.321613 1.424357 -0.163084 -0.982276 0.092400 0.236827 -0.418095 1 1 1.000000
nuke_blu.vtf
  0 -4.595800 -31.896471 0.000082 -0.305508 -0.952189 0.000016 0.251322 -0.406023 1 1 1.000000
  0 -2.467393 -32.321613 1.424357 -0.163084 -0.982276 0.092400 0.236827 -0.418095 1 1 1.000000
  0 -3.980238 -31.898943 2.297466 -0.264999 -0.952373 0.150866 0.248818 -0.423250 1 1 1.000000
nuke_blu.vtf
  0 -3.980238 -31.898943 2.297466 -0.264999 -0.952373 0.150866 0.248818 -0.423250 1 1 1.000000
  0 -2.467393 -32.321613 1.424357 -0.163084 -0.982276 0.092400 0.236827 -0.418095 1 1 1.000000
  0 -1.424708 -32.324753 2.467062 -0.095415 -0.982587 0.159435 0.230243 -0.426432 1 1 1.000000
nuke_blu.vtf
  0 -3.980238 -31.898943 2.297466 -0.264999 -0.952373 0.150866 0.248818 -0.423250 1 1 1.000000
  0 -1.424708 -32.324753 2.467062 -0.095415 -0.982587 0.159435 0.230243 -0.426432 1 1 1.000000
  0 -2.298482 -31.905792 3.979246 -0.154620 -0.952815 0.261222 0.238026 -0.436864 1 1 1.000000
nuke_blu.vtf
  0 -1.424708 -32.324753 2.467062 -0.095415 -0.982587 0.159435 0.230243 -0.426432 1 1 1.000000
  0 -2.467393 -32.321613 1.424357 -0.163084 -0.982276 0.092400 0.236827 -0.418095 1 1 1.000000
  0 0.000011 -32.666553 -0.000002 0.000028 -1.000000 0.000001 0.217957 -0.410003 1 1 1.000000
nuke_blu.vtf
  0 -2.849025 -32.320477 0.000022 -0.187924 -0.982184 0.000051 0.238350 -0.407573 1 1 1.000000
  0 0.000011 -32.666553 -0.000002 0.000028 -1.000000 0.000001 0.217957 -0.410003 1 1 1.000000
  0 -2.467393 -32.321613 1.424357 -0.163084 -0.982276 0.092400 0.236827 -0.418095 1 1 1.000000
nuke_blu.vtf
  0 -2.849025 -32.320477 0.000022 -0.187924 -0.982184 0.000051 0.238350 -0.407573 1 1 1.000000
  0 -2.467374 -32.321594 -1.424290 -0.163014 -0.982303 -0.092233 0.234394 -0.397708 1 1 1.000000
  0 0.000011 -32.666553 -0.000002 0.000028 -1.000000 0.000001 0.217957 -0.410003 1 1 1.000000
nuke_blu.vtf
  0 -1.424677 -32.324787 -2.466973 -0.095227 -0.982609 -0.159407 0.226040 -0.391153 1 1 1.000000
  0 0.000011 -32.666553 -0.000002 0.000028 -1.000000 0.000001 0.217957 -0.410003 1 1 1.000000
  0 -2.467374 -32.321594 -1.424290 -0.163014 -0.982303 -0.092233 0.234394 -0.397708 1 1 1.000000
nuke_blu.vtf
  0 -1.424677 -32.324787 -2.466973 -0.095227 -0.982609 -0.159407 0.226040 -0.391153 1 1 1.000000
  0 -0.000577 -32.329048 -2.848608 0.000240 -0.982962 -0.183810 0.215537 -0.389647 1 1 1.000000
  0 0.000011 -32.666553 -0.000002 0.000028 -1.000000 0.000001 0.217957 -0.410003 1 1 1.000000
nuke_blu.vtf
  0 1.423731 -32.324734 -2.466958 0.095360 -0.982548 -0.159706 0.205677 -0.393574 1 1 1.000000
  0 0.000011 -32.666553 -0.000002 0.000028 -1.000000 0.000001 0.217957 -0.410003 1 1 1.000000
  0 -0.000577 -32.329048 -2.848608 0.000240 -0.982962 -0.183810 0.215537 -0.389647 1 1 1.000000
nuke_blu.vtf
  0 2.466392 -32.321575 -1.424258 0.163187 -0.982255 -0.092438 0.199094 -0.401911 1 1 1.000000
  0 0.000011 -32.666553 -0.000002 0.000028 -1.000000 0.000001 0.217957 -0.410003 1 1 1.000000
  0 1.423731 -32.324734 -2.466958 0.095360 -0.982548 -0.159706 0.205677 -0.393574 1 1 1.000000
nuke_blu.vtf
  0 2.466392 -32.321575 -1.424258 0.163187 -0.982255 -0.092438 0.199094 -0.401911 1 1 1.000000
  0 2.848024 -32.320465 0.000074 0.188067 -0.982156 -0.000069 0.197571 -0.412432 1 1 1.000000
  0 0.000011 -32.666553 -0.000002 0.000028 -1.000000 0.000001 0.217957 -0.410003 1 1 1.000000
nuke_blu.vtf
  0 2.848024 -32.320465 0.000074 0.188067 -0.982156 -0.000069 0.197571 -0.412432 1 1 1.000000
  0 2.466378 -32.321598 1.424394 0.163119 -0.982261 0.092493 0.201527 -0.422296 1 1 1.000000
  0 0.000011 -32.666553 -0.000002 0.000028 -1.000000 0.000001 0.217957 -0.410003 1 1 1.000000
nuke_blu.vtf
  0 -8.622013 -29.268093 -4.974138 0.017324 -0.999849 0.001494 0.281044 -0.362399 1 1 1.000000
  0 -9.954926 -29.283751 0.000425 0.017324 -0.999849 0.001494 0.296817 -0.400422 1 1 1.000000
  0 -9.615870 -29.281725 -2.574638 0.017324 -0.999849 0.001494 0.291374 -0.380288 1 1 1.000000
nuke_blu.vtf
  0 -8.622013 -29.268093 -4.974138 -0.468140 -0.841580 -0.269421 0.281044 -0.362399 1 1 1.000000
  0 -8.392352 -30.284004 0.000230 -0.490156 -0.871634 -0.000959 0.282209 -0.402294 1 1 1.000000
  0 -9.954926 -29.283751 0.000425 -0.539131 -0.842220 -0.001391 0.296817 -0.400422 1 1 1.000000
nuke_blu.vtf
  0 -9.954926 -29.283751 0.000425 -0.539131 -0.842220 -0.001391 0.296817 -0.400422 1 1 1.000000
  0 -8.392352 -30.284004 0.000230 -0.490156 -0.871634 -0.000959 0.282209 -0.402294 1 1 1.000000
  0 -7.268582 -30.284073 4.194388 -0.424596 -0.871591 0.245046 0.277286 -0.435592 1 1 1.000000
nuke_blu.vtf
  0 -7.268582 -30.284073 4.194388 -0.424596 -0.871591 0.245046 0.277286 -0.435592 1 1 1.000000
  0 -8.392352 -30.284004 0.000230 -0.490156 -0.871634 -0.000959 0.282209 -0.402294 1 1 1.000000
  0 -6.381953 -31.217876 0.000160 -0.393661 -0.919256 0.000230 0.265394 -0.404331 1 1 1.000000
nuke_blu.vtf
  0 -7.268582 -30.284073 4.194388 -0.424596 -0.871591 0.245046 0.277286 -0.435592 1 1 1.000000
  0 -6.381953 -31.217876 0.000160 -0.393661 -0.919256 0.000230 0.265394 -0.404331 1 1 1.000000
  0 -5.527252 -31.221344 3.190008 -0.342212 -0.918904 0.196229 0.261805 -0.428858 1 1 1.000000
nuke_blu.vtf
  0 -6.381953 -31.217876 0.000160 -0.393661 -0.919256 0.000230 0.265394 -0.404331 1 1 1.000000
  0 -3.980238 -31.898943 2.297466 -0.264999 -0.952373 0.150866 0.248818 -0.423250 1 1 1.000000
  0 -5.527252 -31.221344 3.190008 -0.342212 -0.918904 0.196229 0.261805 -0.428858 1 1 1.000000
nuke_blu.vtf
  0 -3.192181 -31.230801 5.525110 -0.200611 -0.918356 0.341140 0.246422 -0.448155 1 1 1.000000
  0 -5.527252 -31.221344 3.190008 -0.342212 -0.918904 0.196229 0.261805 -0.428858 1 1 1.000000
  0 -3.980238 -31.898943 2.297466 -0.264999 -0.952373 0.150866 0.248818 -0.423250 1 1 1.000000
nuke_blu.vtf
  0 -3.192181 -31.230801 5.525110 -0.200611 -0.918356 0.341140 0.246422 -0.448155 1 1 1.000000
  0 -3.980238 -31.898943 2.297466 -0.264999 -0.952373 0.150866 0.248818 -0.423250 1 1 1.000000
  0 -2.298482 -31.905792 3.979246 -0.154620 -0.952815 0.261222 0.238026 -0.436864 1 1 1.000000
nuke_blu.vtf
  0 -3.192181 -31.230801 5.525110 -0.200611 -0.918356 0.341140 0.246422 -0.448155 1 1 1.000000
  0 -2.298482 -31.905792 3.979246 -0.154620 -0.952815 0.261222 0.238026 -0.436864 1 1 1.000000
  0 -0.001376 -31.915096 4.594827 0.000017 -0.953416 0.301659 0.221919 -0.443250 1 1 1.000000
nuke_blu.vtf
  0 -0.001376 -31.915096 4.594827 0.000017 -0.953416 0.301659 0.221919 -0.443250 1 1 1.000000
  0 -2.298482 -31.905792 3.979246 -0.154620 -0.952815 0.261222 0.238026 -0.436864 1 1 1.000000
  0 -1.424708 -32.324753 2.467062 -0.095415 -0.982587 0.159435 0.230243 -0.426432 1 1 1.000000
nuke_blu.vtf
  0 -0.001376 -31.915096 4.594827 0.000017 -0.953416 0.301659 0.221919 -0.443250 1 1 1.000000
  0 -1.424708 -32.324753 2.467062 -0.095415 -0.982587 0.159435 0.230243 -0.426432 1 1 1.000000
  0 -0.000618 -32.329025 2.848720 0.000024 -0.982988 0.183669 0.220384 -0.430358 1 1 1.000000
nuke_blu.vtf
  0 -1.424708 -32.324753 2.467062 -0.095415 -0.982587 0.159435 0.230243 -0.426432 1 1 1.000000
  0 0.000011 -32.666553 -0.000002 0.000028 -1.000000 0.000001 0.217957 -0.410003 1 1 1.000000
  0 -0.000618 -32.329025 2.848720 0.000024 -0.982988 0.183669 0.220384 -0.430358 1 1 1.000000
nuke_blu.vtf
  0 1.423705 -32.324699 2.467082 0.095467 -0.982573 0.159488 0.209881 -0.428851 1 1 1.000000
  0 -0.000618 -32.329025 2.848720 0.000024 -0.982988 0.183669 0.220384 -0.430358 1 1 1.000000
  0 0.000011 -32.666553 -0.000002 0.000028 -1.000000 0.000001 0.217957 -0.410003 1 1 1.000000
nuke_blu.vtf
  0 1.423705 -32.324699 2.467082 0.095467 -0.982573 0.159488 0.209881 -0.428851 1 1 1.000000
  0 0.000011 -32.666553 -0.000002 0.000028 -1.000000 0.000001 0.217957 -0.410003 1 1 1.000000
  0 2.466378 -32.321598 1.424394 0.163119 -0.982261 0.092493 0.201527 -0.422296 1 1 1.000000
nuke_blu.vtf
  0 3.977714 -31.898926 2.297509 0.265273 -0.952273 0.151019 0.191108 -0.430117 1 1 1.000000
  0 1.423705 -32.324699 2.467082 0.095467 -0.982573 0.159488 0.209881 -0.428851 1 1 1.000000
  0 2.466378 -32.321598 1.424394 0.163119 -0.982261 0.092493 0.201527 -0.422296 1 1 1.000000
nuke_blu.vtf
  0 3.977714 -31.898926 2.297509 0.265273 -0.952273 0.151019 0.191108 -0.430117 1 1 1.000000
  0 2.466378 -32.321598 1.424394 0.163119 -0.982261 0.092493 0.201527 -0.422296 1 1 1.000000
  0 2.848024 -32.320465 0.000074 0.188067 -0.982156 -0.000069 0.197571 -0.412432 1 1 1.000000
nuke_blu.vtf
  0 3.977714 -31.898926 2.297509 0.265273 -0.952273 0.151019 0.191108 -0.430117 1 1 1.000000
  0 2.848024 -32.320465 0.000074 0.188067 -0.982156 -0.000069 0.197571 -0.412432 1 1 1.000000
  0 4.593295 -31.896420 0.000147 0.305845 -0.952082 -0.000010 0.184612 -0.413982 1 1 1.000000
nuke_blu.vtf
  0 4.593295 -31.896420 0.000147 0.305845 -0.952082 -0.000010 0.184612 -0.413982 1 1 1.000000
  0 2.848024 -32.320465 0.000074 0.188067 -0.982156 -0.000069 0.197571 -0.412432 1 1 1.000000
  0 2.466392 -32.321575 -1.424258 0.163187 -0.982255 -0.092438 0.199094 -0.401911 1 1 1.000000
nuke_blu.vtf
  0 3.977714 -31.898926 2.297509 0.265273 -0.952273 0.151019 0.191108 -0.430117 1 1 1.000000
  0 2.295944 -31.905775 3.979278 0.154734 -0.952764 0.261339 0.204774 -0.440804 1 1 1.000000
  0 1.423705 -32.324699 2.467082 0.095467 -0.982573 0.159488 0.209881 -0.428851 1 1 1.000000
nuke_blu.vtf
  0 -0.001376 -31.915096 4.594827 0.000017 -0.953416 0.301659 0.221919 -0.443250 1 1 1.000000
  0 1.423705 -32.324699 2.467082 0.095467 -0.982573 0.159488 0.209881 -0.428851 1 1 1.000000
  0 2.295944 -31.905775 3.979278 0.154734 -0.952764 0.261339 0.204774 -0.440804 1 1 1.000000
nuke_blu.vtf
  0 -0.001376 -31.915096 4.594827 0.000017 -0.953416 0.301659 0.221919 -0.443250 1 1 1.000000
  0 -0.000618 -32.329025 2.848720 0.000024 -0.982988 0.183669 0.220384 -0.430358 1 1 1.000000
  0 1.423705 -32.324699 2.467082 0.095467 -0.982573 0.159488 0.209881 -0.428851 1 1 1.000000
nuke_blu.vtf
  0 -9.954926 -29.283751 0.000425 -0.057127 -0.998250 0.015283 0.296817 -0.400422 1 1 1.000000
  0 -8.622047 -29.283869 4.974936 -0.057127 -0.998250 0.015283 0.290612 -0.441516 1 1 1.000000
  0 -9.616075 -29.263718 2.575486 -0.057127 -0.998250 0.015283 0.296663 -0.421522 1 1 1.000000
nuke_blu.vtf
  0 -9.954926 -29.283751 0.000425 -0.539131 -0.842220 -0.001391 0.296817 -0.400422 1 1 1.000000
  0 -7.268582 -30.284073 4.194388 -0.424596 -0.871591 0.245046 0.277286 -0.435592 1 1 1.000000
  0 -8.622047 -29.283869 4.974936 -0.466936 -0.842208 0.269550 0.290612 -0.441516 1 1 1.000000
nuke_blu.vtf
  0 -8.622047 -29.283869 4.974936 -0.466936 -0.842208 0.269550 0.290612 -0.441516 1 1 1.000000
  0 -7.268582 -30.284073 4.194388 -0.424596 -0.871591 0.245046 0.277286 -0.435592 1 1 1.000000
  0 -4.198198 -30.283970 7.264761 -0.247591 -0.870793 0.424758 0.256398 -0.461643 1 1 1.000000
nuke_blu.vtf
  0 -4.198198 -30.283970 7.264761 -0.247591 -0.870793 0.424758 0.256398 -0.461643 1 1 1.000000
  0 -7.268582 -30.284073 4.194388 -0.424596 -0.871591 0.245046 0.277286 -0.435592 1 1 1.000000
  0 -5.527252 -31.221344 3.190008 -0.342212 -0.918904 0.196229 0.261805 -0.428858 1 1 1.000000
nuke_blu.vtf
  0 -4.198198 -30.283970 7.264761 -0.247591 -0.870793 0.424758 0.256398 -0.461643 1 1 1.000000
  0 -5.527252 -31.221344 3.190008 -0.342212 -0.918904 0.196229 0.261805 -0.428858 1 1 1.000000
  0 -3.192181 -31.230801 5.525110 -0.200611 -0.918356 0.341140 0.246422 -0.448155 1 1 1.000000
nuke_blu.vtf
  0 -4.198198 -30.283970 7.264761 -0.247591 -0.870793 0.424758 0.256398 -0.461643 1 1 1.000000
  0 -3.192181 -31.230801 5.525110 -0.200611 -0.918356 0.341140 0.246422 -0.448155 1 1 1.000000
  0 -0.002599 -31.243780 6.379881 -0.000327 -0.919156 0.393894 0.223572 -0.457171 1 1 1.000000
nuke_blu.vtf
  0 -3.192181 -31.230801 5.525110 -0.200611 -0.918356 0.341140 0.246422 -0.448155 1 1 1.000000
  0 -0.001376 -31.915096 4.594827 0.000017 -0.953416 0.301659 0.221919 -0.443250 1 1 1.000000
  0 -0.002599 -31.243780 6.379881 -0.000327 -0.919156 0.393894 0.223572 -0.457171 1 1 1.000000
nuke_blu.vtf
  0 -0.002599 -31.243780 6.379881 -0.000327 -0.919156 0.393894 0.223572 -0.457171 1 1 1.000000
  0 -0.001376 -31.915096 4.594827 0.000017 -0.953416 0.301659 0.221919 -0.443250 1 1 1.000000
  0 2.295944 -31.905775 3.979278 0.154734 -0.952764 0.261339 0.204774 -0.440804 1 1 1.000000
nuke_blu.vtf
  0 -0.002599 -31.243780 6.379881 -0.000327 -0.919156 0.393894 0.223572 -0.457171 1 1 1.000000
  0 2.295944 -31.905775 3.979278 0.154734 -0.952764 0.261339 0.204774 -0.440804 1 1 1.000000
  0 3.187193 -31.230768 5.525166 0.200062 -0.918865 0.340092 0.199275 -0.453722 1 1 1.000000
nuke_blu.vtf
  0 3.187193 -31.230768 5.525166 0.200062 -0.918865 0.340092 0.199275 -0.453722 1 1 1.000000
  0 2.295944 -31.905775 3.979278 0.154734 -0.952764 0.261339 0.204774 -0.440804 1 1 1.000000
  0 3.977714 -31.898926 2.297509 0.265273 -0.952273 0.151019 0.191108 -0.430117 1 1 1.000000
nuke_blu.vtf
  0 3.187193 -31.230768 5.525166 0.200062 -0.918865 0.340092 0.199275 -0.453722 1 1 1.000000
  0 3.977714 -31.898926 2.297509 0.265273 -0.952273 0.151019 0.191108 -0.430117 1 1 1.000000
  0 5.522283 -31.221292 3.190100 0.344170 -0.917965 0.197196 0.179852 -0.438604 1 1 1.000000
nuke_blu.vtf
  0 5.522283 -31.221292 3.190100 0.344170 -0.917965 0.197196 0.179852 -0.438604 1 1 1.000000
  0 3.977714 -31.898926 2.297509 0.265273 -0.952273 0.151019 0.191108 -0.430117 1 1 1.000000
  0 4.593295 -31.896420 0.000147 0.305845 -0.952082 -0.000010 0.184612 -0.413982 1 1 1.000000
nuke_blu.vtf
  0 5.522283 -31.221292 3.190100 0.344170 -0.917965 0.197196 0.179852 -0.438604 1 1 1.000000
  0 4.593295 -31.896420 0.000147 0.305845 -0.952082 -0.000010 0.184612 -0.413982 1 1 1.000000
  0 6.376989 -31.217825 0.000262 0.394175 -0.919035 -0.000229 0.170558 -0.415675 1 1 1.000000
nuke_blu.vtf
  0 6.376989 -31.217825 0.000262 0.394175 -0.919035 -0.000229 0.170558 -0.415675 1 1 1.000000
  0 4.593295 -31.896420 0.000147 0.305845 -0.952082 -0.000010 0.184612 -0.413982 1 1 1.000000
  0 3.977743 -31.898993 -2.297186 0.265271 -0.952280 -0.150977 0.187114 -0.396757 1 1 1.000000
nuke_blu.vtf
  0 6.376989 -31.217825 0.000262 0.394175 -0.919035 -0.000229 0.170558 -0.415675 1 1 1.000000
  0 3.977743 -31.898993 -2.297186 0.265271 -0.952280 -0.150977 0.187114 -0.396757 1 1 1.000000
  0 5.522326 -31.221327 -3.189538 0.342634 -0.918866 -0.195672 0.174144 -0.391149 1 1 1.000000
nuke_blu.vtf
  0 5.522326 -31.221327 -3.189538 0.342634 -0.918866 -0.195672 0.174144 -0.391149 1 1 1.000000
  0 3.977743 -31.898993 -2.297186 0.265271 -0.952280 -0.150977 0.187114 -0.396757 1 1 1.000000
  0 2.296007 -31.905844 -3.978976 0.154640 -0.952786 -0.261314 0.197905 -0.383143 1 1 1.000000
nuke_blu.vtf
  0 5.522326 -31.221327 -3.189538 0.342634 -0.918866 -0.195672 0.174144 -0.391149 1 1 1.000000
  0 2.296007 -31.905844 -3.978976 0.154640 -0.952786 -0.261314 0.197905 -0.383143 1 1 1.000000
  0 3.187264 -31.230837 -5.524664 0.200076 -0.918413 -0.341302 0.189524 -0.371852 1 1 1.000000
nuke_blu.vtf
  0 3.187264 -31.230837 -5.524664 0.200076 -0.918413 -0.341302 0.189524 -0.371852 1 1 1.000000
  0 2.296007 -31.905844 -3.978976 0.154640 -0.952786 -0.261314 0.197905 -0.383143 1 1 1.000000
  0 -0.001312 -31.915165 -4.594582 0.000099 -0.953434 -0.301603 0.214012 -0.376755 1 1 1.000000
nuke_blu.vtf
  0 -17.532204 27.561060 18.448927 0.000854 -1.000000 0.000015 0.597743 -0.206535 1 1 1.000000
  0 -19.076178 27.559721 19.114443 0.000816 -1.000000 -0.000042 0.594118 -0.215136 1 1 1.000000
  0 -17.780151 27.560837 17.718973 0.000804 -1.000000 -0.000032 0.601659 -0.208195 1 1 1.000000
nuke_blu.vtf
  0 -17.532204 27.561060 18.448927 0.000854 -1.000000 0.000015 0.597743 -0.206535 1 1 1.000000
  0 -17.780151 27.560837 17.718973 0.000804 -1.000000 -0.000032 0.601659 -0.208195 1 1 1.000000
  0 17.647802 27.590551 17.719217 0.000884 -1.000000 -0.000069 0.601659 -0.010763 1 1 1.000000
nuke_blu.vtf
  0 17.647802 27.590551 17.719217 0.000884 -1.000000 -0.000069 0.601659 -0.010763 1 1 1.000000
  0 17.399881 27.590311 18.449184 0.000835 -1.000000 -0.000046 0.597743 -0.011845 1 1 1.000000
  0 -17.532204 27.561060 18.448927 0.000854 -1.000000 0.000015 0.597743 -0.206535 1 1 1.000000
nuke_blu.vtf
  0 17.647802 27.590551 17.719217 0.000884 -1.000000 -0.000069 0.601659 -0.010763 1 1 1.000000
  0 18.943911 27.591564 19.114681 0.000879 -1.000000 -0.000090 0.595285 -0.003236 1 1 1.000000
  0 17.399881 27.590311 18.449184 0.000835 -1.000000 -0.000046 0.597743 -0.011845 1 1 1.000000
nuke_blu.vtf
  0 18.400867 27.591255 17.688602 0.000930 -1.000000 -0.000105 0.992797 -0.009394 1 1 1.000000
  0 18.943911 27.591564 19.114681 0.000879 -1.000000 -0.000090 0.995709 -0.001430 1 1 1.000000
  0 17.647802 27.590551 17.719217 0.000884 -1.000000 -0.000069 0.988748 -0.010763 1 1 1.000000
nuke_blu.vtf
  0 18.400867 27.591255 17.688602 0.000930 -1.000000 -0.000105 0.992797 -0.009394 1 1 1.000000
  0 17.647802 27.590551 17.719217 0.000884 -1.000000 -0.000069 0.988748 -0.010763 1 1 1.000000
  0 17.648008 27.592920 -17.708527 0.000841 -1.000000 -0.000111 0.988748 -0.208195 1 1 1.000000
nuke_blu.vtf
  0 17.648008 27.592920 -17.708527 0.000841 -1.000000 -0.000111 0.988748 -0.208195 1 1 1.000000
  0 18.401211 27.593573 -17.677855 0.000869 -1.000000 -0.000066 0.992797 -0.206510 1 1 1.000000
  0 18.400867 27.591255 17.688602 0.000930 -1.000000 -0.000105 0.992797 -0.009394 1 1 1.000000
nuke_blu.vtf
  0 17.648008 27.592920 -17.708527 0.000841 -1.000000 -0.000111 0.988748 -0.208195 1 1 1.000000
  0 18.944120 27.594139 -19.103987 0.000823 -1.000000 -0.000109 0.995882 -0.214443 1 1 1.000000
  0 18.401211 27.593573 -17.677855 0.000869 -1.000000 -0.000066 0.992797 -0.206510 1 1 1.000000
nuke_blu.vtf
  0 17.647802 27.590551 17.719217 -1.000000 -0.000839 -0.000007 0.988748 -0.010763 1 1 1.000000
  0 17.635303 42.801025 -17.707542 -1.000000 -0.000837 -0.000006 0.905003 -0.208195 1 1 1.000000
  0 17.648008 27.592920 -17.708527 -1.000000 -0.000835 -0.000006 0.988748 -0.208195 1 1 1.000000
nuke_blu.vtf
  0 17.647802 27.590551 17.719217 -1.000000 -0.000839 -0.000007 0.988748 -0.010763 1 1 1.000000
  0 17.635031 42.798626 17.720222 -1.000000 -0.000840 -0.000008 0.905003 -0.010763 1 1 1.000000
  0 17.635303 42.801025 -17.707542 -1.000000 -0.000837 -0.000006 0.905003 -0.208195 1 1 1.000000
nuke_blu.vtf
  0 18.943911 27.591564 19.114681 0.934538 0.000802 -0.355862 0.696933 -0.220524 1 1 1.000000
  0 18.388182 42.799316 17.689547 0.934562 0.000809 -0.355800 0.790499 -0.230994 1 1 1.000000
  0 18.931120 42.799625 19.115681 0.934564 0.000809 -0.355795 0.790499 -0.220524 1 1 1.000000
nuke_blu.vtf
  0 18.943911 27.591564 19.114681 0.934538 0.000802 -0.355862 0.696933 -0.220524 1 1 1.000000
  0 18.400867 27.591255 17.688602 0.934536 0.000802 -0.355867 0.696933 -0.230994 1 1 1.000000
  0 18.388182 42.799316 17.689547 0.934562 0.000809 -0.355800 0.790499 -0.230994 1 1 1.000000
nuke_blu.vtf
  0 17.400112 27.592834 -18.438496 0.000812 -1.000000 -0.000158 0.890263 -0.011626 1 1 1.000000
  0 18.944120 27.594139 -19.103987 0.000823 -1.000000 -0.000109 0.893768 -0.003015 1 1 1.000000
  0 17.648008 27.592920 -17.708527 0.000841 -1.000000 -0.000111 0.886346 -0.010763 1 1 1.000000
nuke_blu.vtf
  0 17.400112 27.592834 -18.438496 0.000812 -1.000000 -0.000158 0.890263 -0.011626 1 1 1.000000
  0 17.648008 27.592920 -17.708527 0.000841 -1.000000 -0.000111 0.886346 -0.010763 1 1 1.000000
  0 -17.779808 27.563223 -17.708897 0.000797 -1.000000 -0.000050 0.886346 -0.208195 1 1 1.000000
nuke_blu.vtf
  0 -17.779808 27.563223 -17.708897 0.000797 -1.000000 -0.000050 0.886346 -0.208195 1 1 1.000000
  0 -17.531929 27.563480 -18.438736 0.000845 -1.000000 -0.000066 0.890263 -0.205528 1 1 1.000000
  0 17.400112 27.592834 -18.438496 0.000812 -1.000000 -0.000158 0.890263 -0.011626 1 1 1.000000
nuke_blu.vtf
  0 -17.779808 27.563223 -17.708897 0.000797 -1.000000 -0.000050 0.886346 -0.208195 1 1 1.000000
  0 -19.075903 27.562210 -19.104288 0.000804 -1.000000 -0.000021 0.895200 -0.214058 1 1 1.000000
  0 -17.531929 27.563480 -18.438736 0.000845 -1.000000 -0.000066 0.890263 -0.205528 1 1 1.000000
nuke_blu.vtf
  0 18.931347 42.802227 -19.102980 0.934567 0.000762 0.355787 0.790499 -0.459570 1 1 1.000000
  0 18.401211 27.593573 -17.677855 0.934570 0.000761 0.355780 0.696933 -0.450067 1 1 1.000000
  0 18.944120 27.594139 -19.103987 0.934570 0.000761 0.355779 0.696933 -0.459570 1 1 1.000000
nuke_blu.vtf
  0 18.931347 42.802227 -19.102980 0.934567 0.000762 0.355787 0.790499 -0.459570 1 1 1.000000
  0 18.388439 42.801750 -17.676895 0.934566 0.000762 0.355788 0.790499 -0.450067 1 1 1.000000
  0 18.401211 27.593573 -17.677855 0.934570 0.000761 0.355780 0.696933 -0.450067 1 1 1.000000
nuke_blu.vtf
  0 -18.532961 27.562656 -17.678141 0.000751 -1.000000 -0.000017 0.698184 -0.207151 1 1 1.000000
  0 -19.075903 27.562210 -19.104288 0.000804 -1.000000 -0.000021 0.696068 -0.215089 1 1 1.000000
  0 -17.779808 27.563223 -17.708897 0.000797 -1.000000 -0.000050 0.702215 -0.208195 1 1 1.000000
nuke_blu.vtf
  0 -18.532961 27.562656 -17.678141 0.000751 -1.000000 -0.000017 0.698184 -0.207151 1 1 1.000000
  0 -17.779808 27.563223 -17.708897 0.000797 -1.000000 -0.000050 0.702215 -0.208195 1 1 1.000000
  0 -17.780151 27.560837 17.718973 0.000804 -1.000000 -0.000032 0.702215 -0.010763 1 1 1.000000
nuke_blu.vtf
  0 -17.780151 27.560837 17.718973 0.000804 -1.000000 -0.000032 0.702215 -0.010763 1 1 1.000000
  0 -18.533218 27.560270 17.688311 0.000756 -1.000000 -0.000084 0.698184 -0.010837 1 1 1.000000
  0 -18.532961 27.562656 -17.678141 0.000751 -1.000000 -0.000017 0.698184 -0.207151 1 1 1.000000
nuke_blu.vtf
  0 -17.780151 27.560837 17.718973 0.000804 -1.000000 -0.000032 0.702215 -0.010763 1 1 1.000000
  0 -19.076178 27.559721 19.114443 0.000816 -1.000000 -0.000042 0.695246 -0.002945 1 1 1.000000
  0 -18.533218 27.560270 17.688311 0.000756 -1.000000 -0.000084 0.698184 -0.010837 1 1 1.000000
nuke_blu.vtf
  0 -17.531929 27.563480 -18.438736 0.395850 0.000394 -0.918315 0.995207 -0.230994 1 1 1.000000
  0 -19.088675 42.770401 -19.103271 0.395829 0.000391 -0.918324 0.901639 -0.220524 1 1 1.000000
  0 -17.544683 42.771618 -18.437761 0.395828 0.000391 -0.918325 0.901639 -0.230994 1 1 1.000000
nuke_blu.vtf
  0 -17.531929 27.563480 -18.438736 0.395850 0.000394 -0.918315 0.995207 -0.230994 1 1 1.000000
  0 -19.075903 27.562210 -19.104288 0.395852 0.000394 -0.918314 0.995207 -0.220524 1 1 1.000000
  0 -19.088675 42.770401 -19.103271 0.395829 0.000391 -0.918324 0.901639 -0.220524 1 1 1.000000
nuke_blu.vtf
  0 17.648008 27.592920 -17.708527 -0.000010 -0.000065 1.000000 0.886346 -0.010763 1 1 1.000000
  0 -17.792580 42.771328 -17.707886 -0.000010 -0.000066 1.000000 0.802607 -0.208195 1 1 1.000000
  0 -17.779808 27.563223 -17.708897 -0.000010 -0.000066 1.000000 0.886346 -0.208195 1 1 1.000000
nuke_blu.vtf
  0 17.648008 27.592920 -17.708527 -0.000010 -0.000065 1.000000 0.886346 -0.010763 1 1 1.000000
  0 17.635303 42.801025 -17.707542 -0.000010 -0.000065 1.000000 0.802607 -0.010763 1 1 1.000000
  0 -17.792580 42.771328 -17.707886 -0.000010 -0.000066 1.000000 0.802607 -0.208195 1 1 1.000000
nuke_blu.vtf
  0 -17.792828 42.768929 17.719938 1.000000 0.000835 0.000009 0.785957 -0.010763 1 1 1.000000
  0 -17.779808 27.563223 -17.708897 1.000000 0.000838 0.000008 0.702215 -0.208195 1 1 1.000000
  0 -17.792580 42.771328 -17.707886 1.000000 0.000840 0.000007 0.785957 -0.208195 1 1 1.000000
nuke_blu.vtf
  0 -17.792828 42.768929 17.719938 1.000000 0.000835 0.000009 0.785957 -0.010763 1 1 1.000000
  0 -17.780151 27.560837 17.718973 1.000000 0.000834 0.000010 0.702215 -0.010763 1 1 1.000000
  0 -17.779808 27.563223 -17.708897 1.000000 0.000838 0.000008 0.702215 -0.208195 1 1 1.000000
nuke_blu.vtf
  0 -17.544992 42.769165 18.449923 0.395813 0.000275 0.918331 0.799714 -0.450067 1 1 1.000000
  0 -19.076178 27.559721 19.114443 0.395832 0.000273 0.918323 0.893280 -0.459570 1 1 1.000000
  0 -17.532204 27.561060 18.448927 0.395834 0.000273 0.918322 0.893280 -0.450067 1 1 1.000000
nuke_blu.vtf
  0 -17.544992 42.769165 18.449923 0.395813 0.000275 0.918331 0.799714 -0.450067 1 1 1.000000
  0 -19.088949 42.767826 19.115387 0.395812 0.000275 0.918332 0.799714 -0.459570 1 1 1.000000
  0 -19.076178 27.559721 19.114443 0.395832 0.000273 0.918323 0.893280 -0.459570 1 1 1.000000
nuke_blu.vtf
  0 -18.545984 42.768318 17.689314 -0.000813 1.000000 0.000050 0.789989 -0.010576 1 1 1.000000
  0 -19.088949 42.767826 19.115387 -0.000847 1.000000 0.000003 0.792864 -0.002648 1 1 1.000000
  0 -17.792828 42.768929 17.719938 -0.000835 1.000000 0.000012 0.785957 -0.010763 1 1 1.000000
nuke_blu.vtf
  0 -18.545984 42.768318 17.689314 -0.000813 1.000000 0.000050 0.789989 -0.010576 1 1 1.000000
  0 -17.792828 42.768929 17.719938 -0.000835 1.000000 0.000012 0.785957 -0.010763 1 1 1.000000
  0 -17.792580 42.771328 -17.707886 -0.000804 1.000000 0.000087 0.785957 -0.208195 1 1 1.000000
nuke_blu.vtf
  0 -17.792580 42.771328 -17.707886 -0.000804 1.000000 0.000087 0.785957 -0.208195 1 1 1.000000
  0 -18.545710 42.770744 -17.677164 -0.000772 1.000000 0.000060 0.789989 -0.206890 1 1 1.000000
  0 -18.545984 42.768318 17.689314 -0.000813 1.000000 0.000050 0.789989 -0.010576 1 1 1.000000
nuke_blu.vtf
  0 -17.792580 42.771328 -17.707886 -0.000804 1.000000 0.000087 0.785957 -0.208195 1 1 1.000000
  0 -19.088675 42.770401 -19.103271 -0.000805 1.000000 0.000084 0.793686 -0.214793 1 1 1.000000
  0 -18.545710 42.770744 -17.677164 -0.000772 1.000000 0.000060 0.789989 -0.206890 1 1 1.000000
nuke_blu.vtf
  0 17.387098 42.798416 18.450132 -0.000816 1.000000 0.000009 0.689335 -0.012143 1 1 1.000000
  0 18.931120 42.799625 19.115681 -0.000848 1.000000 0.000072 0.694031 -0.003556 1 1 1.000000
  0 17.635031 42.798626 17.720222 -0.000865 1.000000 0.000051 0.685404 -0.010763 1 1 1.000000
nuke_blu.vtf
  0 17.387098 42.798416 18.450132 -0.000816 1.000000 0.000009 0.689335 -0.012143 1 1 1.000000
  0 17.635031 42.798626 17.720222 -0.000865 1.000000 0.000051 0.685404 -0.010763 1 1 1.000000
  0 -17.792828 42.768929 17.719938 -0.000835 1.000000 0.000012 0.685404 -0.208195 1 1 1.000000
nuke_blu.vtf
  0 -17.792828 42.768929 17.719938 -0.000835 1.000000 0.000012 0.685404 -0.208195 1 1 1.000000
  0 -17.544992 42.769165 18.449923 -0.000857 1.000000 -0.000034 0.689335 -0.206833 1 1 1.000000
  0 17.387098 42.798416 18.450132 -0.000816 1.000000 0.000009 0.689335 -0.012143 1 1 1.000000
nuke_blu.vtf
  0 -17.792828 42.768929 17.719938 -0.000835 1.000000 0.000012 0.685404 -0.208195 1 1 1.000000
  0 -19.088949 42.767826 19.115387 -0.000847 1.000000 0.000003 0.692864 -0.215456 1 1 1.000000
  0 -17.544992 42.769165 18.449923 -0.000857 1.000000 -0.000034 0.689335 -0.206833 1 1 1.000000
nuke_blu.vtf
  0 -17.544683 42.771618 -18.437761 -0.000837 1.000000 0.000111 0.798709 -0.206069 1 1 1.000000
  0 -19.088675 42.770401 -19.103271 -0.000805 1.000000 0.000084 0.796521 -0.214667 1 1 1.000000
  0 -17.792580 42.771328 -17.707886 -0.000804 1.000000 0.000087 0.802607 -0.208195 1 1 1.000000
nuke_blu.vtf
  0 -17.544683 42.771618 -18.437761 -0.000837 1.000000 0.000111 0.798709 -0.206069 1 1 1.000000
  0 -17.792580 42.771328 -17.707886 -0.000804 1.000000 0.000087 0.802607 -0.208195 1 1 1.000000
  0 17.635303 42.801025 -17.707542 -0.000904 1.000000 0.000051 0.802607 -0.010763 1 1 1.000000
nuke_blu.vtf
  0 17.635303 42.801025 -17.707542 -0.000904 1.000000 0.000051 0.802607 -0.010763 1 1 1.000000
  0 17.387413 42.800869 -18.437517 -0.000843 1.000000 0.000070 0.798709 -0.012167 1 1 1.000000
  0 -17.544683 42.771618 -18.437761 -0.000837 1.000000 0.000111 0.798709 -0.206069 1 1 1.000000
nuke_blu.vtf
  0 17.635303 42.801025 -17.707542 -0.000904 1.000000 0.000051 0.802607 -0.010763 1 1 1.000000
  0 18.931347 42.802227 -19.102980 -0.000903 1.000000 0.000023 0.795089 -0.003623 1 1 1.000000
  0 17.387413 42.800869 -18.437517 -0.000843 1.000000 0.000070 0.798709 -0.012167 1 1 1.000000
nuke_blu.vtf
  0 18.388439 42.801750 -17.676895 -0.000962 1.000000 0.000014 0.900956 -0.206786 1 1 1.000000
  0 18.931347 42.802227 -19.102980 -0.000903 1.000000 0.000023 0.898204 -0.214738 1 1 1.000000
  0 17.635303 42.801025 -17.707542 -0.000904 1.000000 0.000051 0.905003 -0.208195 1 1 1.000000
nuke_blu.vtf
  0 18.388439 42.801750 -17.676895 -0.000962 1.000000 0.000014 0.900956 -0.206786 1 1 1.000000
  0 17.635303 42.801025 -17.707542 -0.000904 1.000000 0.000051 0.905003 -0.208195 1 1 1.000000
  0 17.635031 42.798626 17.720222 -0.000865 1.000000 0.000051 0.905003 -0.010763 1 1 1.000000
nuke_blu.vtf
  0 17.635031 42.798626 17.720222 -0.000865 1.000000 0.000051 0.905003 -0.010763 1 1 1.000000
  0 18.388182 42.799316 17.689547 -0.000912 1.000000 0.000102 0.900956 -0.009671 1 1 1.000000
  0 18.388439 42.801750 -17.676895 -0.000962 1.000000 0.000014 0.900956 -0.206786 1 1 1.000000
nuke_blu.vtf
  0 17.635031 42.798626 17.720222 -0.000865 1.000000 0.000051 0.905003 -0.010763 1 1 1.000000
  0 18.931120 42.799625 19.115681 -0.000848 1.000000 0.000072 0.898031 -0.001726 1 1 1.000000
  0 18.388182 42.799316 17.689547 -0.000912 1.000000 0.000102 0.900956 -0.009671 1 1 1.000000
nuke_blu.vtf
  0 18.944120 27.594139 -19.103987 -0.395814 -0.000271 -0.918331 0.995207 -0.459570 1 1 1.000000
  0 17.387413 42.800869 -18.437517 -0.395816 -0.000272 -0.918330 0.901639 -0.450067 1 1 1.000000
  0 18.931347 42.802227 -19.102980 -0.395816 -0.000272 -0.918330 0.901639 -0.459570 1 1 1.000000
nuke_blu.vtf
  0 18.944120 27.594139 -19.103987 -0.395814 -0.000271 -0.918331 0.995207 -0.459570 1 1 1.000000
  0 17.400112 27.592834 -18.438496 -0.395814 -0.000271 -0.918331 0.995207 -0.450067 1 1 1.000000
  0 17.387413 42.800869 -18.437517 -0.395816 -0.000272 -0.918330 0.901639 -0.450067 1 1 1.000000
nuke_blu.vtf
  0 18.931120 42.799625 19.115681 -0.395838 -0.000390 0.918320 0.799714 -0.220524 1 1 1.000000
  0 17.399881 27.590311 18.449184 -0.395815 -0.000393 0.918330 0.893280 -0.230994 1 1 1.000000
  0 18.943911 27.591564 19.114681 -0.395813 -0.000393 0.918331 0.893280 -0.220524 1 1 1.000000
nuke_blu.vtf
  0 18.931120 42.799625 19.115681 -0.395838 -0.000390 0.918320 0.799714 -0.220524 1 1 1.000000
  0 17.387098 42.798416 18.450132 -0.395840 -0.000390 0.918319 0.799714 -0.230994 1 1 1.000000
  0 17.399881 27.590311 18.449184 -0.395815 -0.000393 0.918330 0.893280 -0.230994 1 1 1.000000
nuke_blu.vtf
  0 17.635031 42.798626 17.720222 0.000007 0.000065 -1.000000 0.685404 -0.010763 1 1 1.000000
  0 -17.780151 27.560837 17.718973 0.000008 0.000064 -1.000000 0.601659 -0.208195 1 1 1.000000
  0 -17.792828 42.768929 17.719938 0.000008 0.000063 -1.000000 0.685404 -0.208195 1 1 1.000000
nuke_blu.vtf
  0 17.635031 42.798626 17.720222 0.000007 0.000065 -1.000000 0.685404 -0.010763 1 1 1.000000
  0 17.647802 27.590551 17.719217 0.000007 0.000066 -1.000000 0.601659 -0.010763 1 1 1.000000
  0 -17.780151 27.560837 17.718973 0.000008 0.000064 -1.000000 0.601659 -0.208195 1 1 1.000000
nuke_blu.vtf
  0 -17.544992 42.769165 18.449923 -0.000007 -0.000065 1.000000 0.799714 -0.450067 1 1 1.000000
  0 17.399881 27.590311 18.449184 -0.000006 -0.000063 1.000000 0.893280 -0.230994 1 1 1.000000
  0 17.387098 42.798416 18.450132 -0.000006 -0.000062 1.000000 0.799714 -0.230994 1 1 1.000000
nuke_blu.vtf
  0 -17.544992 42.769165 18.449923 -0.000007 -0.000065 1.000000 0.799714 -0.450067 1 1 1.000000
  0 -17.532204 27.561060 18.448927 -0.000007 -0.000065 1.000000 0.893280 -0.450067 1 1 1.000000
  0 17.399881 27.590311 18.449184 -0.000006 -0.000063 1.000000 0.893280 -0.230994 1 1 1.000000
nuke_blu.vtf
  0 -17.531929 27.563480 -18.438736 0.000007 0.000064 -1.000000 0.995207 -0.230994 1 1 1.000000
  0 17.387413 42.800869 -18.437517 0.000007 0.000064 -1.000000 0.901639 -0.450067 1 1 1.000000
  0 17.400112 27.592834 -18.438496 0.000007 0.000064 -1.000000 0.995207 -0.450067 1 1 1.000000
nuke_blu.vtf
  0 -17.531929 27.563480 -18.438736 0.000007 0.000064 -1.000000 0.995207 -0.230994 1 1 1.000000
  0 -17.544683 42.771618 -18.437761 0.000007 0.000064 -1.000000 0.901639 -0.230994 1 1 1.000000
  0 17.387413 42.800869 -18.437517 0.000007 0.000064 -1.000000 0.901639 -0.450067 1 1 1.000000
nuke_blu.vtf
  0 -18.532961 27.562656 -17.678141 -1.000000 -0.000839 -0.000008 0.688391 -0.450067 1 1 1.000000
  0 -18.545984 42.768318 17.689314 -1.000000 -0.000839 -0.000007 0.594822 -0.230994 1 1 1.000000
  0 -18.545710 42.770744 -17.677164 -1.000000 -0.000838 -0.000008 0.594822 -0.450067 1 1 1.000000
nuke_blu.vtf
  0 -18.532961 27.562656 -17.678141 -1.000000 -0.000839 -0.000008 0.688391 -0.450067 1 1 1.000000
  0 -18.533218 27.560270 17.688311 -1.000000 -0.000839 -0.000007 0.688391 -0.230994 1 1 1.000000
  0 -18.545984 42.768318 17.689314 -1.000000 -0.000839 -0.000007 0.594822 -0.230994 1 1 1.000000
nuke_blu.vtf
  0 18.401211 27.593573 -17.677855 1.000000 0.000838 0.000008 0.696933 -0.450067 1 1 1.000000
  0 18.388182 42.799316 17.689547 1.000000 0.000836 0.000009 0.790499 -0.230994 1 1 1.000000
  0 18.400867 27.591255 17.688602 1.000000 0.000834 0.000010 0.696933 -0.230994 1 1 1.000000
nuke_blu.vtf
  0 18.401211 27.593573 -17.677855 1.000000 0.000838 0.000008 0.696933 -0.450067 1 1 1.000000
  0 18.388439 42.801750 -17.676895 1.000000 0.000840 0.000007 0.790499 -0.450067 1 1 1.000000
  0 18.388182 42.799316 17.689547 1.000000 0.000836 0.000009 0.790499 -0.230994 1 1 1.000000
nuke_blu.vtf
  0 -18.533218 27.560270 17.688311 -0.934559 -0.000763 -0.355808 0.688391 -0.230994 1 1 1.000000
  0 -19.088949 42.767826 19.115387 -0.934553 -0.000761 -0.355822 0.594822 -0.220524 1 1 1.000000
  0 -18.545984 42.768318 17.689314 -0.934553 -0.000761 -0.355823 0.594822 -0.230994 1 1 1.000000
nuke_blu.vtf
  0 -18.533218 27.560270 17.688311 -0.934559 -0.000763 -0.355808 0.688391 -0.230994 1 1 1.000000
  0 -19.076178 27.559721 19.114443 -0.934559 -0.000763 -0.355806 0.688391 -0.220524 1 1 1.000000
  0 -19.088949 42.767826 19.115387 -0.934553 -0.000761 -0.355822 0.594822 -0.220524 1 1 1.000000
nuke_blu.vtf
  0 -18.545710 42.770744 -17.677164 -0.934556 -0.000808 0.355814 0.594822 -0.450067 1 1 1.000000
  0 -19.075903 27.562210 -19.104288 -0.934563 -0.000806 0.355796 0.688391 -0.459570 1 1 1.000000
  0 -18.532961 27.562656 -17.678141 -0.934564 -0.000806 0.355794 0.688391 -0.450067 1 1 1.000000
nuke_blu.vtf
  0 -18.545710 42.770744 -17.677164 -0.934556 -0.000808 0.355814 0.594822 -0.450067 1 1 1.000000
  0 -19.088675 42.770401 -19.103271 -0.934556 -0.000809 0.355816 0.594822 -0.459570 1 1 1.000000
  0 -19.075903 27.562210 -19.104288 -0.934563 -0.000806 0.355796 0.688391 -0.459570 1 1 1.000000
nuke_blu.vtf
  0 -1.897086 34.269638 -6.806481 -0.001168 0.999999 0.000884 0.082493 -0.441613 1 1 1.000000
  0 -6.190156 34.254814 3.539824 -0.002100 0.999998 0.000562 0.118564 -0.354149 1 1 1.000000
  0 -5.065281 34.258575 5.000987 -0.003365 0.999994 0.000034 0.109002 -0.341863 1 1 1.000000
nuke_blu.vtf
  0 -1.897086 34.269638 -6.806481 -0.001168 0.999999 0.000884 0.082493 -0.441613 1 1 1.000000
  0 -6.893651 34.259129 1.832349 0.003688 0.999988 0.003350 0.124603 -0.368549 1 1 1.000000
  0 -6.190156 34.254814 3.539824 -0.002100 0.999998 0.000562 0.118564 -0.354149 1 1 1.000000
nuke_blu.vtf
  0 -1.897086 34.269638 -6.806481 -0.001168 0.999999 0.000884 0.082493 -0.441613 1 1 1.000000
  0 -7.067174 34.267979 0.923144 0.008809 0.999943 0.006107 0.126120 -0.376237 1 1 1.000000
  0 -6.893651 34.259129 1.832349 0.003688 0.999988 0.003350 0.124603 -0.368549 1 1 1.000000
nuke_blu.vtf
  0 -1.897086 34.269638 -6.806481 -0.001168 0.999999 0.000884 0.082493 -0.441613 1 1 1.000000
  0 -7.067157 34.268047 -0.908831 -0.002851 0.999993 -0.002230 0.126171 -0.391772 1 1 1.000000
  0 -7.067174 34.267979 0.923144 0.008809 0.999943 0.006107 0.126120 -0.376237 1 1 1.000000
nuke_blu.vtf
  0 -1.897086 34.269638 -6.806481 -0.001168 0.999999 0.000884 0.082493 -0.441613 1 1 1.000000
  0 -6.893620 34.259163 -1.818065 -0.013705 0.999838 -0.011628 0.124690 -0.399475 1 1 1.000000
  0 -7.067157 34.268047 -0.908831 -0.002851 0.999993 -0.002230 0.126171 -0.391772 1 1 1.000000
nuke_blu.vtf
  0 -1.897086 34.269638 -6.806481 -0.001168 0.999999 0.000884 0.082493 -0.441613 1 1 1.000000
  0 -6.190118 34.255009 -3.525511 -0.007292 0.999960 -0.005083 0.118713 -0.413912 1 1 1.000000
  0 -6.893620 34.259163 -1.818065 -0.013705 0.999838 -0.011628 0.124690 -0.399475 1 1 1.000000
nuke_blu.vtf
  0 -1.897086 34.269638 -6.806481 -0.001168 0.999999 0.000884 0.082493 -0.441613 1 1 1.000000
  0 -5.065217 34.258888 -4.986701 -0.003347 0.999994 0.000079 0.109202 -0.426246 1 1 1.000000
  0 -6.190118 34.255009 -3.525511 -0.007292 0.999960 -0.005083 0.118713 -0.413912 1 1 1.000000
nuke_blu.vtf
  0 -1.897086 34.269638 -6.806481 -0.001168 0.999999 0.000884 0.082493 -0.441613 1 1 1.000000
  0 -3.600610 34.263893 -6.105693 -0.003318 0.999995 0.000131 0.096848 -0.435688 1 1 1.000000
  0 -5.065217 34.258888 -4.986701 -0.003347 0.999994 0.000079 0.109202 -0.426246 1 1 1.000000
nuke_blu.vtf
  0 -1.897086 34.269638 -6.806481 -0.001168 0.999999 0.000884 0.082493 -0.441613 1 1 1.000000
  0 0.840188 34.274101 -6.964946 -0.000735 0.999880 0.015457 0.059416 -0.443005 1 1 1.000000
  0 -0.991795 34.272728 -6.964972 -0.000750 0.999884 0.015211 0.074863 -0.442970 1 1 1.000000
nuke_blu.vtf
  0 -1.897086 34.269638 -6.806481 -0.001168 0.999999 0.000884 0.082493 -0.441613 1 1 1.000000
  0 1.745473 34.272316 -6.806455 -0.000735 0.999976 0.006930 0.051780 -0.441682 1 1 1.000000
  0 0.840188 34.274101 -6.964946 -0.000735 0.999880 0.015457 0.059416 -0.443005 1 1 1.000000
nuke_blu.vtf
  0 -1.897086 34.269638 -6.806481 -0.001168 0.999999 0.000884 0.082493 -0.441613 1 1 1.000000
  0 3.449013 34.269089 -6.105642 -0.000325 0.999995 0.003263 0.037400 -0.435823 1 1 1.000000
  0 1.745473 34.272316 -6.806455 -0.000735 0.999976 0.006930 0.051780 -0.441682 1 1 1.000000
nuke_blu.vtf
  0 -1.897086 34.269638 -6.806481 -0.001168 0.999999 0.000884 0.082493 -0.441613 1 1 1.000000
  0 4.913577 34.266201 -4.986618 0.000080 0.999999 0.001589 0.025005 -0.426438 1 1 1.000000
  0 3.449013 34.269089 -6.105642 -0.000325 0.999995 0.003263 0.037400 -0.435823 1 1 1.000000
nuke_blu.vtf
  0 -1.897086 34.269638 -6.806481 -0.001168 0.999999 0.000884 0.082493 -0.441613 1 1 1.000000
  0 6.038469 34.264038 -3.525415 0.001966 0.999993 -0.003049 0.015440 -0.414151 1 1 1.000000
  0 4.913577 34.266201 -4.986618 0.000080 0.999999 0.001589 0.025005 -0.426438 1 1 1.000000
nuke_blu.vtf
  0 -1.897086 34.269638 -6.806481 -0.001168 0.999999 0.000884 0.082493 -0.441613 1 1 1.000000
  0 6.741945 34.269253 -1.817957 0.005599 0.999938 -0.009618 0.009399 -0.399750 1 1 1.000000
  0 6.038469 34.264038 -3.525415 0.001966 0.999993 -0.003049 0.015440 -0.414151 1 1 1.000000
nuke_blu.vtf
  0 -1.897086 34.269638 -6.806481 -0.001168 0.999999 0.000884 0.082493 -0.441613 1 1 1.000000
  0 6.915443 34.278328 -0.908727 0.001008 0.999995 -0.002979 0.007881 -0.392060 1 1 1.000000
  0 6.741945 34.269253 -1.817957 0.005599 0.999938 -0.009618 0.009399 -0.399750 1 1 1.000000
nuke_blu.vtf
  0 -1.897086 34.269638 -6.806481 -0.001168 0.999999 0.000884 0.082493 -0.441613 1 1 1.000000
  0 6.915439 34.278244 0.923249 -0.006257 0.999962 0.006020 0.007828 -0.376522 1 1 1.000000
  0 6.915443 34.278328 -0.908727 0.001008 0.999995 -0.002979 0.007881 -0.392060 1 1 1.000000
nuke_blu.vtf
  0 -1.897086 34.269638 -6.806481 -0.001168 0.999999 0.000884 0.082493 -0.441613 1 1 1.000000
  0 6.741916 34.269119 1.832439 -0.004213 0.999982 0.004273 0.009311 -0.368817 1 1 1.000000
  0 6.915439 34.278244 0.923249 -0.006257 0.999962 0.006020 0.007828 -0.376522 1 1 1.000000
nuke_blu.vtf
  0 -1.897086 34.269638 -6.806481 -0.001168 0.999999 0.000884 0.082493 -0.441613 1 1 1.000000
  0 6.038409 34.263836 3.539906 0.000042 1.000000 0.000528 0.015290 -0.354378 1 1 1.000000
  0 6.741916 34.269119 1.832439 -0.004213 0.999982 0.004273 0.009311 -0.368817 1 1 1.000000
nuke_blu.vtf
  0 -1.897086 34.269638 -6.806481 -0.001168 0.999999 0.000884 0.082493 -0.441613 1 1 1.000000
  0 4.913499 34.265919 5.001044 0.001397 0.999999 -0.000491 0.024805 -0.342044 1 1 1.000000
  0 6.038409 34.263836 3.539906 0.000042 1.000000 0.000528 0.015290 -0.354378 1 1 1.000000
nuke_blu.vtf
  0 -1.897086 34.269638 -6.806481 -0.001168 0.999999 0.000884 0.082493 -0.441613 1 1 1.000000
  0 3.448920 34.268665 6.120047 0.001567 0.999999 -0.000573 0.037162 -0.332603 1 1 1.000000
  0 4.913499 34.265919 5.001044 0.001397 0.999999 -0.000491 0.024805 -0.342044 1 1 1.000000
nuke_blu.vtf
  0 -1.897086 34.269638 -6.806481 -0.001168 0.999999 0.000884 0.082493 -0.441613 1 1 1.000000
  0 1.745379 34.271900 6.820850 0.001733 0.999998 -0.000629 0.051518 -0.326679 1 1 1.000000
  0 3.448920 34.268665 6.120047 0.001567 0.999999 -0.000573 0.037162 -0.332603 1 1 1.000000
nuke_blu.vtf
  0 -1.897086 34.269638 -6.806481 -0.001168 0.999999 0.000884 0.082493 -0.441613 1 1 1.000000
  0 0.840090 34.273659 6.998478 0.000609 1.000000 -0.000412 0.059148 -0.325164 1 1 1.000000
  0 1.745379 34.271900 6.820850 0.001733 0.999998 -0.000629 0.051518 -0.326679 1 1 1.000000
nuke_blu.vtf
  0 -1.897086 34.269638 -6.806481 -0.001168 0.999999 0.000884 0.082493 -0.441613 1 1 1.000000
  0 -0.991897 34.272247 6.998485 -0.001918 0.999998 -0.000063 0.074595 -0.325131 1 1 1.000000
  0 0.840090 34.273659 6.998478 0.000609 1.000000 -0.000412 0.059148 -0.325164 1 1 1.000000
nuke_blu.vtf
  0 -1.897086 34.269638 -6.806481 -0.001168 0.999999 0.000884 0.082493 -0.441613 1 1 1.000000
  0 -1.897184 34.269218 6.820816 -0.003370 0.999994 0.000031 0.082230 -0.326614 1 1 1.000000
  0 -0.991897 34.272247 6.998485 -0.001918 0.999998 -0.000063 0.074595 -0.325131 1 1 1.000000
nuke_blu.vtf
  0 -1.897086 34.269638 -6.806481 -0.001168 0.999999 0.000884 0.082493 -0.441613 1 1 1.000000
  0 -3.600701 34.263451 6.119994 -0.003383 0.999994 0.000033 0.096609 -0.332476 1 1 1.000000
  0 -1.897184 34.269218 6.820816 -0.003370 0.999994 0.000031 0.082230 -0.326614 1 1 1.000000
nuke_blu.vtf
  0 -1.897086 34.269638 -6.806481 -0.001168 0.999999 0.000884 0.082493 -0.441613 1 1 1.000000
  0 -5.065281 34.258575 5.000987 -0.003365 0.999994 0.000034 0.109002 -0.341863 1 1 1.000000
  0 -3.600701 34.263451 6.119994 -0.003383 0.999994 0.000033 0.096609 -0.332476 1 1 1.000000
nuke_blu.vtf
  0 4.327821 17.292879 -16.731750 0.224170 0.457606 -0.860433 0.403508 -0.688021 1 1 1.000000
  0 -0.167880 21.202192 -15.057149 -0.003076 0.495314 -0.868709 0.435597 -0.720659 1 1 1.000000
  0 3.726437 21.219049 -14.568402 0.217264 0.496386 -0.840474 0.436593 -0.690810 1 1 1.000000
nuke_blu.vtf
  0 4.327821 17.292879 -16.731750 0.224170 0.457606 -0.860433 0.403508 -0.688021 1 1 1.000000
  0 3.726437 21.219049 -14.568402 0.217264 0.496386 -0.840474 0.436593 -0.690810 1 1 1.000000
  0 7.381185 21.235151 -13.080551 0.428379 0.496865 -0.754730 0.440221 -0.661094 1 1 1.000000
nuke_blu.vtf
  0 4.327821 17.292879 -16.731750 0.224170 0.457606 -0.860433 0.403508 -0.688021 1 1 1.000000
  0 7.381185 21.235151 -13.080551 0.428379 0.496865 -0.754730 0.440221 -0.661094 1 1 1.000000
  0 8.521033 17.311230 -15.016538 0.440321 0.457707 -0.772413 0.407562 -0.655368 1 1 1.000000
nuke_blu.vtf
  0 12.129613 17.327368 -12.269108 0.625351 0.457768 -0.631968 0.414497 -0.623182 1 1 1.000000
  0 8.521033 17.311230 -15.016538 0.440321 0.457707 -0.772413 0.407562 -0.655368 1 1 1.000000
  0 7.381185 21.235151 -13.080551 0.428379 0.496865 -0.754730 0.440221 -0.661094 1 1 1.000000
nuke_blu.vtf
  0 12.129613 17.327368 -12.269108 0.625351 0.457768 -0.631968 0.414497 -0.623182 1 1 1.000000
  0 7.381185 21.235151 -13.080551 0.428379 0.496865 -0.754730 0.440221 -0.661094 1 1 1.000000
  0 10.528906 21.249262 -10.691236 0.609366 0.497198 -0.617630 0.446453 -0.631843 1 1 1.000000
nuke_blu.vtf
  0 12.129613 17.327368 -12.269108 0.625351 0.457768 -0.631968 0.414497 -0.623182 1 1 1.000000
  0 10.528906 21.249262 -10.691236 0.609366 0.497198 -0.617630 0.446453 -0.631843 1 1 1.000000
  0 12.950171 21.260437 -7.561816 0.749160 0.497736 -0.437056 0.455288 -0.603365 1 1 1.000000
nuke_blu.vtf
  0 14.903496 17.340052 -8.675754 0.768356 0.457920 -0.447145 0.424352 -0.591732 1 1 1.000000
  0 12.950171 21.260437 -7.561816 0.749160 0.497736 -0.437056 0.455288 -0.603365 1 1 1.000000
  0 14.474914 21.267818 -3.906952 0.836757 0.497891 -0.227910 0.466710 -0.575993 1 1 1.000000
nuke_blu.vtf
  0 12.129613 17.327368 -12.269108 0.625351 0.457768 -0.631968 0.414497 -0.623182 1 1 1.000000
  0 12.950171 21.260437 -7.561816 0.749160 0.497736 -0.437056 0.455288 -0.603365 1 1 1.000000
  0 14.903496 17.340052 -8.675754 0.768356 0.457920 -0.447145 0.424352 -0.591732 1 1 1.000000
nuke_blu.vtf
  0 13.703859 12.565107 -13.814880 0.651257 0.382553 -0.655376 0.378461 -0.613445 1 1 1.000000
  0 12.129613 17.327368 -12.269108 0.625351 0.457768 -0.631968 0.414497 -0.623182 1 1 1.000000
  0 14.903496 17.340052 -8.675754 0.768356 0.457920 -0.447145 0.424352 -0.591732 1 1 1.000000
nuke_blu.vtf
  0 13.703859 12.565107 -13.814880 0.651257 0.382553 -0.655376 0.378461 -0.613445 1 1 1.000000
  0 8.521033 17.311230 -15.016538 0.440321 0.457707 -0.772413 0.407562 -0.655368 1 1 1.000000
  0 12.129613 17.327368 -12.269108 0.625351 0.457768 -0.631968 0.414497 -0.623182 1 1 1.000000
nuke_blu.vtf
  0 13.703859 12.565107 -13.814880 0.651257 0.382553 -0.655376 0.378461 -0.613445 1 1 1.000000
  0 9.646223 12.546576 -16.917391 0.459313 0.382277 -0.801808 0.370834 -0.648929 1 1 1.000000
  0 8.521033 17.311230 -15.016538 0.440321 0.457707 -0.772413 0.407562 -0.655368 1 1 1.000000
nuke_blu.vtf
  0 4.925632 12.525333 -18.861712 0.235382 0.381939 -0.893710 0.366345 -0.684869 1 1 1.000000
  0 8.521033 17.311230 -15.016538 0.440321 0.457707 -0.772413 0.407562 -0.655368 1 1 1.000000
  0 9.646223 12.546576 -16.917391 0.459313 0.382277 -0.801808 0.370834 -0.648929 1 1 1.000000
nuke_blu.vtf
  0 4.925632 12.525333 -18.861712 0.235382 0.381939 -0.893710 0.366345 -0.684869 1 1 1.000000
  0 4.327821 17.292879 -16.731750 0.224170 0.457606 -0.860433 0.403508 -0.688021 1 1 1.000000
  0 8.521033 17.311230 -15.016538 0.440321 0.457707 -0.772413 0.407562 -0.655368 1 1 1.000000
nuke_blu.vtf
  0 4.925632 12.525333 -18.861712 0.235382 0.381939 -0.893710 0.366345 -0.684869 1 1 1.000000
  0 -0.149445 17.273584 -17.301128 -0.002982 0.457172 -0.889373 0.402315 -0.720805 1 1 1.000000
  0 4.327821 17.292879 -16.731750 0.224170 0.457606 -0.860433 0.403508 -0.688021 1 1 1.000000
nuke_blu.vtf
  0 4.327821 17.292879 -16.731750 0.224170 0.457606 -0.860433 0.403508 -0.688021 1 1 1.000000
  0 -0.149445 17.273584 -17.301128 -0.002982 0.457172 -0.889373 0.402315 -0.720805 1 1 1.000000
  0 -0.167880 21.202192 -15.057149 -0.003076 0.495314 -0.868709 0.435597 -0.720659 1 1 1.000000
nuke_blu.vtf
  0 -4.638390 17.231339 -16.731773 -0.230148 0.455143 -0.860161 0.403664 -0.753664 1 1 1.000000
  0 -0.167880 21.202192 -15.057149 -0.003076 0.495314 -0.868709 0.435597 -0.720659 1 1 1.000000
  0 -0.149445 17.273584 -17.301128 -0.002982 0.457172 -0.889373 0.402315 -0.720805 1 1 1.000000
nuke_blu.vtf
  0 -4.638390 17.231339 -16.731773 -0.230148 0.455143 -0.860161 0.403664 -0.753664 1 1 1.000000
  0 -4.076812 21.165491 -14.568443 -0.223524 0.493955 -0.840265 0.436733 -0.750612 1 1 1.000000
  0 -0.167880 21.202192 -15.057149 -0.003076 0.495314 -0.868709 0.435597 -0.720659 1 1 1.000000
nuke_blu.vtf
  0 -4.638390 17.231339 -16.731773 -0.230148 0.455143 -0.860161 0.403664 -0.753664 1 1 1.000000
  0 -7.731497 21.131416 -13.080733 -0.434638 0.492115 -0.754263 0.440504 -0.780303 1 1 1.000000
  0 -4.076812 21.165491 -14.568443 -0.223524 0.493955 -0.840265 0.436733 -0.750612 1 1 1.000000
nuke_blu.vtf
  0 -12.440109 17.158709 -12.269276 -0.630919 0.450933 -0.631348 0.414976 -0.818415 1 1 1.000000
  0 -7.731497 21.131416 -13.080733 -0.434638 0.492115 -0.754263 0.440504 -0.780303 1 1 1.000000
  0 -8.831532 17.192148 -15.016673 -0.446212 0.452882 -0.771876 0.407877 -0.786286 1 1 1.000000
nuke_blu.vtf
  0 -4.638390 17.231339 -16.731773 -0.230148 0.455143 -0.860161 0.403664 -0.753664 1 1 1.000000
  0 -8.831532 17.192148 -15.016673 -0.446212 0.452882 -0.771876 0.407877 -0.786286 1 1 1.000000
  0 -7.731497 21.131416 -13.080733 -0.434638 0.492115 -0.754263 0.440504 -0.780303 1 1 1.000000
nuke_blu.vtf
  0 -5.187882 12.455931 -18.861763 -0.240395 0.379420 -0.893449 0.366523 -0.757121 1 1 1.000000
  0 -8.831532 17.192148 -15.016673 -0.446212 0.452882 -0.771876 0.407877 -0.786286 1 1 1.000000
  0 -4.638390 17.231339 -16.731773 -0.230148 0.455143 -0.860161 0.403664 -0.753664 1 1 1.000000
nuke_blu.vtf
  0 -5.187882 12.455931 -18.861763 -0.240395 0.379420 -0.893449 0.366523 -0.757121 1 1 1.000000
  0 -4.638390 17.231339 -16.731773 -0.230148 0.455143 -0.860161 0.403664 -0.753664 1 1 1.000000
  0 -0.149445 17.273584 -17.301128 -0.002982 0.457172 -0.889373 0.402315 -0.720805 1 1 1.000000
nuke_blu.vtf
  0 -5.187882 12.455931 -18.861763 -0.240395 0.379420 -0.893449 0.366523 -0.757121 1 1 1.000000
  0 -0.149445 17.273584 -17.301128 -0.002982 0.457172 -0.889373 0.402315 -0.720805 1 1 1.000000
  0 -0.127758 12.502957 -19.516760 -0.002532 0.381605 -0.924322 0.364983 -0.720977 1 1 1.000000
nuke_blu.vtf
  0 4.925632 12.525333 -18.861712 0.235382 0.381939 -0.893710 0.366345 -0.684869 1 1 1.000000
  0 -0.127758 12.502957 -19.516760 -0.002532 0.381605 -0.924322 0.364983 -0.720977 1 1 1.000000
  0 -0.149445 17.273584 -17.301128 -0.002982 0.457172 -0.889373 0.402315 -0.720805 1 1 1.000000
nuke_blu.vtf
  0 5.492028 6.886055 -20.854403 0.246307 0.278593 -0.928288 0.324435 -0.681347 1 1 1.000000
  0 -0.127758 12.502957 -19.516760 -0.002532 0.381605 -0.924322 0.364983 -0.720977 1 1 1.000000
  0 4.925632 12.525333 -18.861712 0.235382 0.381939 -0.893710 0.366345 -0.684869 1 1 1.000000
nuke_blu.vtf
  0 5.492028 6.886055 -20.854403 0.246307 0.278593 -0.928288 0.324435 -0.681347 1 1 1.000000
  0 4.925632 12.525333 -18.861712 0.235382 0.381939 -0.893710 0.366345 -0.684869 1 1 1.000000
  0 9.646223 12.546576 -16.917391 0.459313 0.382277 -0.801808 0.370834 -0.648929 1 1 1.000000
nuke_blu.vtf
  0 5.492028 6.886055 -20.854403 0.246307 0.278593 -0.928288 0.324435 -0.681347 1 1 1.000000
  0 9.646223 12.546576 -16.917391 0.459313 0.382277 -0.801808 0.370834 -0.648929 1 1 1.000000
  0 10.706992 6.919945 -18.697529 0.478305 0.279400 -0.832562 0.329411 -0.641753 1 1 1.000000
nuke_blu.vtf
  0 10.706992 6.919945 -18.697529 0.478305 0.279400 -0.832562 0.329411 -0.641753 1 1 1.000000
  0 9.646223 12.546576 -16.917391 0.459313 0.382277 -0.801808 0.370834 -0.648929 1 1 1.000000
  0 13.703859 12.565107 -13.814880 0.651257 0.382553 -0.655376 0.378461 -0.613445 1 1 1.000000
nuke_blu.vtf
  0 10.706992 6.919945 -18.697529 0.478305 0.279400 -0.832562 0.329411 -0.641753 1 1 1.000000
  0 13.703859 12.565107 -13.814880 0.651257 0.382553 -0.655376 0.378461 -0.613445 1 1 1.000000
  0 15.186424 6.949492 -15.263631 0.677581 0.280188 -0.679984 0.337757 -0.602642 1 1 1.000000
nuke_blu.vtf
  0 15.186424 6.949492 -15.263631 0.677581 0.280188 -0.679984 0.337757 -0.602642 1 1 1.000000
  0 13.703859 12.565107 -13.814880 0.651257 0.382553 -0.655376 0.378461 -0.613445 1 1 1.000000
  0 16.819860 12.579725 -9.764977 0.799159 0.382607 -0.463634 0.389255 -0.578632 1 1 1.000000
nuke_blu.vtf
  0 13.703859 12.565107 -13.814880 0.651257 0.382553 -0.655376 0.378461 -0.613445 1 1 1.000000
  0 14.903496 17.340052 -8.675754 0.768356 0.457920 -0.447145 0.424352 -0.591732 1 1 1.000000
  0 16.819860 12.579725 -9.764977 0.799159 0.382607 -0.463634 0.389255 -0.578632 1 1 1.000000
nuke_blu.vtf
  0 16.819860 12.579725 -9.764977 0.799159 0.382607 -0.463634 0.389255 -0.578632 1 1 1.000000
  0 14.903496 17.340052 -8.675754 0.768356 0.457920 -0.447145 0.424352 -0.591732 1 1 1.000000
  0 16.649443 17.348480 -4.482420 0.857932 0.457952 -0.232878 0.437231 -0.561314 1 1 1.000000
nuke_blu.vtf
  0 14.903496 17.340052 -8.675754 0.768356 0.457920 -0.447145 0.424352 -0.591732 1 1 1.000000
  0 14.474914 21.267818 -3.906952 0.836757 0.497891 -0.227910 0.466710 -0.575993 1 1 1.000000
  0 16.649443 17.348480 -4.482420 0.857932 0.457952 -0.232878 0.437231 -0.561314 1 1 1.000000
nuke_blu.vtf
  0 16.649443 17.348480 -4.482420 0.857932 0.457952 -0.232878 0.437231 -0.561314 1 1 1.000000
  0 14.474914 21.267818 -3.906952 0.836757 0.497891 -0.227910 0.466710 -0.575993 1 1 1.000000
  0 14.961043 21.270720 -0.330241 0.861148 0.494679 -0.117116 0.478735 -0.552889 1 1 1.000000
nuke_blu.vtf
  0 16.649443 17.348480 -4.482420 0.857932 0.457952 -0.232878 0.437231 -0.561314 1 1 1.000000
  0 14.961043 21.270720 -0.330241 0.861148 0.494679 -0.117116 0.478735 -0.552889 1 1 1.000000
  0 17.212063 17.351828 -0.318511 0.882597 0.454701 -0.119453 0.452201 -0.534501 1 1 1.000000
nuke_blu.vtf
  0 18.779810 12.589403 -5.044320 0.891799 0.382780 -0.241192 0.403303 -0.544657 1 1 1.000000
  0 16.649443 17.348480 -4.482420 0.857932 0.457952 -0.232878 0.437231 -0.561314 1 1 1.000000
  0 17.212063 17.351828 -0.318511 0.882597 0.454701 -0.119453 0.452201 -0.534501 1 1 1.000000
nuke_blu.vtf
  0 16.819860 12.579725 -9.764977 0.799159 0.382607 -0.463634 0.389255 -0.578632 1 1 1.000000
  0 16.649443 17.348480 -4.482420 0.857932 0.457952 -0.232878 0.437231 -0.561314 1 1 1.000000
  0 18.779810 12.589403 -5.044320 0.891799 0.382780 -0.241192 0.403303 -0.544657 1 1 1.000000
nuke_blu.vtf
  0 -5.994123 1.033004 -22.069809 -0.256443 0.156398 -0.953822 0.282896 -0.764819 1 1 1.000000
  0 -0.102440 6.850036 -21.587605 -0.001902 0.277685 -0.960670 0.322858 -0.721180 1 1 1.000000
  0 -0.073237 1.076097 -22.847952 -0.001067 0.157826 -0.987466 0.280952 -0.721369 1 1 1.000000
nuke_blu.vtf
  0 5.847487 1.114325 -22.069691 0.254345 0.159020 -0.953950 0.282655 -0.677904 1 1 1.000000
  0 -0.073237 1.076097 -22.847952 -0.001067 0.157826 -0.987466 0.280952 -0.721369 1 1 1.000000
  0 -0.102440 6.850036 -21.587605 -0.001902 0.277685 -0.960670 0.322858 -0.721180 1 1 1.000000
nuke_blu.vtf
  0 5.847487 1.114325 -22.069691 0.254345 0.159020 -0.953950 0.282655 -0.677904 1 1 1.000000
  0 -0.102440 6.850036 -21.587605 -0.001902 0.277685 -0.960670 0.322858 -0.721180 1 1 1.000000
  0 5.492028 6.886055 -20.854403 0.246307 0.278593 -0.928288 0.324435 -0.681347 1 1 1.000000
nuke_blu.vtf
  0 11.365437 1.150248 -19.785210 0.492592 0.160132 -0.855401 0.288027 -0.634711 1 1 1.000000
  0 5.847487 1.114325 -22.069691 0.254345 0.159020 -0.953950 0.282655 -0.677904 1 1 1.000000
  0 5.492028 6.886055 -20.854403 0.246307 0.278593 -0.928288 0.324435 -0.681347 1 1 1.000000
nuke_blu.vtf
  0 11.365437 1.150248 -19.785210 0.492592 0.160132 -0.855401 0.288027 -0.634711 1 1 1.000000
  0 5.492028 6.886055 -20.854403 0.246307 0.278593 -0.928288 0.324435 -0.681347 1 1 1.000000
  0 10.706992 6.919945 -18.697529 0.478305 0.279400 -0.832562 0.329411 -0.641753 1 1 1.000000
nuke_blu.vtf
  0 16.104256 1.181422 -16.150082 0.697224 0.161105 -0.698515 0.297006 -0.592064 1 1 1.000000
  0 11.365437 1.150248 -19.785210 0.492592 0.160132 -0.855401 0.288027 -0.634711 1 1 1.000000
  0 10.706992 6.919945 -18.697529 0.478305 0.279400 -0.832562 0.329411 -0.641753 1 1 1.000000
nuke_blu.vtf
  0 16.104256 1.181422 -16.150082 0.697224 0.161105 -0.698515 0.297006 -0.592064 1 1 1.000000
  0 10.706992 6.919945 -18.697529 0.478305 0.279400 -0.832562 0.329411 -0.641753 1 1 1.000000
  0 15.186424 6.949492 -15.263631 0.677581 0.280188 -0.679984 0.337757 -0.602642 1 1 1.000000
nuke_blu.vtf
  0 18.624353 6.972495 -10.786384 0.830566 0.280832 -0.480930 0.349439 -0.564202 1 1 1.000000
  0 16.819860 12.579725 -9.764977 0.799159 0.382607 -0.463634 0.389255 -0.578632 1 1 1.000000
  0 18.779810 12.589403 -5.044320 0.891799 0.382780 -0.241192 0.403303 -0.544657 1 1 1.000000
nuke_blu.vtf
  0 15.186424 6.949492 -15.263631 0.677581 0.280188 -0.679984 0.337757 -0.602642 1 1 1.000000
  0 16.819860 12.579725 -9.764977 0.799159 0.382607 -0.463634 0.389255 -0.578632 1 1 1.000000
  0 18.624353 6.972495 -10.786384 0.830566 0.280832 -0.480930 0.349439 -0.564202 1 1 1.000000
nuke_blu.vtf
  0 19.740719 1.205864 -11.411942 0.854274 0.161879 -0.493975 0.309482 -0.550191 1 1 1.000000
  0 15.186424 6.949492 -15.263631 0.677581 0.280188 -0.679984 0.337757 -0.602642 1 1 1.000000
  0 18.624353 6.972495 -10.786384 0.830566 0.280832 -0.480930 0.349439 -0.564202 1 1 1.000000
nuke_blu.vtf
  0 19.740719 1.205864 -11.411942 0.854274 0.161879 -0.493975 0.309482 -0.550191 1 1 1.000000
  0 16.104256 1.181422 -16.150082 0.697224 0.161105 -0.698515 0.297006 -0.592064 1 1 1.000000
  0 15.186424 6.949492 -15.263631 0.677581 0.280188 -0.679984 0.337757 -0.602642 1 1 1.000000
nuke_blu.vtf
  0 20.131792 -2.888574 -11.624143 0.860709 0.107991 -0.497513 0.280735 -0.540258 1 1 1.000000
  0 16.104256 1.181422 -16.150082 0.697224 0.161105 -0.698515 0.297006 -0.592064 1 1 1.000000
  0 19.740719 1.205864 -11.411942 0.854274 0.161879 -0.493975 0.309482 -0.550191 1 1 1.000000
nuke_blu.vtf
  0 20.131792 -2.888574 -11.624143 0.860709 0.107991 -0.497513 0.280735 -0.540258 1 1 1.000000
  0 16.427380 -2.914167 -16.450846 0.702538 0.107088 -0.703543 0.267623 -0.584512 1 1 1.000000
  0 16.104256 1.181422 -16.150082 0.697224 0.161105 -0.698515 0.297006 -0.592064 1 1 1.000000
nuke_blu.vtf
  0 16.427380 -2.914167 -16.450846 0.702538 0.107088 -0.703543 0.267623 -0.584512 1 1 1.000000
  0 11.365437 1.150248 -19.785210 0.492592 0.160132 -0.855401 0.288027 -0.634711 1 1 1.000000
  0 16.104256 1.181422 -16.150082 0.697224 0.161105 -0.698515 0.297006 -0.592064 1 1 1.000000
nuke_blu.vtf
  0 16.427380 -2.914167 -16.450846 0.702538 0.107088 -0.703543 0.267623 -0.584512 1 1 1.000000
  0 11.600003 -2.946813 -20.153887 0.496432 0.105947 -0.861586 0.258154 -0.629667 1 1 1.000000
  0 11.365437 1.150248 -19.785210 0.492592 0.160132 -0.855401 0.288027 -0.634711 1 1 1.000000
nuke_blu.vtf
  0 11.600003 -2.946813 -20.153887 0.496432 0.105947 -0.861586 0.258154 -0.629667 1 1 1.000000
  0 5.847487 1.114325 -22.069691 0.254345 0.159020 -0.953950 0.282655 -0.677904 1 1 1.000000
  0 11.365437 1.150248 -19.785210 0.492592 0.160132 -0.855401 0.288027 -0.634711 1 1 1.000000
nuke_blu.vtf
  0 11.600003 -2.946813 -20.153887 0.496432 0.105947 -0.861586 0.258154 -0.629667 1 1 1.000000
  0 5.978941 -2.984434 -22.481058 0.256460 0.104656 -0.960872 0.252480 -0.675438 1 1 1.000000
  0 5.847487 1.114325 -22.069691 0.254345 0.159020 -0.953950 0.282655 -0.677904 1 1 1.000000
nuke_blu.vtf
  0 5.978941 -2.984434 -22.481058 0.256460 0.104656 -0.960872 0.252480 -0.675438 1 1 1.000000
  0 -0.073237 1.076097 -22.847952 -0.001067 0.157826 -0.987466 0.280952 -0.721369 1 1 1.000000
  0 5.847487 1.114325 -22.069691 0.254345 0.159020 -0.953950 0.282655 -0.677904 1 1 1.000000
nuke_blu.vtf
  0 5.978941 -2.984434 -22.481058 0.256460 0.104656 -0.960872 0.252480 -0.675438 1 1 1.000000
  0 -0.052571 -3.024487 -23.273870 -0.000854 0.103308 -0.994649 0.250678 -0.721511 1 1 1.000000
  0 -0.073237 1.076097 -22.847952 -0.001067 0.157826 -0.987466 0.280952 -0.721369 1 1 1.000000
nuke_blu.vtf
  0 -6.084083 -3.067235 -22.481100 -0.258114 0.102030 -0.960712 0.252750 -0.767567 1 1 1.000000
  0 -0.073237 1.076097 -22.847952 -0.001067 0.157826 -0.987466 0.280952 -0.721369 1 1 1.000000
  0 -0.052571 -3.024487 -23.273870 -0.000854 0.103308 -0.994649 0.250678 -0.721511 1 1 1.000000
nuke_blu.vtf
  0 -6.084083 -3.067235 -22.481100 -0.258114 0.102030 -0.960712 0.252750 -0.767567 1 1 1.000000
  0 -5.994123 1.033004 -22.069809 -0.256443 0.156398 -0.953822 0.282896 -0.764819 1 1 1.000000
  0 -0.073237 1.076097 -22.847952 -0.001067 0.157826 -0.987466 0.280952 -0.721369 1 1 1.000000
nuke_blu.vtf
  0 -11.705169 -3.106799 -20.153997 -0.497968 0.100881 -0.861308 0.258699 -0.813286 1 1 1.000000
  0 -5.994123 1.033004 -22.069809 -0.256443 0.156398 -0.953822 0.282896 -0.764819 1 1 1.000000
  0 -6.084083 -3.067235 -22.481100 -0.258114 0.102030 -0.960712 0.252750 -0.767567 1 1 1.000000
nuke_blu.vtf
  0 -11.705169 -3.106799 -20.153997 -0.497968 0.100881 -0.861308 0.258699 -0.813286 1 1 1.000000
  0 -11.512134 0.993271 -19.785357 -0.494595 0.155069 -0.855178 0.288515 -0.807964 1 1 1.000000
  0 -5.994123 1.033004 -22.069809 -0.256443 0.156398 -0.953822 0.282896 -0.764819 1 1 1.000000
nuke_blu.vtf
  0 -16.532585 -3.140307 -16.451017 -0.703913 0.099922 -0.703223 0.268457 -0.858348 1 1 1.000000
  0 -11.512134 0.993271 -19.785357 -0.494595 0.155069 -0.855178 0.288515 -0.807964 1 1 1.000000
  0 -11.705169 -3.106799 -20.153997 -0.497968 0.100881 -0.861308 0.258699 -0.813286 1 1 1.000000
nuke_blu.vtf
  0 -16.532585 -3.140307 -16.451017 -0.703913 0.099922 -0.703223 0.268457 -0.858348 1 1 1.000000
  0 -16.251026 0.959432 -16.150293 -0.699099 0.153951 -0.698254 0.297754 -0.850525 1 1 1.000000
  0 -11.512134 0.993271 -19.785357 -0.494595 0.155069 -0.855178 0.288515 -0.807964 1 1 1.000000
nuke_blu.vtf
  0 18.624353 6.972495 -10.786384 0.830566 0.280832 -0.480930 0.349439 -0.564202 1 1 1.000000
  0 18.779810 12.589403 -5.044320 0.891799 0.382780 -0.241192 0.403303 -0.544657 1 1 1.000000
  0 20.785807 6.987432 -5.571241 0.926488 0.281276 -0.250008 0.364431 -0.526519 1 1 1.000000
nuke_blu.vtf
  0 22.026834 1.221707 -5.893764 0.952756 0.162384 -0.256685 0.325274 -0.509211 1 1 1.000000
  0 18.624353 6.972495 -10.786384 0.830566 0.280832 -0.480930 0.349439 -0.564202 1 1 1.000000
  0 20.785807 6.987432 -5.571241 0.926488 0.281276 -0.250008 0.364431 -0.526519 1 1 1.000000
nuke_blu.vtf
  0 22.026834 1.221707 -5.893764 0.952756 0.162384 -0.256685 0.325274 -0.509211 1 1 1.000000
  0 19.740719 1.205864 -11.411942 0.854274 0.161879 -0.493975 0.309482 -0.550191 1 1 1.000000
  0 18.624353 6.972495 -10.786384 0.830566 0.280832 -0.480930 0.349439 -0.564202 1 1 1.000000
nuke_blu.vtf
  0 22.460606 -2.872028 -6.002904 0.959894 0.108595 -0.258477 0.297208 -0.497127 1 1 1.000000
  0 19.740719 1.205864 -11.411942 0.854274 0.161879 -0.493975 0.309482 -0.550191 1 1 1.000000
  0 22.026834 1.221707 -5.893764 0.952756 0.162384 -0.256685 0.325274 -0.509211 1 1 1.000000
nuke_blu.vtf
  0 22.460606 -2.872028 -6.002904 0.959894 0.108595 -0.258477 0.297208 -0.497127 1 1 1.000000
  0 20.131792 -2.888574 -11.624143 0.860709 0.107991 -0.497513 0.280735 -0.540258 1 1 1.000000
  0 19.740719 1.205864 -11.411942 0.854274 0.161879 -0.493975 0.309482 -0.550191 1 1 1.000000
nuke_blu.vtf
  0 18.779810 12.589403 -5.044320 0.891799 0.382780 -0.241192 0.403303 -0.544657 1 1 1.000000
  0 17.212063 17.351828 -0.318511 0.882597 0.454701 -0.119453 0.452201 -0.534501 1 1 1.000000
  0 19.415884 12.593248 -0.310035 0.916737 0.379957 -0.123391 0.419647 -0.513761 1 1 1.000000
nuke_blu.vtf
  0 20.785807 6.987432 -5.571241 0.926488 0.281276 -0.250008 0.364431 -0.526519 1 1 1.000000
  0 18.779810 12.589403 -5.044320 0.891799 0.382780 -0.241192 0.403303 -0.544657 1 1 1.000000
  0 19.415884 12.593248 -0.310035 0.916737 0.379957 -0.123391 0.419647 -0.513761 1 1 1.000000
nuke_blu.vtf
  0 20.785807 6.987432 -5.571241 0.926488 0.281276 -0.250008 0.364431 -0.526519 1 1 1.000000
  0 19.415884 12.593248 -0.310035 0.916737 0.379957 -0.123391 0.419647 -0.513761 1 1 1.000000
  0 21.491047 6.993150 -0.303027 0.951730 0.279128 -0.127661 0.381662 -0.491652 1 1 1.000000
nuke_blu.vtf
  0 22.026834 1.221707 -5.893764 0.952756 0.162384 -0.256685 0.325274 -0.509211 1 1 1.000000
  0 20.785807 6.987432 -5.571241 0.926488 0.281276 -0.250008 0.364431 -0.526519 1 1 1.000000
  0 21.491047 6.993150 -0.303027 0.951730 0.279128 -0.127661 0.381662 -0.491652 1 1 1.000000
nuke_blu.vtf
  0 22.026834 1.221707 -5.893764 0.952756 0.162384 -0.256685 0.325274 -0.509211 1 1 1.000000
  0 21.491047 6.993150 -0.303027 0.951730 0.279128 -0.127661 0.381662 -0.491652 1 1 1.000000
  0 22.775097 1.227792 -0.295937 0.978202 0.161179 -0.130927 0.343071 -0.471184 1 1 1.000000
nuke_blu.vtf
  0 22.460606 -2.872028 -6.002904 0.959894 0.108595 -0.258477 0.297208 -0.497127 1 1 1.000000
  0 22.026834 1.221707 -5.893764 0.952756 0.162384 -0.256685 0.325274 -0.509211 1 1 1.000000
  0 22.775097 1.227792 -0.295937 0.978202 0.161179 -0.130927 0.343071 -0.471184 1 1 1.000000
nuke_blu.vtf
  0 22.460606 -2.872028 -6.002904 0.959894 0.108595 -0.258477 0.297208 -0.497127 1 1 1.000000
  0 22.775097 1.227792 -0.295937 0.978202 0.161179 -0.130927 0.343071 -0.471184 1 1 1.000000
  0 23.223125 -2.865708 -0.297665 0.985383 0.107905 -0.131819 0.315436 -0.457412 1 1 1.000000
nuke_blu.vtf
  0 -5.187882 12.455931 -18.861763 -0.240395 0.379420 -0.893449 0.366523 -0.757121 1 1 1.000000
  0 -9.908381 12.412415 -16.917540 -0.464204 0.377360 -0.801320 0.371194 -0.793024 1 1 1.000000
  0 -8.831532 17.192148 -15.016673 -0.446212 0.452882 -0.771876 0.407877 -0.786286 1 1 1.000000
nuke_blu.vtf
  0 -13.965880 12.375224 -13.815095 -0.655857 0.375587 -0.654818 0.379010 -0.828442 1 1 1.000000
  0 -8.831532 17.192148 -15.016673 -0.446212 0.452882 -0.771876 0.407877 -0.786286 1 1 1.000000
  0 -9.908381 12.412415 -16.917540 -0.464204 0.377360 -0.801320 0.371194 -0.793024 1 1 1.000000
nuke_blu.vtf
  0 -13.965880 12.375224 -13.815095 -0.655857 0.375587 -0.654818 0.379010 -0.828442 1 1 1.000000
  0 -12.440109 17.158709 -12.269276 -0.630919 0.450933 -0.631348 0.414976 -0.818415 1 1 1.000000
  0 -8.831532 17.192148 -15.016673 -0.446212 0.452882 -0.771876 0.407877 -0.786286 1 1 1.000000
nuke_blu.vtf
  0 -13.965880 12.375224 -13.815095 -0.655857 0.375587 -0.654818 0.379010 -0.828442 1 1 1.000000
  0 -15.214053 17.133337 -8.675974 -0.773607 0.449536 -0.446597 0.424999 -0.849783 1 1 1.000000
  0 -12.440109 17.158709 -12.269276 -0.630919 0.450933 -0.631348 0.414976 -0.818415 1 1 1.000000
nuke_blu.vtf
  0 -13.965880 12.375224 -13.815095 -0.655857 0.375587 -0.654818 0.379010 -0.828442 1 1 1.000000
  0 -17.081919 12.347072 -9.765218 -0.803470 0.374067 -0.463151 0.389998 -0.863154 1 1 1.000000
  0 -15.214053 17.133337 -8.675974 -0.773607 0.449536 -0.446597 0.424999 -0.849783 1 1 1.000000
nuke_blu.vtf
  0 -17.081919 12.347072 -9.765218 -0.803470 0.374067 -0.463151 0.389998 -0.863154 1 1 1.000000
  0 -16.959818 17.117802 -4.482642 -0.862945 0.448600 -0.232562 0.438046 -0.880088 1 1 1.000000
  0 -15.214053 17.133337 -8.675974 -0.773607 0.449536 -0.446597 0.424999 -0.849783 1 1 1.000000
nuke_blu.vtf
  0 -17.081919 12.347072 -9.765218 -0.803470 0.374067 -0.463151 0.389998 -0.863154 1 1 1.000000
  0 -19.041868 12.329829 -5.044590 -0.895892 0.373271 -0.240928 0.404242 -0.896989 1 1 1.000000
  0 -16.959818 17.117802 -4.482642 -0.862945 0.448600 -0.232562 0.438046 -0.880088 1 1 1.000000
nuke_blu.vtf
  0 -18.829552 6.715439 -10.786642 -0.833662 0.272157 -0.480561 0.350310 -0.877908 1 1 1.000000
  0 -19.041868 12.329829 -5.044590 -0.895892 0.373271 -0.240928 0.404242 -0.896989 1 1 1.000000
  0 -17.081919 12.347072 -9.765218 -0.803470 0.374067 -0.463151 0.389998 -0.863154 1 1 1.000000
nuke_blu.vtf
  0 -18.829552 6.715439 -10.786642 -0.833662 0.272157 -0.480561 0.350310 -0.877908 1 1 1.000000
  0 -20.991129 6.700788 -5.571521 -0.929424 0.271602 -0.249808 0.365539 -0.915421 1 1 1.000000
  0 -19.041868 12.329829 -5.044590 -0.895892 0.373271 -0.240928 0.404242 -0.896989 1 1 1.000000
nuke_blu.vtf
  0 -22.173668 0.918385 -5.894081 -0.954402 0.152615 -0.256564 0.326587 -0.933052 1 1 1.000000
  0 -20.991129 6.700788 -5.571521 -0.929424 0.271602 -0.249808 0.365539 -0.915421 1 1 1.000000
  0 -18.829552 6.715439 -10.786642 -0.833662 0.272157 -0.480561 0.350310 -0.877908 1 1 1.000000
nuke_blu.vtf
  0 -22.173668 0.918385 -5.894081 -0.954402 0.152615 -0.256564 0.326587 -0.933052 1 1 1.000000
  0 -18.829552 6.715439 -10.786642 -0.833662 0.272157 -0.480561 0.350310 -0.877908 1 1 1.000000
  0 -19.887501 0.933889 -11.412204 -0.856015 0.153117 -0.493754 0.310504 -0.892266 1 1 1.000000
nuke_blu.vtf
  0 -19.887501 0.933889 -11.412204 -0.856015 0.153117 -0.493754 0.310504 -0.892266 1 1 1.000000
  0 -18.829552 6.715439 -10.786642 -0.833662 0.272157 -0.480561 0.350310 -0.877908 1 1 1.000000
  0 -15.391549 6.739671 -15.263812 -0.680903 0.273111 -0.679545 0.338397 -0.839586 1 1 1.000000
nuke_blu.vtf
  0 -19.887501 0.933889 -11.412204 -0.856015 0.153117 -0.493754 0.310504 -0.892266 1 1 1.000000
  0 -15.391549 6.739671 -15.263812 -0.680903 0.273111 -0.679545 0.338397 -0.839586 1 1 1.000000
  0 -16.251026 0.959432 -16.150293 -0.699099 0.153951 -0.698254 0.297754 -0.850525 1 1 1.000000
nuke_blu.vtf
  0 -16.251026 0.959432 -16.150293 -0.699099 0.153951 -0.698254 0.297754 -0.850525 1 1 1.000000
  0 -15.391549 6.739671 -15.263812 -0.680903 0.273111 -0.679545 0.338397 -0.839586 1 1 1.000000
  0 -10.912136 6.771595 -18.697720 -0.481847 0.274394 -0.832185 0.329830 -0.800552 1 1 1.000000
nuke_blu.vtf
  0 -16.251026 0.959432 -16.150293 -0.699099 0.153951 -0.698254 0.297754 -0.850525 1 1 1.000000
  0 -10.912136 6.771595 -18.697720 -0.481847 0.274394 -0.832185 0.329830 -0.800552 1 1 1.000000
  0 -11.512134 0.993271 -19.785357 -0.494595 0.155069 -0.855178 0.288515 -0.807964 1 1 1.000000
nuke_blu.vtf
  0 -11.512134 0.993271 -19.785357 -0.494595 0.155069 -0.855178 0.288515 -0.807964 1 1 1.000000
  0 -10.912136 6.771595 -18.697720 -0.481847 0.274394 -0.832185 0.329830 -0.800552 1 1 1.000000
  0 -5.697115 6.809321 -20.854481 -0.249992 0.276023 -0.928071 0.324642 -0.761001 1 1 1.000000
nuke_blu.vtf
  0 -11.512134 0.993271 -19.785357 -0.494595 0.155069 -0.855178 0.288515 -0.807964 1 1 1.000000
  0 -5.697115 6.809321 -20.854481 -0.249992 0.276023 -0.928071 0.324642 -0.761001 1 1 1.000000
  0 -5.994123 1.033004 -22.069809 -0.256443 0.156398 -0.953822 0.282896 -0.764819 1 1 1.000000
nuke_blu.vtf
  0 -5.994123 1.033004 -22.069809 -0.256443 0.156398 -0.953822 0.282896 -0.764819 1 1 1.000000
  0 -5.697115 6.809321 -20.854481 -0.249992 0.276023 -0.928071 0.324642 -0.761001 1 1 1.000000
  0 -0.102440 6.850036 -21.587605 -0.001902 0.277685 -0.960670 0.322858 -0.721180 1 1 1.000000
nuke_blu.vtf
  0 -15.391549 6.739671 -15.263812 -0.680903 0.273111 -0.679545 0.338397 -0.839586 1 1 1.000000
  0 -18.829552 6.715439 -10.786642 -0.833662 0.272157 -0.480561 0.350310 -0.877908 1 1 1.000000
  0 -17.081919 12.347072 -9.765218 -0.803470 0.374067 -0.463151 0.389998 -0.863154 1 1 1.000000
nuke_blu.vtf
  0 -15.391549 6.739671 -15.263812 -0.680903 0.273111 -0.679545 0.338397 -0.839586 1 1 1.000000
  0 -17.081919 12.347072 -9.765218 -0.803470 0.374067 -0.463151 0.389998 -0.863154 1 1 1.000000
  0 -13.965880 12.375224 -13.815095 -0.655857 0.375587 -0.654818 0.379010 -0.828442 1 1 1.000000
nuke_blu.vtf
  0 -10.912136 6.771595 -18.697720 -0.481847 0.274394 -0.832185 0.329830 -0.800552 1 1 1.000000
  0 -15.391549 6.739671 -15.263812 -0.680903 0.273111 -0.679545 0.338397 -0.839586 1 1 1.000000
  0 -13.965880 12.375224 -13.815095 -0.655857 0.375587 -0.654818 0.379010 -0.828442 1 1 1.000000
nuke_blu.vtf
  0 -10.912136 6.771595 -18.697720 -0.481847 0.274394 -0.832185 0.329830 -0.800552 1 1 1.000000
  0 -13.965880 12.375224 -13.815095 -0.655857 0.375587 -0.654818 0.379010 -0.828442 1 1 1.000000
  0 -9.908381 12.412415 -16.917540 -0.464204 0.377360 -0.801320 0.371194 -0.793024 1 1 1.000000
nuke_blu.vtf
  0 -5.697115 6.809321 -20.854481 -0.249992 0.276023 -0.928071 0.324642 -0.761001 1 1 1.000000
  0 -10.912136 6.771595 -18.697720 -0.481847 0.274394 -0.832185 0.329830 -0.800552 1 1 1.000000
  0 -9.908381 12.412415 -16.917540 -0.464204 0.377360 -0.801320 0.371194 -0.793024 1 1 1.000000
nuke_blu.vtf
  0 -5.697115 6.809321 -20.854481 -0.249992 0.276023 -0.928071 0.324642 -0.761001 1 1 1.000000
  0 -9.908381 12.412415 -16.917540 -0.464204 0.377360 -0.801320 0.371194 -0.793024 1 1 1.000000
  0 -5.187882 12.455931 -18.861763 -0.240395 0.379420 -0.893449 0.366523 -0.757121 1 1 1.000000
nuke_blu.vtf
  0 -5.697115 6.809321 -20.854481 -0.249992 0.276023 -0.928071 0.324642 -0.761001 1 1 1.000000
  0 -5.187882 12.455931 -18.861763 -0.240395 0.379420 -0.893449 0.366523 -0.757121 1 1 1.000000
  0 -0.127758 12.502957 -19.516760 -0.002532 0.381605 -0.924322 0.364983 -0.720977 1 1 1.000000
nuke_blu.vtf
  0 -5.697115 6.809321 -20.854481 -0.249992 0.276023 -0.928071 0.324642 -0.761001 1 1 1.000000
  0 -0.127758 12.502957 -19.516760 -0.002532 0.381605 -0.924322 0.364983 -0.720977 1 1 1.000000
  0 -0.102440 6.850036 -21.587605 -0.001902 0.277685 -0.960670 0.322858 -0.721180 1 1 1.000000
nuke_blu.vtf
  0 5.492028 6.886055 -20.854403 0.246307 0.278593 -0.928288 0.324435 -0.681347 1 1 1.000000
  0 -0.102440 6.850036 -21.587605 -0.001902 0.277685 -0.960670 0.322858 -0.721180 1 1 1.000000
  0 -0.127758 12.502957 -19.516760 -0.002532 0.381605 -0.924322 0.364983 -0.720977 1 1 1.000000
nuke_blu.vtf
  0 -20.237003 -3.165618 -11.624382 -0.861921 0.099216 -0.497240 0.281878 -0.902462 1 1 1.000000
  0 -16.251026 0.959432 -16.150293 -0.699099 0.153951 -0.698254 0.297754 -0.850525 1 1 1.000000
  0 -16.532585 -3.140307 -16.451017 -0.703913 0.099922 -0.703223 0.268457 -0.858348 1 1 1.000000
nuke_blu.vtf
  0 -20.237003 -3.165618 -11.624382 -0.861921 0.099216 -0.497240 0.281878 -0.902462 1 1 1.000000
  0 -19.887501 0.933889 -11.412204 -0.856015 0.153117 -0.493754 0.310504 -0.892266 1 1 1.000000
  0 -16.251026 0.959432 -16.150293 -0.699099 0.153951 -0.698254 0.297754 -0.850525 1 1 1.000000
nuke_blu.vtf
  0 -22.565948 -3.180974 -6.003199 -0.960990 0.098825 -0.258323 0.298687 -0.945393 1 1 1.000000
  0 -19.887501 0.933889 -11.412204 -0.856015 0.153117 -0.493754 0.310504 -0.892266 1 1 1.000000
  0 -20.237003 -3.165618 -11.624382 -0.861921 0.099216 -0.497240 0.281878 -0.902462 1 1 1.000000
nuke_blu.vtf
  0 -22.565948 -3.180974 -6.003199 -0.960990 0.098825 -0.258323 0.298687 -0.945393 1 1 1.000000
  0 -22.173668 0.918385 -5.894081 -0.954402 0.152615 -0.256564 0.326587 -0.933052 1 1 1.000000
  0 -19.887501 0.933889 -11.412204 -0.856015 0.153117 -0.493754 0.310504 -0.892266 1 1 1.000000
nuke_blu.vtf
  0 -22.565948 -3.180974 -6.003199 -0.960990 0.098825 -0.258323 0.298687 -0.945393 1 1 1.000000
  0 -22.921997 0.914196 -0.296257 -0.979811 0.151145 -0.130864 0.344655 -0.970812 1 1 1.000000
  0 -22.173668 0.918385 -5.894081 -0.954402 0.152615 -0.256564 0.326587 -0.933052 1 1 1.000000
nuke_blu.vtf
  0 -22.173668 0.918385 -5.894081 -0.954402 0.152615 -0.256564 0.326587 -0.933052 1 1 1.000000
  0 -22.921997 0.914196 -0.296257 -0.979811 0.151145 -0.130864 0.344655 -0.970812 1 1 1.000000
  0 -21.696486 6.696801 -0.303329 -0.954603 0.269188 -0.127558 0.382988 -0.950068 1 1 1.000000
nuke_blu.vtf
  0 -22.173668 0.918385 -5.894081 -0.954402 0.152615 -0.256564 0.326587 -0.933052 1 1 1.000000
  0 -21.696486 6.696801 -0.303329 -0.954603 0.269188 -0.127558 0.382988 -0.950068 1 1 1.000000
  0 -20.991129 6.700788 -5.571521 -0.929424 0.271602 -0.249808 0.365539 -0.915421 1 1 1.000000
nuke_blu.vtf
  0 -20.991129 6.700788 -5.571521 -0.929424 0.271602 -0.249808 0.365539 -0.915421 1 1 1.000000
  0 -21.696486 6.696801 -0.303329 -0.954603 0.269188 -0.127558 0.382988 -0.950068 1 1 1.000000
  0 -19.678125 12.324954 -0.310319 -0.920740 0.370193 -0.123270 0.420760 -0.927712 1 1 1.000000
nuke_blu.vtf
  0 -20.991129 6.700788 -5.571521 -0.929424 0.271602 -0.249808 0.365539 -0.915421 1 1 1.000000
  0 -19.678125 12.324954 -0.310319 -0.920740 0.370193 -0.123270 0.420760 -0.927712 1 1 1.000000
  0 -19.041868 12.329829 -5.044590 -0.895892 0.373271 -0.240928 0.404242 -0.896989 1 1 1.000000
nuke_blu.vtf
  0 -19.041868 12.329829 -5.044590 -0.895892 0.373271 -0.240928 0.404242 -0.896989 1 1 1.000000
  0 -19.678125 12.324954 -0.310319 -0.920740 0.370193 -0.123270 0.420760 -0.927712 1 1 1.000000
  0 -17.522539 17.113424 -0.318759 -0.887498 0.445100 -0.119308 0.453163 -0.906769 1 1 1.000000
nuke_blu.vtf
  0 -19.041868 12.329829 -5.044590 -0.895892 0.373271 -0.240928 0.404242 -0.896989 1 1 1.000000
  0 -17.522539 17.113424 -0.318759 -0.887498 0.445100 -0.119308 0.453163 -0.906769 1 1 1.000000
  0 -16.959818 17.117802 -4.482642 -0.862945 0.448600 -0.232562 0.438046 -0.880088 1 1 1.000000
nuke_blu.vtf
  0 -16.959818 17.117802 -4.482642 -0.862945 0.448600 -0.232562 0.438046 -0.880088 1 1 1.000000
  0 -17.522539 17.113424 -0.318759 -0.887498 0.445100 -0.119308 0.453163 -0.906769 1 1 1.000000
  0 -15.311216 21.062941 -0.330454 -0.866543 0.485205 -0.116955 0.479598 -0.888205 1 1 1.000000
nuke_blu.vtf
  0 -16.959818 17.117802 -4.482642 -0.862945 0.448600 -0.232562 0.438046 -0.880088 1 1 1.000000
  0 -15.311216 21.062941 -0.330454 -0.866543 0.485205 -0.116955 0.479598 -0.888205 1 1 1.000000
  0 -14.825015 21.066734 -3.907150 -0.842249 0.488675 -0.227626 0.467437 -0.865197 1 1 1.000000
nuke_blu.vtf
  0 -15.214053 17.133337 -8.675974 -0.773607 0.449536 -0.446597 0.424999 -0.849783 1 1 1.000000
  0 -16.959818 17.117802 -4.482642 -0.862945 0.448600 -0.232562 0.438046 -0.880088 1 1 1.000000
  0 -14.825015 21.066734 -3.907150 -0.842249 0.488675 -0.227626 0.467437 -0.865197 1 1 1.000000
nuke_blu.vtf
  0 -15.214053 17.133337 -8.675974 -0.773607 0.449536 -0.446597 0.424999 -0.849783 1 1 1.000000
  0 -14.825015 21.066734 -3.907150 -0.842249 0.488675 -0.227626 0.467437 -0.865197 1 1 1.000000
  0 -13.300382 21.080261 -7.561992 -0.754856 0.489486 -0.436573 0.455866 -0.837916 1 1 1.000000
nuke_blu.vtf
  0 -12.440109 17.158709 -12.269276 -0.630919 0.450933 -0.631348 0.414976 -0.818415 1 1 1.000000
  0 -15.214053 17.133337 -8.675974 -0.773607 0.449536 -0.446597 0.424999 -0.849783 1 1 1.000000
  0 -13.300382 21.080261 -7.561992 -0.754856 0.489486 -0.436573 0.455866 -0.837916 1 1 1.000000
nuke_blu.vtf
  0 -12.440109 17.158709 -12.269276 -0.630919 0.450933 -0.631348 0.414976 -0.818415 1 1 1.000000
  0 -13.300382 21.080261 -7.561992 -0.754856 0.489486 -0.436573 0.455866 -0.837916 1 1 1.000000
  0 -10.879177 21.102320 -10.691400 -0.615353 0.490464 -0.617078 0.446881 -0.809506 1 1 1.000000
nuke_blu.vtf
  0 -12.440109 17.158709 -12.269276 -0.630919 0.450933 -0.631348 0.414976 -0.818415 1 1 1.000000
  0 -10.879177 21.102320 -10.691400 -0.615353 0.490464 -0.617078 0.446881 -0.809506 1 1 1.000000
  0 -7.731497 21.131416 -13.080733 -0.434638 0.492115 -0.754263 0.440504 -0.780303 1 1 1.000000
nuke_blu.vtf
  0 -22.565948 -3.180974 -6.003199 -0.960990 0.098825 -0.258323 0.298687 -0.945393 1 1 1.000000
  0 -23.328508 -3.185194 -0.298001 -0.986436 0.097875 -0.131775 0.317311 -0.984709 1 1 1.000000
  0 -22.921997 0.914196 -0.296257 -0.979811 0.151145 -0.130864 0.344655 -0.970812 1 1 1.000000
nuke_blu.vtf
  0 -4.573197 17.266119 16.761086 -0.227321 0.456236 0.860334 0.403508 -0.688021 1 1 1.000000
  0 -3.998779 21.195841 14.597016 -0.220683 0.495046 0.840374 0.436593 -0.690810 1 1 1.000000
  0 -7.653553 21.186520 13.109030 -0.431788 0.494065 0.754625 0.440221 -0.661094 1 1 1.000000
nuke_blu.vtf
  0 -4.573197 17.266119 16.761086 -0.227321 0.456236 0.860334 0.403508 -0.688021 1 1 1.000000
  0 -0.104434 21.205832 15.085762 -0.000324 0.495493 0.868612 0.435597 -0.720659 1 1 1.000000
  0 -3.998779 21.195841 14.597016 -0.220683 0.495046 0.840374 0.436593 -0.690810 1 1 1.000000
nuke_blu.vtf
  0 -18.992476 12.460936 5.074749 -0.894402 0.376709 0.241113 0.403303 -0.544657 1 1 1.000000
  0 -17.457531 17.232901 0.347879 -0.885696 0.448664 0.119349 0.452201 -0.534501 1 1 1.000000
  0 -19.628693 12.459339 0.340482 -0.919316 0.373696 0.123325 0.419647 -0.513761 1 1 1.000000
nuke_blu.vtf
  0 -18.992476 12.460936 5.074749 -0.894402 0.376709 0.241113 0.403303 -0.544657 1 1 1.000000
  0 -16.894945 17.234379 4.511790 -0.861058 0.452106 0.232766 0.437231 -0.561314 1 1 1.000000
  0 -17.457531 17.232901 0.347879 -0.885696 0.448664 0.119349 0.452201 -0.534501 1 1 1.000000
nuke_blu.vtf
  0 -16.894945 17.234379 4.511790 -0.861058 0.452106 0.232766 0.437231 -0.561314 1 1 1.000000
  0 -15.233374 21.167173 0.358722 -0.864514 0.488802 0.116999 0.478735 -0.552889 1 1 1.000000
  0 -17.457531 17.232901 0.347879 -0.885696 0.448664 0.119349 0.452201 -0.534501 1 1 1.000000
nuke_blu.vtf
  0 -16.894945 17.234379 4.511790 -0.861058 0.452106 0.232766 0.437231 -0.561314 1 1 1.000000
  0 -14.747235 21.168409 3.935418 -0.840145 0.492208 0.227788 0.466710 -0.575993 1 1 1.000000
  0 -15.233374 21.167173 0.358722 -0.864514 0.488802 0.116999 0.478735 -0.552889 1 1 1.000000
nuke_blu.vtf
  0 -15.149052 17.238874 8.705126 -0.771482 0.452737 0.447039 0.424352 -0.591732 1 1 1.000000
  0 -14.747235 21.168409 3.935418 -0.840145 0.492208 0.227788 0.466710 -0.575993 1 1 1.000000
  0 -16.894945 17.234379 4.511790 -0.861058 0.452106 0.232766 0.437231 -0.561314 1 1 1.000000
nuke_blu.vtf
  0 -15.149052 17.238874 8.705126 -0.771482 0.452737 0.447039 0.424352 -0.591732 1 1 1.000000
  0 -13.222595 21.172306 7.590279 -0.752557 0.492694 0.436934 0.455288 -0.603365 1 1 1.000000
  0 -14.747235 21.168409 3.935418 -0.840145 0.492208 0.227788 0.466710 -0.575993 1 1 1.000000
nuke_blu.vtf
  0 -12.375084 17.246033 12.298479 -0.628470 0.453604 0.631877 0.414497 -0.623182 1 1 1.000000
  0 -13.222595 21.172306 7.590279 -0.752557 0.492694 0.436934 0.455288 -0.603365 1 1 1.000000
  0 -15.149052 17.238874 8.705126 -0.771482 0.452737 0.447039 0.424352 -0.591732 1 1 1.000000
nuke_blu.vtf
  0 -12.375084 17.246033 12.298479 -0.628470 0.453604 0.631877 0.414497 -0.623182 1 1 1.000000
  0 -10.801311 21.178469 10.719710 -0.612764 0.493146 0.617516 0.446453 -0.631843 1 1 1.000000
  0 -13.222595 21.172306 7.590279 -0.752557 0.492694 0.436934 0.455288 -0.603365 1 1 1.000000
nuke_blu.vtf
  0 -12.375084 17.246033 12.298479 -0.628470 0.453604 0.631877 0.414497 -0.623182 1 1 1.000000
  0 -7.653553 21.186520 13.109030 -0.431788 0.494065 0.754625 0.440221 -0.661094 1 1 1.000000
  0 -10.801311 21.178469 10.719710 -0.612764 0.493146 0.617516 0.446453 -0.631843 1 1 1.000000
nuke_blu.vtf
  0 -12.375084 17.246033 12.298479 -0.628470 0.453604 0.631877 0.414497 -0.623182 1 1 1.000000
  0 -8.766456 17.255302 15.045739 -0.443454 0.454840 0.772314 0.407562 -0.655368 1 1 1.000000
  0 -7.653553 21.186520 13.109030 -0.431788 0.494065 0.754625 0.440221 -0.661094 1 1 1.000000
nuke_blu.vtf
  0 -4.573197 17.266119 16.761086 -0.227321 0.456236 0.860334 0.403508 -0.688021 1 1 1.000000
  0 -7.653553 21.186520 13.109030 -0.431788 0.494065 0.754625 0.440221 -0.661094 1 1 1.000000
  0 -8.766456 17.255302 15.045739 -0.443454 0.454840 0.772314 0.407562 -0.655368 1 1 1.000000
nuke_blu.vtf
  0 -5.138285 12.495079 18.892088 -0.238001 0.380521 0.893622 0.366345 -0.684869 1 1 1.000000
  0 -4.573197 17.266119 16.761086 -0.227321 0.456236 0.860334 0.403508 -0.688021 1 1 1.000000
  0 -8.766456 17.255302 15.045739 -0.443454 0.454840 0.772314 0.407562 -0.655368 1 1 1.000000
nuke_blu.vtf
  0 -5.138285 12.495079 18.892088 -0.238001 0.380521 0.893622 0.366345 -0.684869 1 1 1.000000
  0 -0.095909 17.277704 17.330467 -0.000157 0.457369 0.889277 0.402315 -0.720805 1 1 1.000000
  0 -4.573197 17.266119 16.761086 -0.227321 0.456236 0.860334 0.403508 -0.688021 1 1 1.000000
nuke_blu.vtf
  0 -4.573197 17.266119 16.761086 -0.227321 0.456236 0.860334 0.403508 -0.688021 1 1 1.000000
  0 -0.095909 17.277704 17.330467 -0.000157 0.457369 0.889277 0.402315 -0.720805 1 1 1.000000
  0 -0.104434 21.205832 15.085762 -0.000324 0.495493 0.868612 0.435597 -0.720659 1 1 1.000000
nuke_blu.vtf
  0 4.393215 17.266134 16.761103 0.227031 0.456896 0.860060 0.403664 -0.753664 1 1 1.000000
  0 -0.104434 21.205832 15.085762 -0.000324 0.495493 0.868612 0.435597 -0.720659 1 1 1.000000
  0 -0.095909 17.277704 17.330467 -0.000157 0.457369 0.889277 0.402315 -0.720805 1 1 1.000000
nuke_blu.vtf
  0 4.393215 17.266134 16.761103 0.227031 0.456896 0.860060 0.403664 -0.753664 1 1 1.000000
  0 3.804649 21.195841 14.597051 0.220146 0.495642 0.840163 0.436733 -0.750612 1 1 1.000000
  0 -0.104434 21.205832 15.085762 -0.000324 0.495493 0.868612 0.435597 -0.720659 1 1 1.000000
nuke_blu.vtf
  0 4.393215 17.266134 16.761103 0.227031 0.456896 0.860060 0.403664 -0.753664 1 1 1.000000
  0 7.459475 21.186520 13.109210 0.431258 0.495242 0.754156 0.440504 -0.780303 1 1 1.000000
  0 3.804649 21.195841 14.597051 0.220146 0.495642 0.840163 0.436733 -0.750612 1 1 1.000000
nuke_blu.vtf
  0 -17.032555 12.465768 9.795443 -0.801770 0.377212 0.463547 0.389255 -0.578632 1 1 1.000000
  0 -16.894945 17.234379 4.511790 -0.861058 0.452106 0.232766 0.437231 -0.561314 1 1 1.000000
  0 -18.992476 12.460936 5.074749 -0.894402 0.376709 0.241113 0.403303 -0.544657 1 1 1.000000
nuke_blu.vtf
  0 -17.032555 12.465768 9.795443 -0.801770 0.377212 0.463547 0.389255 -0.578632 1 1 1.000000
  0 -15.149052 17.238874 8.705126 -0.771482 0.452737 0.447039 0.424352 -0.591732 1 1 1.000000
  0 -16.894945 17.234379 4.511790 -0.861058 0.452106 0.232766 0.437231 -0.561314 1 1 1.000000
nuke_blu.vtf
  0 -13.916502 12.473459 13.845345 -0.653863 0.378224 0.655294 0.378461 -0.613445 1 1 1.000000
  0 -15.149052 17.238874 8.705126 -0.771482 0.452737 0.447039 0.424352 -0.591732 1 1 1.000000
  0 -17.032555 12.465768 9.795443 -0.801770 0.377212 0.463547 0.389255 -0.578632 1 1 1.000000
nuke_blu.vtf
  0 -13.916502 12.473459 13.845345 -0.653863 0.378224 0.655294 0.378461 -0.613445 1 1 1.000000
  0 -12.375084 17.246033 12.298479 -0.628470 0.453604 0.631877 0.414497 -0.623182 1 1 1.000000
  0 -15.149052 17.238874 8.705126 -0.771482 0.452737 0.447039 0.424352 -0.591732 1 1 1.000000
nuke_blu.vtf
  0 -13.916502 12.473459 13.845345 -0.653863 0.378224 0.655294 0.378461 -0.613445 1 1 1.000000
  0 -8.766456 17.255302 15.045739 -0.443454 0.454840 0.772314 0.407562 -0.655368 1 1 1.000000
  0 -12.375084 17.246033 12.298479 -0.628470 0.453604 0.631877 0.414497 -0.623182 1 1 1.000000
nuke_blu.vtf
  0 -13.916502 12.473459 13.845345 -0.653863 0.378224 0.655294 0.378461 -0.613445 1 1 1.000000
  0 -9.858891 12.483476 16.947802 -0.461920 0.379311 0.801719 0.370834 -0.648929 1 1 1.000000
  0 -8.766456 17.255302 15.045739 -0.443454 0.454840 0.772314 0.407562 -0.655368 1 1 1.000000
nuke_blu.vtf
  0 -5.138285 12.495079 18.892088 -0.238001 0.380521 0.893622 0.366345 -0.684869 1 1 1.000000
  0 -8.766456 17.255302 15.045739 -0.443454 0.454840 0.772314 0.407562 -0.655368 1 1 1.000000
  0 -9.858891 12.483476 16.947802 -0.461920 0.379311 0.801719 0.370834 -0.648929 1 1 1.000000
nuke_blu.vtf
  0 -22.567167 -3.025175 6.036851 -0.960618 0.102057 0.258453 0.297208 -0.497127 1 1 1.000000
  0 -22.909803 1.071093 0.328957 -0.979288 0.154480 0.130887 0.343071 -0.471184 1 1 1.000000
  0 -23.329653 -3.025373 0.331610 -0.986104 0.101152 0.131786 0.315436 -0.457412 1 1 1.000000
nuke_blu.vtf
  0 -22.567167 -3.025175 6.036851 -0.960618 0.102057 0.258453 0.297208 -0.497127 1 1 1.000000
  0 -22.161537 1.071413 5.926774 -0.953848 0.155894 0.256652 0.325274 -0.509211 1 1 1.000000
  0 -22.909803 1.071093 0.328957 -0.979288 0.154480 0.130887 0.343071 -0.471184 1 1 1.000000
nuke_blu.vtf
  0 -22.161537 1.071413 5.926774 -0.953848 0.155894 0.256652 0.325274 -0.509211 1 1 1.000000
  0 -21.665401 6.845127 0.334741 -0.953623 0.272618 0.127600 0.381662 -0.491652 1 1 1.000000
  0 -22.909803 1.071093 0.328957 -0.979288 0.154480 0.130887 0.343071 -0.471184 1 1 1.000000
nuke_blu.vtf
  0 -22.161537 1.071413 5.926774 -0.953848 0.155894 0.256652 0.325274 -0.509211 1 1 1.000000
  0 -20.960127 6.845441 5.602964 -0.928392 0.274974 0.249954 0.364431 -0.526519 1 1 1.000000
  0 -21.665401 6.845127 0.334741 -0.953623 0.272618 0.127600 0.381662 -0.491652 1 1 1.000000
nuke_blu.vtf
  0 -20.960127 6.845441 5.602964 -0.928392 0.274974 0.249954 0.364431 -0.526519 1 1 1.000000
  0 -19.628693 12.459339 0.340482 -0.919316 0.373696 0.123325 0.419647 -0.513761 1 1 1.000000
  0 -21.665401 6.845127 0.334741 -0.953623 0.272618 0.127600 0.381662 -0.491652 1 1 1.000000
nuke_blu.vtf
  0 -20.960127 6.845441 5.602964 -0.928392 0.274974 0.249954 0.364431 -0.526519 1 1 1.000000
  0 -18.992476 12.460936 5.074749 -0.894402 0.376709 0.241113 0.403303 -0.544657 1 1 1.000000
  0 -19.628693 12.459339 0.340482 -0.919316 0.373696 0.123325 0.419647 -0.513761 1 1 1.000000
nuke_blu.vtf
  0 -18.798567 6.846526 10.818071 -0.832473 0.275237 0.480868 0.349439 -0.564202 1 1 1.000000
  0 -18.992476 12.460936 5.074749 -0.894402 0.376709 0.241113 0.403303 -0.544657 1 1 1.000000
  0 -20.960127 6.845441 5.602964 -0.928392 0.274974 0.249954 0.364431 -0.526519 1 1 1.000000
nuke_blu.vtf
  0 -18.798567 6.846526 10.818071 -0.832473 0.275237 0.480868 0.349439 -0.564202 1 1 1.000000
  0 -17.032555 12.465768 9.795443 -0.801770 0.377212 0.463547 0.389255 -0.578632 1 1 1.000000
  0 -18.992476 12.460936 5.074749 -0.894402 0.376709 0.241113 0.403303 -0.544657 1 1 1.000000
nuke_blu.vtf
  0 -15.360578 6.848101 15.295339 -0.679492 0.275688 0.679916 0.337757 -0.602642 1 1 1.000000
  0 -17.032555 12.465768 9.795443 -0.801770 0.377212 0.463547 0.389255 -0.578632 1 1 1.000000
  0 -18.798567 6.846526 10.818071 -0.832473 0.275237 0.480868 0.349439 -0.564202 1 1 1.000000
nuke_blu.vtf
  0 -15.360578 6.848101 15.295339 -0.679492 0.275688 0.679916 0.337757 -0.602642 1 1 1.000000
  0 -13.916502 12.473459 13.845345 -0.653863 0.378224 0.655294 0.378461 -0.613445 1 1 1.000000
  0 -17.032555 12.465768 9.795443 -0.801770 0.377212 0.463547 0.389255 -0.578632 1 1 1.000000
nuke_blu.vtf
  0 -10.881072 6.850105 18.729284 -0.480208 0.276302 0.832500 0.329411 -0.641753 1 1 1.000000
  0 -13.916502 12.473459 13.845345 -0.653863 0.378224 0.655294 0.378461 -0.613445 1 1 1.000000
  0 -15.360578 6.848101 15.295339 -0.679492 0.275688 0.679916 0.337757 -0.602642 1 1 1.000000
nuke_blu.vtf
  0 -10.881072 6.850105 18.729284 -0.480208 0.276302 0.832500 0.329411 -0.641753 1 1 1.000000
  0 -9.858891 12.483476 16.947802 -0.461920 0.379311 0.801719 0.370834 -0.648929 1 1 1.000000
  0 -13.916502 12.473459 13.845345 -0.653863 0.378224 0.655294 0.378461 -0.613445 1 1 1.000000
nuke_blu.vtf
  0 -5.665937 6.852508 20.886108 -0.248210 0.277110 0.928225 0.324435 -0.681347 1 1 1.000000
  0 -9.858891 12.483476 16.947802 -0.461920 0.379311 0.801719 0.370834 -0.648929 1 1 1.000000
  0 -10.881072 6.850105 18.729284 -0.480208 0.276302 0.832500 0.329411 -0.641753 1 1 1.000000
nuke_blu.vtf
  0 -5.665937 6.852508 20.886108 -0.248210 0.277110 0.928225 0.324435 -0.681347 1 1 1.000000
  0 -5.138285 12.495079 18.892088 -0.238001 0.380521 0.893622 0.366345 -0.684869 1 1 1.000000
  0 -9.858891 12.483476 16.947802 -0.461920 0.379311 0.801719 0.370834 -0.648929 1 1 1.000000
nuke_blu.vtf
  0 -5.665937 6.852508 20.886108 -0.248210 0.277110 0.928225 0.324435 -0.681347 1 1 1.000000
  0 -0.084857 12.507537 19.547150 -0.000090 0.381823 0.924236 0.364983 -0.720977 1 1 1.000000
  0 -5.138285 12.495079 18.892088 -0.238001 0.380521 0.893622 0.366345 -0.684869 1 1 1.000000
nuke_blu.vtf
  0 -5.138285 12.495079 18.892088 -0.238001 0.380521 0.893622 0.366345 -0.684869 1 1 1.000000
  0 -0.084857 12.507537 19.547150 -0.000090 0.381823 0.924236 0.364983 -0.720977 1 1 1.000000
  0 -0.095909 17.277704 17.330467 -0.000157 0.457369 0.889277 0.402315 -0.720805 1 1 1.000000
nuke_blu.vtf
  0 4.975465 12.495096 18.892191 0.237782 0.381267 0.893362 0.366523 -0.757121 1 1 1.000000
  0 -0.095909 17.277704 17.330467 -0.000157 0.457369 0.889277 0.402315 -0.720805 1 1 1.000000
  0 -0.084857 12.507537 19.547150 -0.000090 0.381823 0.924236 0.364983 -0.720977 1 1 1.000000
nuke_blu.vtf
  0 4.975465 12.495096 18.892191 0.237782 0.381267 0.893362 0.366523 -0.757121 1 1 1.000000
  0 4.393215 17.266134 16.761103 0.227031 0.456896 0.860060 0.403664 -0.753664 1 1 1.000000
  0 -0.095909 17.277704 17.330467 -0.000157 0.457369 0.889277 0.402315 -0.720805 1 1 1.000000
nuke_blu.vtf
  0 -19.875336 1.072502 11.444944 -0.855365 0.156127 0.493938 0.309482 -0.550191 1 1 1.000000
  0 -15.360578 6.848101 15.295339 -0.679492 0.275688 0.679916 0.337757 -0.602642 1 1 1.000000
  0 -18.798567 6.846526 10.818071 -0.832473 0.275237 0.480868 0.349439 -0.564202 1 1 1.000000
nuke_blu.vtf
  0 -19.875336 1.072502 11.444944 -0.855365 0.156127 0.493938 0.309482 -0.550191 1 1 1.000000
  0 -16.238787 1.074086 16.183128 -0.698315 0.156475 0.698478 0.297006 -0.592064 1 1 1.000000
  0 -15.360578 6.848101 15.295339 -0.679492 0.275688 0.679916 0.337757 -0.602642 1 1 1.000000
nuke_blu.vtf
  0 -16.238787 1.074086 16.183128 -0.698315 0.156475 0.698478 0.297006 -0.592064 1 1 1.000000
  0 -10.881072 6.850105 18.729284 -0.480208 0.276302 0.832500 0.329411 -0.641753 1 1 1.000000
  0 -15.360578 6.848101 15.295339 -0.679492 0.275688 0.679916 0.337757 -0.602642 1 1 1.000000
nuke_blu.vtf
  0 -16.238787 1.074086 16.183128 -0.698315 0.156475 0.698478 0.297006 -0.592064 1 1 1.000000
  0 -11.499911 1.076272 19.818220 -0.493679 0.156943 0.855366 0.288027 -0.634711 1 1 1.000000
  0 -10.881072 6.850105 18.729284 -0.480208 0.276302 0.832500 0.329411 -0.641753 1 1 1.000000
nuke_blu.vtf
  0 -11.499911 1.076272 19.818220 -0.493679 0.156943 0.855366 0.288027 -0.634711 1 1 1.000000
  0 -5.665937 6.852508 20.886108 -0.248210 0.277110 0.928225 0.324435 -0.681347 1 1 1.000000
  0 -10.881072 6.850105 18.729284 -0.480208 0.276302 0.832500 0.329411 -0.641753 1 1 1.000000
nuke_blu.vtf
  0 -11.499911 1.076272 19.818220 -0.493679 0.156943 0.855366 0.288027 -0.634711 1 1 1.000000
  0 -5.981785 1.078718 22.102722 -0.255429 0.157491 0.953914 0.282655 -0.677904 1 1 1.000000
  0 -5.665937 6.852508 20.886108 -0.248210 0.277110 0.928225 0.324435 -0.681347 1 1 1.000000
nuke_blu.vtf
  0 -5.981785 1.078718 22.102722 -0.255429 0.157491 0.953914 0.282655 -0.677904 1 1 1.000000
  0 -0.071379 6.855041 21.619308 -0.000005 0.277912 0.960606 0.322858 -0.721180 1 1 1.000000
  0 -5.665937 6.852508 20.886108 -0.248210 0.277110 0.928225 0.324435 -0.681347 1 1 1.000000
nuke_blu.vtf
  0 -5.665937 6.852508 20.886108 -0.248210 0.277110 0.928225 0.324435 -0.681347 1 1 1.000000
  0 -0.071379 6.855041 21.619308 -0.000005 0.277912 0.960606 0.322858 -0.721180 1 1 1.000000
  0 -0.084857 12.507537 19.547150 -0.000090 0.381823 0.924236 0.364983 -0.720977 1 1 1.000000
nuke_blu.vtf
  0 5.523455 6.852552 20.886194 0.248091 0.277945 0.928007 0.324642 -0.761001 1 1 1.000000
  0 -0.084857 12.507537 19.547150 -0.000090 0.381823 0.924236 0.364983 -0.720977 1 1 1.000000
  0 -0.071379 6.855041 21.619308 -0.000005 0.277912 0.960606 0.322858 -0.721180 1 1 1.000000
nuke_blu.vtf
  0 5.523455 6.852552 20.886194 0.248091 0.277945 0.928007 0.324642 -0.761001 1 1 1.000000
  0 4.975465 12.495096 18.892191 0.237782 0.381267 0.893362 0.366523 -0.757121 1 1 1.000000
  0 -0.084857 12.507537 19.547150 -0.000090 0.381823 0.924236 0.364983 -0.720977 1 1 1.000000
nuke_blu.vtf
  0 5.523455 6.852552 20.886194 0.248091 0.277945 0.928007 0.324642 -0.761001 1 1 1.000000
  0 9.696125 12.483480 16.948042 0.461595 0.380725 0.801236 0.371194 -0.793024 1 1 1.000000
  0 4.975465 12.495096 18.892191 0.237782 0.381267 0.893362 0.366523 -0.757121 1 1 1.000000
nuke_blu.vtf
  0 5.523455 6.852552 20.886194 0.248091 0.277945 0.928007 0.324642 -0.761001 1 1 1.000000
  0 10.738552 6.850138 18.729422 0.479953 0.277880 0.832122 0.329830 -0.800552 1 1 1.000000
  0 9.696125 12.483480 16.948042 0.461595 0.380725 0.801236 0.371194 -0.793024 1 1 1.000000
nuke_blu.vtf
  0 10.738552 6.850138 18.729422 0.479953 0.277880 0.832122 0.329830 -0.800552 1 1 1.000000
  0 13.753881 12.473459 13.845591 0.653261 0.380230 0.654734 0.379010 -0.828442 1 1 1.000000
  0 9.696125 12.483480 16.948042 0.461595 0.380725 0.801236 0.371194 -0.793024 1 1 1.000000
nuke_blu.vtf
  0 10.738552 6.850138 18.729422 0.479953 0.277880 0.832122 0.329830 -0.800552 1 1 1.000000
  0 15.218192 6.848062 15.295553 0.679012 0.277921 0.679487 0.338397 -0.839586 1 1 1.000000
  0 13.753881 12.473459 13.845591 0.653261 0.380230 0.654734 0.379010 -0.828442 1 1 1.000000
nuke_blu.vtf
  0 15.218192 6.848062 15.295553 0.679012 0.277921 0.679487 0.338397 -0.839586 1 1 1.000000
  0 16.869991 12.465799 9.795727 0.800884 0.379677 0.463066 0.389998 -0.863154 1 1 1.000000
  0 13.753881 12.473459 13.845591 0.653261 0.380230 0.654734 0.379010 -0.828442 1 1 1.000000
nuke_blu.vtf
  0 15.218192 6.848062 15.295553 0.679012 0.277921 0.679487 0.338397 -0.839586 1 1 1.000000
  0 18.656179 6.846530 10.818380 0.831776 0.277978 0.480496 0.350310 -0.877908 1 1 1.000000
  0 16.869991 12.465799 9.795727 0.800884 0.379677 0.463066 0.389998 -0.863154 1 1 1.000000
nuke_blu.vtf
  0 4.975465 12.495096 18.892191 0.237782 0.381267 0.893362 0.366523 -0.757121 1 1 1.000000
  0 9.696125 12.483480 16.948042 0.461595 0.380725 0.801236 0.371194 -0.793024 1 1 1.000000
  0 8.586528 17.255354 15.045900 0.443092 0.456105 0.771776 0.407877 -0.786286 1 1 1.000000
nuke_blu.vtf
  0 13.753881 12.473459 13.845591 0.653261 0.380230 0.654734 0.379010 -0.828442 1 1 1.000000
  0 8.586528 17.255354 15.045900 0.443092 0.456105 0.771776 0.407877 -0.786286 1 1 1.000000
  0 9.696125 12.483480 16.948042 0.461595 0.380725 0.801236 0.371194 -0.793024 1 1 1.000000
nuke_blu.vtf
  0 13.753881 12.473459 13.845591 0.653261 0.380230 0.654734 0.379010 -0.828442 1 1 1.000000
  0 12.195222 17.246067 12.298676 0.627804 0.455396 0.631250 0.414976 -0.818415 1 1 1.000000
  0 8.586528 17.255354 15.045900 0.443092 0.456105 0.771776 0.407877 -0.786286 1 1 1.000000
nuke_blu.vtf
  0 13.753881 12.473459 13.845591 0.653261 0.380230 0.654734 0.379010 -0.828442 1 1 1.000000
  0 14.969206 17.238909 8.705372 0.770499 0.454935 0.446503 0.424999 -0.849783 1 1 1.000000
  0 12.195222 17.246067 12.298676 0.627804 0.455396 0.631250 0.414976 -0.818415 1 1 1.000000
nuke_blu.vtf
  0 13.753881 12.473459 13.845591 0.653261 0.380230 0.654734 0.379010 -0.828442 1 1 1.000000
  0 16.869991 12.465799 9.795727 0.800884 0.379677 0.463066 0.389998 -0.863154 1 1 1.000000
  0 14.969206 17.238909 8.705372 0.770499 0.454935 0.446503 0.424999 -0.849783 1 1 1.000000
nuke_blu.vtf
  0 16.869991 12.465799 9.795727 0.800884 0.379677 0.463066 0.389998 -0.863154 1 1 1.000000
  0 16.715221 17.234413 4.512039 0.859847 0.454558 0.232465 0.438046 -0.880088 1 1 1.000000
  0 14.969206 17.238909 8.705372 0.770499 0.454935 0.446503 0.424999 -0.849783 1 1 1.000000
nuke_blu.vtf
  0 16.869991 12.465799 9.795727 0.800884 0.379677 0.463066 0.389998 -0.863154 1 1 1.000000
  0 18.830011 12.460944 5.075054 0.893313 0.379459 0.240838 0.404242 -0.896989 1 1 1.000000
  0 16.715221 17.234413 4.512039 0.859847 0.454558 0.232465 0.438046 -0.880088 1 1 1.000000
nuke_blu.vtf
  0 18.656179 6.846530 10.818380 0.831776 0.277978 0.480496 0.350310 -0.877908 1 1 1.000000
  0 18.830011 12.460944 5.075054 0.893313 0.379459 0.240838 0.404242 -0.896989 1 1 1.000000
  0 16.869991 12.465799 9.795727 0.800884 0.379677 0.463066 0.389998 -0.863154 1 1 1.000000
nuke_blu.vtf
  0 18.656179 6.846530 10.818380 0.831776 0.277978 0.480496 0.350310 -0.877908 1 1 1.000000
  0 20.817842 6.845526 5.603286 0.927537 0.278028 0.249750 0.365539 -0.915421 1 1 1.000000
  0 18.830011 12.460944 5.075054 0.893313 0.379459 0.240838 0.404242 -0.896989 1 1 1.000000
nuke_blu.vtf
  0 22.040001 1.071442 5.927129 0.953330 0.159221 0.256536 0.326587 -0.933052 1 1 1.000000
  0 20.817842 6.845526 5.603286 0.927537 0.278028 0.249750 0.365539 -0.915421 1 1 1.000000
  0 18.656179 6.846530 10.818380 0.831776 0.277978 0.480496 0.350310 -0.877908 1 1 1.000000
nuke_blu.vtf
  0 22.040001 1.071442 5.927129 0.953330 0.159221 0.256536 0.326587 -0.933052 1 1 1.000000
  0 18.656179 6.846530 10.818380 0.831776 0.277978 0.480496 0.350310 -0.877908 1 1 1.000000
  0 19.753813 1.072495 11.445262 0.854943 0.159112 0.493716 0.310504 -0.892266 1 1 1.000000
nuke_blu.vtf
  0 19.753813 1.072495 11.445262 0.854943 0.159112 0.493716 0.310504 -0.892266 1 1 1.000000
  0 18.656179 6.846530 10.818380 0.831776 0.277978 0.480496 0.350310 -0.877908 1 1 1.000000
  0 15.218192 6.848062 15.295553 0.679012 0.277921 0.679487 0.338397 -0.839586 1 1 1.000000
nuke_blu.vtf
  0 19.753813 1.072495 11.445262 0.854943 0.159112 0.493716 0.310504 -0.892266 1 1 1.000000
  0 15.218192 6.848062 15.295553 0.679012 0.277921 0.679487 0.338397 -0.839586 1 1 1.000000
  0 16.117201 1.074138 16.183290 0.698023 0.158911 0.698220 0.297754 -0.850525 1 1 1.000000
nuke_blu.vtf
  0 16.117201 1.074138 16.183290 0.698023 0.158911 0.698220 0.297754 -0.850525 1 1 1.000000
  0 15.218192 6.848062 15.295553 0.679012 0.277921 0.679487 0.338397 -0.839586 1 1 1.000000
  0 10.738552 6.850138 18.729422 0.479953 0.277880 0.832122 0.329830 -0.800552 1 1 1.000000
nuke_blu.vtf
  0 16.117201 1.074138 16.183290 0.698023 0.158911 0.698220 0.297754 -0.850525 1 1 1.000000
  0 10.738552 6.850138 18.729422 0.479953 0.277880 0.832122 0.329830 -0.800552 1 1 1.000000
  0 11.378218 1.076297 19.818417 0.493522 0.158660 0.855139 0.288515 -0.807964 1 1 1.000000
nuke_blu.vtf
  0 11.378218 1.076297 19.818417 0.493522 0.158660 0.855139 0.288515 -0.807964 1 1 1.000000
  0 10.738552 6.850138 18.729422 0.479953 0.277880 0.832122 0.329830 -0.800552 1 1 1.000000
  0 5.523455 6.852552 20.886194 0.248091 0.277945 0.928007 0.324642 -0.761001 1 1 1.000000
nuke_blu.vtf
  0 11.378218 1.076297 19.818417 0.493522 0.158660 0.855139 0.288515 -0.807964 1 1 1.000000
  0 5.523455 6.852552 20.886194 0.248091 0.277945 0.928007 0.324642 -0.761001 1 1 1.000000
  0 5.860087 1.078682 22.102859 0.255363 0.158376 0.953786 0.282896 -0.764819 1 1 1.000000
nuke_blu.vtf
  0 5.860087 1.078682 22.102859 0.255363 0.158376 0.953786 0.282896 -0.764819 1 1 1.000000
  0 5.523455 6.852552 20.886194 0.248091 0.277945 0.928007 0.324642 -0.761001 1 1 1.000000
  0 -0.071379 6.855041 21.619308 -0.000005 0.277912 0.960606 0.322858 -0.721180 1 1 1.000000
nuke_blu.vtf
  0 4.975465 12.495096 18.892191 0.237782 0.381267 0.893362 0.366523 -0.757121 1 1 1.000000
  0 8.586528 17.255354 15.045900 0.443092 0.456105 0.771776 0.407877 -0.786286 1 1 1.000000
  0 4.393215 17.266134 16.761103 0.227031 0.456896 0.860060 0.403664 -0.753664 1 1 1.000000
nuke_blu.vtf
  0 4.393215 17.266134 16.761103 0.227031 0.456896 0.860060 0.403664 -0.753664 1 1 1.000000
  0 8.586528 17.255354 15.045900 0.443092 0.456105 0.771776 0.407877 -0.786286 1 1 1.000000
  0 7.459475 21.186520 13.109210 0.431258 0.495242 0.754156 0.440504 -0.780303 1 1 1.000000
nuke_blu.vtf
  0 12.195222 17.246067 12.298676 0.627804 0.455396 0.631250 0.414976 -0.818415 1 1 1.000000
  0 7.459475 21.186520 13.109210 0.431258 0.495242 0.754156 0.440504 -0.780303 1 1 1.000000
  0 8.586528 17.255354 15.045900 0.443092 0.456105 0.771776 0.407877 -0.786286 1 1 1.000000
nuke_blu.vtf
  0 12.195222 17.246067 12.298676 0.627804 0.455396 0.631250 0.414976 -0.818415 1 1 1.000000
  0 10.607261 21.178486 10.719891 0.611964 0.494820 0.616971 0.446881 -0.809506 1 1 1.000000
  0 7.459475 21.186520 13.109210 0.431258 0.495242 0.754156 0.440504 -0.780303 1 1 1.000000
nuke_blu.vtf
  0 12.195222 17.246067 12.298676 0.627804 0.455396 0.631250 0.414976 -0.818415 1 1 1.000000
  0 13.028655 21.172358 7.590485 0.751486 0.494738 0.436467 0.455866 -0.837916 1 1 1.000000
  0 10.607261 21.178486 10.719891 0.611964 0.494820 0.616971 0.446881 -0.809506 1 1 1.000000
nuke_blu.vtf
  0 12.195222 17.246067 12.298676 0.627804 0.455396 0.631250 0.414976 -0.818415 1 1 1.000000
  0 14.969206 17.238909 8.705372 0.770499 0.454935 0.446503 0.424999 -0.849783 1 1 1.000000
  0 13.028655 21.172358 7.590485 0.751486 0.494738 0.436467 0.455866 -0.837916 1 1 1.000000
nuke_blu.vtf
  0 14.969206 17.238909 8.705372 0.770499 0.454935 0.446503 0.424999 -0.849783 1 1 1.000000
  0 14.553387 21.168444 3.935635 0.838873 0.494490 0.227536 0.467437 -0.865197 1 1 1.000000
  0 13.028655 21.172358 7.590485 0.751486 0.494738 0.436467 0.455866 -0.837916 1 1 1.000000
nuke_blu.vtf
  0 14.969206 17.238909 8.705372 0.770499 0.454935 0.446503 0.424999 -0.849783 1 1 1.000000
  0 16.715221 17.234413 4.512039 0.859847 0.454558 0.232465 0.438046 -0.880088 1 1 1.000000
  0 14.553387 21.168444 3.935635 0.838873 0.494490 0.227536 0.467437 -0.865197 1 1 1.000000
nuke_blu.vtf
  0 16.715221 17.234413 4.512039 0.859847 0.454558 0.232465 0.438046 -0.880088 1 1 1.000000
  0 15.039697 21.167173 0.358957 0.863200 0.491153 0.116847 0.479598 -0.888205 1 1 1.000000
  0 14.553387 21.168444 3.935635 0.838873 0.494490 0.227536 0.467437 -0.865197 1 1 1.000000
nuke_blu.vtf
  0 16.715221 17.234413 4.512039 0.859847 0.454558 0.232465 0.438046 -0.880088 1 1 1.000000
  0 17.277859 17.232952 0.348154 0.884434 0.451188 0.119190 0.453163 -0.906769 1 1 1.000000
  0 15.039697 21.167173 0.358957 0.863200 0.491153 0.116847 0.479598 -0.888205 1 1 1.000000
nuke_blu.vtf
  0 18.830011 12.460944 5.075054 0.893313 0.379459 0.240838 0.404242 -0.896989 1 1 1.000000
  0 17.277859 17.232952 0.348154 0.884434 0.451188 0.119190 0.453163 -0.906769 1 1 1.000000
  0 16.715221 17.234413 4.512039 0.859847 0.454558 0.232465 0.438046 -0.880088 1 1 1.000000
nuke_blu.vtf
  0 18.830011 12.460944 5.075054 0.893313 0.379459 0.240838 0.404242 -0.896989 1 1 1.000000
  0 19.466263 12.459339 0.340794 0.918178 0.376530 0.123181 0.420760 -0.927712 1 1 1.000000
  0 17.277859 17.232952 0.348154 0.884434 0.451188 0.119190 0.453163 -0.906769 1 1 1.000000
nuke_blu.vtf
  0 20.817842 6.845526 5.603286 0.927537 0.278028 0.249750 0.365539 -0.915421 1 1 1.000000
  0 19.466263 12.459339 0.340794 0.918178 0.376530 0.123181 0.420760 -0.927712 1 1 1.000000
  0 18.830011 12.460944 5.075054 0.893313 0.379459 0.240838 0.404242 -0.896989 1 1 1.000000
nuke_blu.vtf
  0 20.817842 6.845526 5.603286 0.927537 0.278028 0.249750 0.365539 -0.915421 1 1 1.000000
  0 21.523226 6.845195 0.335077 0.952731 0.275766 0.127503 0.382988 -0.950068 1 1 1.000000
  0 19.466263 12.459339 0.340794 0.918178 0.376530 0.123181 0.420760 -0.927712 1 1 1.000000
nuke_blu.vtf
  0 22.040001 1.071442 5.927129 0.953330 0.159221 0.256536 0.326587 -0.933052 1 1 1.000000
  0 21.523226 6.845195 0.335077 0.952731 0.275766 0.127503 0.382988 -0.950068 1 1 1.000000
  0 20.817842 6.845526 5.603286 0.927537 0.278028 0.249750 0.365539 -0.915421 1 1 1.000000
nuke_blu.vtf
  0 22.040001 1.071442 5.927129 0.953330 0.159221 0.256536 0.326587 -0.933052 1 1 1.000000
  0 22.788473 1.071130 0.329313 0.978747 0.157901 0.130851 0.344655 -0.970812 1 1 1.000000
  0 21.523226 6.845195 0.335077 0.952731 0.275766 0.127503 0.382988 -0.950068 1 1 1.000000
nuke_blu.vtf
  0 22.460413 -3.025111 6.037186 0.960288 0.105484 0.258304 0.298687 -0.945393 1 1 1.000000
  0 22.788473 1.071130 0.329313 0.978747 0.157901 0.130851 0.344655 -0.970812 1 1 1.000000
  0 22.040001 1.071442 5.927129 0.953330 0.159221 0.256536 0.326587 -0.933052 1 1 1.000000
nuke_blu.vtf
  0 22.460413 -3.025111 6.037186 0.960288 0.105484 0.258304 0.298687 -0.945393 1 1 1.000000
  0 22.040001 1.071442 5.927129 0.953330 0.159221 0.256536 0.326587 -0.933052 1 1 1.000000
  0 19.753813 1.072495 11.445262 0.854943 0.159112 0.493716 0.310504 -0.892266 1 1 1.000000
nuke_blu.vtf
  0 22.460413 -3.025111 6.037186 0.960288 0.105484 0.258304 0.298687 -0.945393 1 1 1.000000
  0 23.223108 -3.025387 0.331984 0.985738 0.104672 0.131773 0.317311 -0.984709 1 1 1.000000
  0 22.788473 1.071130 0.329313 0.978747 0.157901 0.130851 0.344655 -0.970812 1 1 1.000000
nuke_blu.vtf
  0 22.460413 -3.025111 6.037186 0.960288 0.105484 0.258304 0.298687 -0.945393 1 1 1.000000
  0 19.753813 1.072495 11.445262 0.854943 0.159112 0.493716 0.310504 -0.892266 1 1 1.000000
  0 20.131569 -3.024448 11.658388 0.861220 0.105270 0.497210 0.281878 -0.902462 1 1 1.000000
nuke_blu.vtf
  0 20.131569 -3.024448 11.658388 0.861220 0.105270 0.497210 0.281878 -0.902462 1 1 1.000000
  0 19.753813 1.072495 11.445262 0.854943 0.159112 0.493716 0.310504 -0.892266 1 1 1.000000
  0 16.117201 1.074138 16.183290 0.698023 0.158911 0.698220 0.297754 -0.850525 1 1 1.000000
nuke_blu.vtf
  0 20.131569 -3.024448 11.658388 0.861220 0.105270 0.497210 0.281878 -0.902462 1 1 1.000000
  0 16.117201 1.074138 16.183290 0.698023 0.158911 0.698220 0.297754 -0.850525 1 1 1.000000
  0 16.426910 -3.023468 16.485052 0.703205 0.104928 0.703202 0.268457 -0.858348 1 1 1.000000
nuke_blu.vtf
  0 16.426910 -3.023468 16.485052 0.703205 0.104928 0.703202 0.268457 -0.858348 1 1 1.000000
  0 16.117201 1.074138 16.183290 0.698023 0.158911 0.698220 0.297754 -0.850525 1 1 1.000000
  0 11.378218 1.076297 19.818417 0.493522 0.158660 0.855139 0.288515 -0.807964 1 1 1.000000
nuke_blu.vtf
  0 16.426910 -3.023468 16.485052 0.703205 0.104928 0.703202 0.268457 -0.858348 1 1 1.000000
  0 11.378218 1.076297 19.818417 0.493522 0.158660 0.855139 0.288515 -0.807964 1 1 1.000000
  0 11.599411 -3.022239 20.187977 0.497263 0.104494 0.861284 0.258699 -0.813286 1 1 1.000000
nuke_blu.vtf
  0 11.599411 -3.022239 20.187977 0.497263 0.104494 0.861284 0.258699 -0.813286 1 1 1.000000
  0 11.378218 1.076297 19.818417 0.493522 0.158660 0.855139 0.288515 -0.807964 1 1 1.000000
  0 5.860087 1.078682 22.102859 0.255363 0.158376 0.953786 0.282896 -0.764819 1 1 1.000000
nuke_blu.vtf
  0 11.599411 -3.022239 20.187977 0.497263 0.104494 0.861284 0.258699 -0.813286 1 1 1.000000
  0 5.860087 1.078682 22.102859 0.255363 0.158376 0.953786 0.282896 -0.764819 1 1 1.000000
  0 5.978203 -3.020766 22.515120 0.257408 0.104026 0.960687 0.252750 -0.767567 1 1 1.000000
nuke_blu.vtf
  0 5.978203 -3.020766 22.515120 0.257408 0.104026 0.960687 0.252750 -0.767567 1 1 1.000000
  0 5.860087 1.078682 22.102859 0.255363 0.158376 0.953786 0.282896 -0.764819 1 1 1.000000
  0 -0.060956 1.081309 22.880974 -0.000019 0.158057 0.987430 0.280952 -0.721369 1 1 1.000000
nuke_blu.vtf
  0 5.978203 -3.020766 22.515120 0.257408 0.104026 0.960687 0.252750 -0.767567 1 1 1.000000
  0 -0.060956 1.081309 22.880974 -0.000019 0.158057 0.987430 0.280952 -0.721369 1 1 1.000000
  0 -0.053480 -3.019237 23.307852 0.000140 0.103543 0.994625 0.250678 -0.721511 1 1 1.000000
nuke_blu.vtf
  0 -6.085121 -3.020771 22.515034 -0.257170 0.103116 0.960849 0.252480 -0.675438 1 1 1.000000
  0 -0.053480 -3.019237 23.307852 0.000140 0.103543 0.994625 0.250678 -0.721511 1 1 1.000000
  0 -0.060956 1.081309 22.880974 -0.000019 0.158057 0.987430 0.280952 -0.721369 1 1 1.000000
nuke_blu.vtf
  0 5.860087 1.078682 22.102859 0.255363 0.158376 0.953786 0.282896 -0.764819 1 1 1.000000
  0 -0.071379 6.855041 21.619308 -0.000005 0.277912 0.960606 0.322858 -0.721180 1 1 1.000000
  0 -0.060956 1.081309 22.880974 -0.000019 0.158057 0.987430 0.280952 -0.721369 1 1 1.000000
nuke_blu.vtf
  0 -5.981785 1.078718 22.102722 -0.255429 0.157491 0.953914 0.282655 -0.677904 1 1 1.000000
  0 -0.060956 1.081309 22.880974 -0.000019 0.158057 0.987430 0.280952 -0.721369 1 1 1.000000
  0 -0.071379 6.855041 21.619308 -0.000005 0.277912 0.960606 0.322858 -0.721180 1 1 1.000000
nuke_blu.vtf
  0 -6.085121 -3.020771 22.515034 -0.257170 0.103116 0.960849 0.252480 -0.675438 1 1 1.000000
  0 -0.060956 1.081309 22.880974 -0.000019 0.158057 0.987430 0.280952 -0.721369 1 1 1.000000
  0 -5.981785 1.078718 22.102722 -0.255429 0.157491 0.953914 0.282655 -0.677904 1 1 1.000000
nuke_blu.vtf
  0 -11.706334 -3.022208 20.187874 -0.497147 0.102740 0.861562 0.258154 -0.629667 1 1 1.000000
  0 -6.085121 -3.020771 22.515034 -0.257170 0.103116 0.960849 0.252480 -0.675438 1 1 1.000000
  0 -5.981785 1.078718 22.102722 -0.255429 0.157491 0.953914 0.282655 -0.677904 1 1 1.000000
nuke_blu.vtf
  0 -11.706334 -3.022208 20.187874 -0.497147 0.102740 0.861562 0.258154 -0.629667 1 1 1.000000
  0 -5.981785 1.078718 22.102722 -0.255429 0.157491 0.953914 0.282655 -0.677904 1 1 1.000000
  0 -11.499911 1.076272 19.818220 -0.493679 0.156943 0.855366 0.288027 -0.634711 1 1 1.000000
nuke_blu.vtf
  0 -16.533804 -3.023540 16.484816 -0.703256 0.102425 0.703520 0.267623 -0.584512 1 1 1.000000
  0 -11.706334 -3.022208 20.187874 -0.497147 0.102740 0.861562 0.258154 -0.629667 1 1 1.000000
  0 -11.499911 1.076272 19.818220 -0.493679 0.156943 0.855366 0.288027 -0.634711 1 1 1.000000
nuke_blu.vtf
  0 -16.533804 -3.023540 16.484816 -0.703256 0.102425 0.703520 0.267623 -0.584512 1 1 1.000000
  0 -11.499911 1.076272 19.818220 -0.493679 0.156943 0.855366 0.288027 -0.634711 1 1 1.000000
  0 -16.238787 1.074086 16.183128 -0.698315 0.156475 0.698478 0.297006 -0.592064 1 1 1.000000
nuke_blu.vtf
  0 -20.238325 -3.024471 11.658105 -0.861430 0.102202 0.497486 0.280735 -0.540258 1 1 1.000000
  0 -16.533804 -3.023540 16.484816 -0.703256 0.102425 0.703520 0.267623 -0.584512 1 1 1.000000
  0 -16.238787 1.074086 16.183128 -0.698315 0.156475 0.698478 0.297006 -0.592064 1 1 1.000000
nuke_blu.vtf
  0 -20.238325 -3.024471 11.658105 -0.861430 0.102202 0.497486 0.280735 -0.540258 1 1 1.000000
  0 -16.238787 1.074086 16.183128 -0.698315 0.156475 0.698478 0.297006 -0.592064 1 1 1.000000
  0 -19.875336 1.072502 11.444944 -0.855365 0.156127 0.493938 0.309482 -0.550191 1 1 1.000000
nuke_blu.vtf
  0 -22.567167 -3.025175 6.036851 -0.960618 0.102057 0.258453 0.297208 -0.497127 1 1 1.000000
  0 -20.238325 -3.024471 11.658105 -0.861430 0.102202 0.497486 0.280735 -0.540258 1 1 1.000000
  0 -19.875336 1.072502 11.444944 -0.855365 0.156127 0.493938 0.309482 -0.550191 1 1 1.000000
nuke_blu.vtf
  0 -22.567167 -3.025175 6.036851 -0.960618 0.102057 0.258453 0.297208 -0.497127 1 1 1.000000
  0 -19.875336 1.072502 11.444944 -0.855365 0.156127 0.493938 0.309482 -0.550191 1 1 1.000000
  0 -22.161537 1.071413 5.926774 -0.953848 0.155894 0.256652 0.325274 -0.509211 1 1 1.000000
nuke_blu.vtf
  0 -22.161537 1.071413 5.926774 -0.953848 0.155894 0.256652 0.325274 -0.509211 1 1 1.000000
  0 -19.875336 1.072502 11.444944 -0.855365 0.156127 0.493938 0.309482 -0.550191 1 1 1.000000
  0 -18.798567 6.846526 10.818071 -0.832473 0.275237 0.480868 0.349439 -0.564202 1 1 1.000000
nuke_blu.vtf
  0 -22.161537 1.071413 5.926774 -0.953848 0.155894 0.256652 0.325274 -0.509211 1 1 1.000000
  0 -18.798567 6.846526 10.818071 -0.832473 0.275237 0.480868 0.349439 -0.564202 1 1 1.000000
  0 -20.960127 6.845441 5.602964 -0.928392 0.274974 0.249954 0.364431 -0.526519 1 1 1.000000
nuke_blu.vtf
  0 -4.076812 21.165491 -14.568443 0.118687 -0.157757 -0.980319 0.436733 -0.750612 1 1 1.000000
  0 0.341049 21.524572 -14.091358 0.118687 -0.157757 -0.980319 0.443112 -0.717054 1 1 1.000000
  0 3.568201 21.516470 -13.699344 0.118687 -0.157757 -0.980319 0.443959 -0.691432 1 1 1.000000
nuke_blu.vtf
  0 -4.076812 21.165491 -14.568443 -0.100959 0.933505 -0.344058 0.436733 -0.750612 1 1 1.000000
  0 -0.548444 21.524555 -14.091105 -0.004072 0.813368 -0.581735 0.443127 -0.724235 1 1 1.000000
  0 0.341049 21.524572 -14.091358 -0.000187 0.799810 -0.600253 0.443112 -0.717054 1 1 1.000000
nuke_blu.vtf
  0 -4.076812 21.165491 -14.568443 -0.100959 0.933505 -0.344058 0.436733 -0.750612 1 1 1.000000
  0 -3.763091 21.516470 -13.699404 -0.091725 0.933780 -0.345892 0.444097 -0.749945 1 1 1.000000
  0 -0.548444 21.524555 -14.091105 -0.004072 0.813368 -0.581735 0.443127 -0.724235 1 1 1.000000
nuke_blu.vtf
  0 -7.731497 21.131416 -13.080733 -0.188976 0.929725 -0.316070 0.440504 -0.780303 1 1 1.000000
  0 -3.763091 21.516470 -13.699404 -0.091725 0.933780 -0.345892 0.444097 -0.749945 1 1 1.000000
  0 -4.076812 21.165491 -14.568443 -0.100959 0.933505 -0.344058 0.436733 -0.750612 1 1 1.000000
nuke_blu.vtf
  0 -7.731497 21.131416 -13.080733 -0.188976 0.929725 -0.316070 0.440504 -0.780303 1 1 1.000000
  0 -7.195856 21.507835 -12.299423 -0.185387 0.928403 -0.322023 0.447804 -0.778973 1 1 1.000000
  0 -3.763091 21.516470 -13.699404 -0.091725 0.933780 -0.345892 0.444097 -0.749945 1 1 1.000000
nuke_blu.vtf
  0 -10.879177 21.102320 -10.691400 -0.271546 0.925167 -0.265197 0.446881 -0.809506 1 1 1.000000
  0 -7.195856 21.507835 -12.299423 -0.185387 0.928403 -0.322023 0.447804 -0.778973 1 1 1.000000
  0 -7.731497 21.131416 -13.080733 -0.188976 0.929725 -0.316070 0.440504 -0.780303 1 1 1.000000
nuke_blu.vtf
  0 -10.879177 21.102320 -10.691400 -0.271546 0.925167 -0.265197 0.446881 -0.809506 1 1 1.000000
  0 -10.151505 21.500454 -10.053484 -0.269755 0.924081 -0.270753 0.454036 -0.807526 1 1 1.000000
  0 -7.195856 21.507835 -12.299423 -0.185387 0.928403 -0.322023 0.447804 -0.778973 1 1 1.000000
nuke_blu.vtf
  0 -13.300382 21.080261 -7.561992 -0.337066 0.921898 -0.191026 0.455866 -0.837916 1 1 1.000000
  0 -10.151505 21.500454 -10.053484 -0.269755 0.924081 -0.270753 0.454036 -0.807526 1 1 1.000000
  0 -10.879177 21.102320 -10.691400 -0.271546 0.925167 -0.265197 0.446881 -0.809506 1 1 1.000000
nuke_blu.vtf
  0 -13.300382 21.080261 -7.561992 -0.337066 0.921898 -0.191026 0.455866 -0.837916 1 1 1.000000
  0 -12.424438 21.494806 -7.113318 -0.336769 0.921120 -0.195258 0.462792 -0.835282 1 1 1.000000
  0 -10.151505 21.500454 -10.053484 -0.269755 0.924081 -0.270753 0.454036 -0.807526 1 1 1.000000
nuke_blu.vtf
  0 -14.825015 21.066734 -3.907150 -0.378002 0.920583 -0.098192 0.467437 -0.865197 1 1 1.000000
  0 -12.424438 21.494806 -7.113318 -0.336769 0.921120 -0.195258 0.462792 -0.835282 1 1 1.000000
  0 -13.300382 21.080261 -7.561992 -0.337066 0.921898 -0.191026 0.455866 -0.837916 1 1 1.000000
nuke_blu.vtf
  0 -14.825015 21.066734 -3.907150 -0.378002 0.920583 -0.098192 0.467437 -0.865197 1 1 1.000000
  0 -13.830208 21.503887 -3.669117 -0.380202 0.919511 -0.099730 0.474359 -0.861858 1 1 1.000000
  0 -12.424438 21.494806 -7.113318 -0.336769 0.921120 -0.195258 0.462792 -0.835282 1 1 1.000000
nuke_blu.vtf
  0 -14.242307 21.513071 0.013328 -0.377748 0.924604 -0.049118 0.487396 -0.888707 1 1 1.000000
  0 -13.830208 21.503887 -3.669117 -0.380202 0.919511 -0.099730 0.474359 -0.861858 1 1 1.000000
  0 -14.825015 21.066734 -3.907150 -0.378002 0.920583 -0.098192 0.467437 -0.865197 1 1 1.000000
nuke_blu.vtf
  0 -14.242307 21.513071 0.013328 -0.377748 0.924604 -0.049118 0.487396 -0.888707 1 1 1.000000
  0 -14.825015 21.066734 -3.907150 -0.378002 0.920583 -0.098192 0.467437 -0.865197 1 1 1.000000
  0 -15.311216 21.062941 -0.330454 -0.373960 0.926104 -0.049852 0.479598 -0.888205 1 1 1.000000
nuke_blu.vtf
  0 14.474914 21.267818 -3.906952 0.251262 0.965568 -0.067421 0.466710 -0.575993 1 1 1.000000
  0 14.047225 21.513105 0.013555 0.247341 0.968346 -0.033602 0.486527 -0.552325 1 1 1.000000
  0 14.961043 21.270720 -0.330241 0.244266 0.969112 -0.033986 0.478735 -0.552889 1 1 1.000000
nuke_blu.vtf
  0 14.474914 21.267818 -3.906952 0.251262 0.965568 -0.067421 0.466710 -0.575993 1 1 1.000000
  0 13.635178 21.503904 -3.668905 0.252642 0.965298 -0.066125 0.473652 -0.579288 1 1 1.000000
  0 14.047225 21.513105 0.013555 0.247341 0.968346 -0.033602 0.486527 -0.552325 1 1 1.000000
nuke_blu.vtf
  0 14.474914 21.267818 -3.906952 0.251262 0.965568 -0.067421 0.466710 -0.575993 1 1 1.000000
  0 12.229580 21.494823 -7.113112 0.230152 0.964014 -0.133066 0.462229 -0.605955 1 1 1.000000
  0 13.635178 21.503904 -3.668905 0.252642 0.965298 -0.066125 0.473652 -0.579288 1 1 1.000000
nuke_blu.vtf
  0 14.474914 21.267818 -3.906952 0.251262 0.965568 -0.067421 0.466710 -0.575993 1 1 1.000000
  0 12.950171 21.260437 -7.561816 0.230712 0.963528 -0.135592 0.455288 -0.603365 1 1 1.000000
  0 12.229580 21.494823 -7.113112 0.230152 0.964014 -0.133066 0.462229 -0.605955 1 1 1.000000
nuke_blu.vtf
  0 12.950171 21.260437 -7.561816 0.230712 0.963528 -0.135592 0.455288 -0.603365 1 1 1.000000
  0 9.956664 21.500454 -10.053326 0.198079 0.959875 -0.198507 0.453618 -0.633778 1 1 1.000000
  0 12.229580 21.494823 -7.113112 0.230152 0.964014 -0.133066 0.462229 -0.605955 1 1 1.000000
nuke_blu.vtf
  0 12.950171 21.260437 -7.561816 0.230712 0.963528 -0.135592 0.455288 -0.603365 1 1 1.000000
  0 10.528906 21.249262 -10.691236 0.197988 0.959039 -0.202597 0.446453 -0.631843 1 1 1.000000
  0 9.956664 21.500454 -10.053326 0.198079 0.959875 -0.198507 0.453618 -0.633778 1 1 1.000000
nuke_blu.vtf
  0 10.528906 21.249262 -10.691236 0.197988 0.959039 -0.202597 0.446453 -0.631843 1 1 1.000000
  0 7.000978 21.507870 -12.299377 0.148956 0.954378 -0.258793 0.447528 -0.662379 1 1 1.000000
  0 9.956664 21.500454 -10.053326 0.198079 0.959875 -0.198507 0.453618 -0.633778 1 1 1.000000
nuke_blu.vtf
  0 10.528906 21.249262 -10.691236 0.197988 0.959039 -0.202597 0.446453 -0.631843 1 1 1.000000
  0 7.381185 21.235151 -13.080551 0.147224 0.953328 -0.263612 0.440221 -0.661094 1 1 1.000000
  0 7.000978 21.507870 -12.299377 0.148956 0.954378 -0.258793 0.447528 -0.662379 1 1 1.000000
nuke_blu.vtf
  0 7.381185 21.235151 -13.080551 0.147224 0.953328 -0.263612 0.440221 -0.661094 1 1 1.000000
  0 3.568201 21.516470 -13.699344 0.058750 0.948315 -0.311845 0.443959 -0.691432 1 1 1.000000
  0 7.000978 21.507870 -12.299377 0.148956 0.954378 -0.258793 0.447528 -0.662379 1 1 1.000000
nuke_blu.vtf
  0 7.381185 21.235151 -13.080551 0.147224 0.953328 -0.263612 0.440221 -0.661094 1 1 1.000000
  0 3.726437 21.219049 -14.568402 0.055627 0.947721 -0.314213 0.436593 -0.690810 1 1 1.000000
  0 3.568201 21.516470 -13.699344 0.058750 0.948315 -0.311845 0.443959 -0.691432 1 1 1.000000
nuke_blu.vtf
  0 -4.076812 21.165491 -14.568443 -0.006489 0.945744 -0.324847 0.436733 -0.750612 1 1 1.000000
  0 3.568201 21.516470 -13.699344 0.058750 0.948315 -0.311845 0.443959 -0.691432 1 1 1.000000
  0 3.726437 21.219049 -14.568402 0.055627 0.947721 -0.314213 0.436593 -0.690810 1 1 1.000000
nuke_blu.vtf
  0 -4.076812 21.165491 -14.568443 -0.006862 0.999773 0.020195 0.436733 -0.750612 1 1 1.000000
  0 3.726437 21.219049 -14.568402 -0.006862 0.999773 0.020195 0.436593 -0.690810 1 1 1.000000
  0 -0.167880 21.202192 -15.057149 -0.006862 0.999773 0.020195 0.435597 -0.720659 1 1 1.000000
nuke_blu.vtf
  0 -3.763091 21.516470 -13.699404 -0.245747 0.476881 -0.843915 0.565757 -0.024539 1 1 1.000000
  0 -1.038484 34.067444 -7.296613 -0.156845 0.475608 -0.865561 0.546102 -0.130507 1 1 1.000000
  0 -1.942309 21.518993 -14.027660 -0.156711 0.475595 -0.865593 0.579061 -0.028545 1 1 1.000000
nuke_blu.vtf
  0 -3.763091 21.516470 -13.699404 -0.245747 0.476881 -0.843915 0.565757 -0.024539 1 1 1.000000
  0 -1.982705 34.063671 -7.127574 -0.247723 0.477160 -0.843179 0.539210 -0.128410 1 1 1.000000
  0 -1.038484 34.067444 -7.296613 -0.156845 0.475608 -0.865561 0.546102 -0.130507 1 1 1.000000
nuke_blu.vtf
  0 -7.195856 21.507835 -12.299423 -0.436754 0.477947 -0.762110 0.538390 -0.019169 1 1 1.000000
  0 -1.982705 34.063671 -7.127574 -0.247723 0.477160 -0.843179 0.539210 -0.128410 1 1 1.000000
  0 -3.763091 21.516470 -13.699404 -0.245747 0.476881 -0.843915 0.565757 -0.024539 1 1 1.000000
nuke_blu.vtf
  0 -7.195856 21.507835 -12.299423 -0.436754 0.477947 -0.762110 0.538390 -0.019169 1 1 1.000000
  0 -3.766515 34.057800 -6.393748 -0.438339 0.477971 -0.761185 0.524969 -0.125629 1 1 1.000000
  0 -1.982705 34.063671 -7.127574 -0.247723 0.477160 -0.843179 0.539210 -0.128410 1 1 1.000000
nuke_blu.vtf
  0 -7.195856 21.507835 -12.299423 -0.436754 0.477947 -0.762110 0.538390 -0.019169 1 1 1.000000
  0 -5.300110 34.052750 -5.222027 -0.620134 0.478603 -0.621589 0.510484 -0.124652 1 1 1.000000
  0 -3.766515 34.057800 -6.393748 -0.438339 0.477971 -0.761185 0.524969 -0.125629 1 1 1.000000
nuke_blu.vtf
  0 -7.195856 21.507835 -12.299423 -0.436754 0.477947 -0.762110 0.538390 -0.019169 1 1 1.000000
  0 -10.151505 21.500454 -10.053484 -0.619021 0.478963 -0.622421 0.510530 -0.017272 1 1 1.000000
  0 -5.300110 34.052750 -5.222027 -0.620134 0.478603 -0.621589 0.510484 -0.124652 1 1 1.000000
nuke_blu.vtf
  0 -10.151505 21.500454 -10.053484 -0.619021 0.478963 -0.622421 0.510530 -0.017272 1 1 1.000000
  0 -6.478024 34.048904 -3.692018 -0.759980 0.479345 -0.438929 0.495984 -0.125505 1 1 1.000000
  0 -5.300110 34.052750 -5.222027 -0.620134 0.478603 -0.621589 0.510484 -0.124652 1 1 1.000000
nuke_blu.vtf
  0 -10.151505 21.500454 -10.053484 -0.619021 0.478963 -0.622421 0.510530 -0.017272 1 1 1.000000
  0 -12.424438 21.494806 -7.113318 -0.760205 0.479386 -0.438494 0.482621 -0.018898 1 1 1.000000
  0 -6.478024 34.048904 -3.692018 -0.759980 0.479345 -0.438929 0.495984 -0.125505 1 1 1.000000
nuke_blu.vtf
  0 -12.424438 21.494806 -7.113318 -0.760205 0.479386 -0.438494 0.482621 -0.018898 1 1 1.000000
  0 -7.214687 34.053059 -1.904074 -0.841401 0.479078 -0.250058 0.481697 -0.128245 1 1 1.000000
  0 -6.478024 34.048904 -3.692018 -0.759980 0.479345 -0.438929 0.495984 -0.125505 1 1 1.000000
nuke_blu.vtf
  0 -12.424438 21.494806 -7.113318 -0.760205 0.479386 -0.438494 0.482621 -0.018898 1 1 1.000000
  0 -13.830208 21.503887 -3.669117 -0.842810 0.478716 -0.245971 0.455140 -0.024222 1 1 1.000000
  0 -7.214687 34.053059 -1.904074 -0.841401 0.479078 -0.250058 0.481697 -0.128245 1 1 1.000000
nuke_blu.vtf
  0 -13.830208 21.503887 -3.669117 -0.842810 0.478716 -0.245971 0.455140 -0.024222 1 1 1.000000
  0 -7.389033 34.062534 -0.946173 -0.863461 0.477870 -0.161477 0.474705 -0.130386 1 1 1.000000
  0 -7.214687 34.053059 -1.904074 -0.841401 0.479078 -0.250058 0.481697 -0.128245 1 1 1.000000
nuke_blu.vtf
  0 -13.830208 21.503887 -3.669117 -0.842810 0.478716 -0.245971 0.455140 -0.024222 1 1 1.000000
  0 -14.160244 21.511389 -1.830348 -0.864496 0.477454 -0.157114 0.441709 -0.028278 1 1 1.000000
  0 -7.389033 34.062534 -0.946173 -0.863461 0.477870 -0.161477 0.474705 -0.130386 1 1 1.000000
nuke_blu.vtf
  0 15.289496 -14.573948 15.324931 0.668040 -0.327798 0.668035 0.836984 -0.620823 1 1 1.000000
  0 10.801688 -14.573932 18.768412 0.472327 -0.328140 0.818065 0.825723 -0.657028 1 1 1.000000
  0 10.129081 -17.835493 17.592869 0.450013 -0.435868 0.779427 0.848168 -0.662792 1 1 1.000000
nuke_blu.vtf
  0 15.980516 -11.130520 16.022745 0.690098 -0.218211 0.690035 0.814262 -0.612360 1 1 1.000000
  0 10.801688 -14.573932 18.768412 0.472327 -0.328140 0.818065 0.825723 -0.657028 1 1 1.000000
  0 15.289496 -14.573948 15.324931 0.668040 -0.327798 0.668035 0.836984 -0.620823 1 1 1.000000
nuke_blu.vtf
  0 19.580782 -11.130585 11.330775 0.845229 -0.217926 0.487952 0.830289 -0.574373 1 1 1.000000
  0 15.980516 -11.130520 16.022745 0.690098 -0.218211 0.690035 0.814262 -0.612360 1 1 1.000000
  0 15.289496 -14.573948 15.324931 0.668040 -0.327798 0.668035 0.836984 -0.620823 1 1 1.000000
nuke_blu.vtf
  0 16.389328 -7.560108 16.451084 0.703973 -0.089457 0.704571 0.790503 -0.603804 1 1 1.000000
  0 15.980516 -11.130520 16.022745 0.690098 -0.218211 0.690035 0.814262 -0.612360 1 1 1.000000
  0 19.580782 -11.130585 11.330775 0.845229 -0.217926 0.487952 0.830289 -0.574373 1 1 1.000000
nuke_blu.vtf
  0 16.389328 -7.560108 16.451084 0.703973 -0.089457 0.704571 0.790503 -0.603804 1 1 1.000000
  0 19.580782 -11.130585 11.330775 0.845229 -0.217926 0.487952 0.830289 -0.574373 1 1 1.000000
  0 20.086218 -7.560232 11.637154 0.862363 -0.089196 0.498371 0.807115 -0.563264 1 1 1.000000
nuke_blu.vtf
  0 16.428183 -3.605001 16.501122 0.706533 -0.015934 0.707500 0.763080 -0.594231 1 1 1.000000
  0 16.389328 -7.560108 16.451084 0.703973 -0.089457 0.704571 0.790503 -0.603804 1 1 1.000000
  0 20.086218 -7.560232 11.637154 0.862363 -0.089196 0.498371 0.807115 -0.563264 1 1 1.000000
nuke_blu.vtf
  0 16.428183 -3.605001 16.501122 0.706533 -0.015934 0.707500 0.763080 -0.594231 1 1 1.000000
  0 20.086218 -7.560232 11.637154 0.862363 -0.089196 0.498371 0.807115 -0.563264 1 1 1.000000
  0 20.136600 -3.605484 11.673657 0.865606 -0.015689 0.500480 0.780481 -0.550892 1 1 1.000000
nuke_blu.vtf
  0 11.596768 -3.604288 20.204037 0.499322 -0.016209 0.866265 0.750199 -0.638807 1 1 1.000000
  0 16.389328 -7.560108 16.451084 0.703973 -0.089457 0.704571 0.790503 -0.603804 1 1 1.000000
  0 16.428183 -3.605001 16.501122 0.706533 -0.015934 0.707500 0.763080 -0.594231 1 1 1.000000
nuke_blu.vtf
  0 5.971654 -3.603539 22.530262 0.257098 -0.016534 0.966244 0.742119 -0.684257 1 1 1.000000
  0 11.572443 -7.560105 20.144281 0.497615 -0.089776 0.862740 0.778255 -0.645365 1 1 1.000000
  0 11.596768 -3.604288 20.204037 0.499322 -0.016209 0.866265 0.750199 -0.638807 1 1 1.000000
nuke_blu.vtf
  0 11.596768 -3.604288 20.204037 0.499322 -0.016209 0.866265 0.750199 -0.638807 1 1 1.000000
  0 11.572443 -7.560105 20.144281 0.497615 -0.089776 0.862740 0.778255 -0.645365 1 1 1.000000
  0 16.389328 -7.560108 16.451084 0.703973 -0.089457 0.704571 0.790503 -0.603804 1 1 1.000000
nuke_blu.vtf
  0 11.572443 -7.560105 20.144281 0.497615 -0.089776 0.862740 0.778255 -0.645365 1 1 1.000000
  0 15.980516 -11.130520 16.022745 0.690098 -0.218211 0.690035 0.814262 -0.612360 1 1 1.000000
  0 16.389328 -7.560108 16.451084 0.703973 -0.089457 0.704571 0.790503 -0.603804 1 1 1.000000
nuke_blu.vtf
  0 14.335814 -17.835552 14.364959 0.636504 -0.435588 0.636494 0.858938 -0.629289 1 1 1.000000
  0 10.129081 -17.835493 17.592869 0.450013 -0.435868 0.779427 0.848168 -0.662792 1 1 1.000000
  0 9.282370 -20.859184 16.116215 0.417436 -0.550502 0.722976 0.870121 -0.668611 1 1 1.000000
nuke_blu.vtf
  0 15.289496 -14.573948 15.324931 0.668040 -0.327798 0.668035 0.836984 -0.620823 1 1 1.000000
  0 10.129081 -17.835493 17.592869 0.450013 -0.435868 0.779427 0.848168 -0.662792 1 1 1.000000
  0 14.335814 -17.835552 14.364959 0.636504 -0.435588 0.636494 0.858938 -0.629289 1 1 1.000000
nuke_blu.vtf
  0 18.733027 -14.574086 10.837177 0.818255 -0.327537 0.472417 0.852461 -0.585457 1 1 1.000000
  0 15.289496 -14.573948 15.324931 0.668040 -0.327798 0.668035 0.836984 -0.620823 1 1 1.000000
  0 14.335814 -17.835552 14.364959 0.636504 -0.435588 0.636494 0.858938 -0.629289 1 1 1.000000
nuke_blu.vtf
  0 19.580782 -11.130585 11.330775 0.845229 -0.217926 0.487952 0.830289 -0.574373 1 1 1.000000
  0 15.289496 -14.573948 15.324931 0.668040 -0.327798 0.668035 0.836984 -0.620823 1 1 1.000000
  0 18.733027 -14.574086 10.837177 0.818255 -0.327537 0.472417 0.852461 -0.585457 1 1 1.000000
nuke_blu.vtf
  0 21.844084 -11.130636 5.866885 0.942766 -0.217715 0.252573 0.850457 -0.537248 1 1 1.000000
  0 19.580782 -11.130585 11.330775 0.845229 -0.217926 0.487952 0.830289 -0.574373 1 1 1.000000
  0 18.733027 -14.574086 10.837177 0.818255 -0.327537 0.472417 0.852461 -0.585457 1 1 1.000000
nuke_blu.vtf
  0 20.086218 -7.560232 11.637154 0.862363 -0.089196 0.498371 0.807115 -0.563264 1 1 1.000000
  0 19.580782 -11.130585 11.330775 0.845229 -0.217926 0.487952 0.830289 -0.574373 1 1 1.000000
  0 21.844084 -11.130636 5.866885 0.942766 -0.217715 0.252573 0.850457 -0.537248 1 1 1.000000
nuke_blu.vtf
  0 20.086218 -7.560232 11.637154 0.862363 -0.089196 0.498371 0.807115 -0.563264 1 1 1.000000
  0 21.844084 -11.130636 5.866885 0.942766 -0.217715 0.252573 0.850457 -0.537248 1 1 1.000000
  0 22.411093 -7.560191 6.030314 0.961985 -0.089003 0.258194 0.827741 -0.523769 1 1 1.000000
nuke_blu.vtf
  0 20.136600 -3.605484 11.673657 0.865606 -0.015689 0.500480 0.780481 -0.550892 1 1 1.000000
  0 20.086218 -7.560232 11.637154 0.862363 -0.089196 0.498371 0.807115 -0.563264 1 1 1.000000
  0 22.411093 -7.560191 6.030314 0.961985 -0.089003 0.258194 0.827741 -0.523769 1 1 1.000000
nuke_blu.vtf
  0 20.136600 -3.605484 11.673657 0.865606 -0.015689 0.500480 0.780481 -0.550892 1 1 1.000000
  0 22.411093 -7.560191 6.030314 0.961985 -0.089003 0.258194 0.827741 -0.523769 1 1 1.000000
  0 22.469065 -3.605869 6.050838 0.965658 -0.015533 0.259351 0.801849 -0.509004 1 1 1.000000
nuke_blu.vtf
  0 22.469065 -3.605869 6.050838 0.965658 -0.015533 0.259351 0.801849 -0.509004 1 1 1.000000
  0 22.411093 -7.560191 6.030314 0.961985 -0.089003 0.258194 0.827741 -0.523769 1 1 1.000000
  0 23.205763 -7.560251 0.012797 0.996038 -0.088925 0.000420 0.851996 -0.484813 1 1 1.000000
nuke_blu.vtf
  0 22.469065 -3.605869 6.050838 0.965658 -0.015533 0.259351 0.801849 -0.509004 1 1 1.000000
  0 23.205763 -7.560251 0.012797 0.996038 -0.088925 0.000420 0.851996 -0.484813 1 1 1.000000
  0 23.266705 -3.605951 0.015791 0.999881 -0.015439 0.000530 0.826088 -0.468055 1 1 1.000000
nuke_blu.vtf
  0 21.844084 -11.130636 5.866885 0.942766 -0.217715 0.252573 0.850457 -0.537248 1 1 1.000000
  0 18.733027 -14.574086 10.837177 0.818255 -0.327537 0.472417 0.852461 -0.585457 1 1 1.000000
  0 20.897758 -14.574140 5.611118 0.912703 -0.327359 0.244559 0.872180 -0.550929 1 1 1.000000
nuke_blu.vtf
  0 20.897758 -14.574140 5.611118 0.912703 -0.327359 0.244559 0.872180 -0.550929 1 1 1.000000
  0 18.733027 -14.574086 10.837177 0.818255 -0.327537 0.472417 0.852461 -0.585457 1 1 1.000000
  0 17.563745 -17.835562 10.158252 0.779644 -0.435367 0.450123 0.873835 -0.596646 1 1 1.000000
nuke_blu.vtf
  0 18.733027 -14.574086 10.837177 0.818255 -0.327537 0.472417 0.852461 -0.585457 1 1 1.000000
  0 14.335814 -17.835552 14.364959 0.636504 -0.435588 0.636494 0.858938 -0.629289 1 1 1.000000
  0 17.563745 -17.835562 10.158252 0.779644 -0.435367 0.450123 0.873835 -0.596646 1 1 1.000000
nuke_blu.vtf
  0 20.897758 -14.574140 5.611118 0.912703 -0.327359 0.244559 0.872180 -0.550929 1 1 1.000000
  0 17.563745 -17.835562 10.158252 0.779644 -0.435367 0.450123 0.873835 -0.596646 1 1 1.000000
  0 19.592981 -17.835587 5.259440 0.869652 -0.435208 0.233022 0.893012 -0.564946 1 1 1.000000
nuke_blu.vtf
  0 22.411093 -7.560191 6.030314 0.961985 -0.089003 0.258194 0.827741 -0.523769 1 1 1.000000
  0 22.616079 -11.130619 0.003363 0.976031 -0.217633 -0.000039 0.874694 -0.500516 1 1 1.000000
  0 23.205763 -7.560251 0.012797 0.996038 -0.088925 0.000420 0.851996 -0.484813 1 1 1.000000
nuke_blu.vtf
  0 22.411093 -7.560191 6.030314 0.961985 -0.089003 0.258194 0.827741 -0.523769 1 1 1.000000
  0 21.844084 -11.130636 5.866885 0.942766 -0.217715 0.252573 0.850457 -0.537248 1 1 1.000000
  0 22.616079 -11.130619 0.003363 0.976031 -0.217633 -0.000039 0.874694 -0.500516 1 1 1.000000
nuke_blu.vtf
  0 22.616079 -11.130619 0.003363 0.976031 -0.217633 -0.000039 0.874694 -0.500516 1 1 1.000000
  0 21.844084 -11.130636 5.866885 0.942766 -0.217715 0.252573 0.850457 -0.537248 1 1 1.000000
  0 20.897758 -14.574140 5.611118 0.912703 -0.327359 0.244559 0.872180 -0.550929 1 1 1.000000
nuke_blu.vtf
  0 22.616079 -11.130619 0.003363 0.976031 -0.217633 -0.000039 0.874694 -0.500516 1 1 1.000000
  0 20.897758 -14.574140 5.611118 0.912703 -0.327359 0.244559 0.872180 -0.550929 1 1 1.000000
  0 21.636065 -14.574225 0.002846 0.944927 -0.327281 0.000003 0.896342 -0.516915 1 1 1.000000
nuke_blu.vtf
  0 21.636065 -14.574225 0.002846 0.944927 -0.327281 0.000003 0.896342 -0.516915 1 1 1.000000
  0 20.897758 -14.574140 5.611118 0.912703 -0.327359 0.244559 0.872180 -0.550929 1 1 1.000000
  0 19.592981 -17.835587 5.259440 0.869652 -0.435208 0.233022 0.893012 -0.564946 1 1 1.000000
nuke_blu.vtf
  0 21.636065 -14.574225 0.002846 0.944927 -0.327281 0.000003 0.896342 -0.516915 1 1 1.000000
  0 19.592981 -17.835587 5.259440 0.869652 -0.435208 0.233022 0.893012 -0.564946 1 1 1.000000
  0 20.285023 -17.835638 0.002352 0.900365 -0.435135 0.000006 0.916855 -0.534072 1 1 1.000000
nuke_blu.vtf
  0 20.285023 -17.835638 0.002352 0.900365 -0.435135 0.000006 0.916855 -0.534072 1 1 1.000000
  0 19.592981 -17.835587 5.259440 0.869652 -0.435208 0.233022 0.893012 -0.564946 1 1 1.000000
  0 17.951984 -20.859234 4.817824 0.806699 -0.550012 0.216157 0.913001 -0.579419 1 1 1.000000
nuke_blu.vtf
  0 20.285023 -17.835638 0.002352 0.900365 -0.435135 0.000006 0.916855 -0.534072 1 1 1.000000
  0 17.951984 -20.859234 4.817824 0.806699 -0.550012 0.216157 0.913001 -0.579419 1 1 1.000000
  0 18.586021 -20.859228 0.001897 0.835200 -0.549947 0.000006 0.936136 -0.552004 1 1 1.000000
nuke_blu.vtf
  0 17.951984 -20.859234 4.817824 0.806699 -0.550012 0.216157 0.913001 -0.579419 1 1 1.000000
  0 16.810150 -23.150356 0.001541 0.758722 -0.651415 0.000012 0.951561 -0.568035 1 1 1.000000
  0 18.586021 -20.859228 0.001897 0.835200 -0.549947 0.000006 0.936136 -0.552004 1 1 1.000000
nuke_blu.vtf
  0 17.951984 -20.859234 4.817824 0.806699 -0.550012 0.216157 0.913001 -0.579419 1 1 1.000000
  0 16.236712 -23.150389 4.356767 0.732840 -0.651451 0.196358 0.929437 -0.592189 1 1 1.000000
  0 16.810150 -23.150356 0.001541 0.758722 -0.651415 0.000012 0.951561 -0.568035 1 1 1.000000
nuke_blu.vtf
  0 16.236712 -23.150389 4.356767 0.732840 -0.651451 0.196358 0.929437 -0.592189 1 1 1.000000
  0 14.609558 -25.441483 0.001186 0.702317 -0.711864 0.000012 0.967589 -0.586488 1 1 1.000000
  0 16.810150 -23.150356 0.001541 0.758722 -0.651415 0.000012 0.951561 -0.568035 1 1 1.000000
nuke_blu.vtf
  0 16.236712 -23.150389 4.356767 0.732840 -0.651451 0.196358 0.929437 -0.592189 1 1 1.000000
  0 14.111306 -25.441603 3.785744 0.678376 -0.711884 0.181734 0.947310 -0.607030 1 1 1.000000
  0 14.609558 -25.441483 0.001186 0.702317 -0.711864 0.000012 0.967589 -0.586488 1 1 1.000000
nuke_blu.vtf
  0 14.111306 -25.441603 3.785744 0.678376 -0.711884 0.181734 0.947310 -0.607030 1 1 1.000000
  0 12.692988 -27.221016 0.000905 0.632123 -0.774868 0.000056 0.980336 -0.602343 1 1 1.000000
  0 14.609558 -25.441483 0.001186 0.702317 -0.711864 0.000012 0.967589 -0.586488 1 1 1.000000
nuke_blu.vtf
  0 14.111306 -25.441603 3.785744 0.678376 -0.711884 0.181734 0.947310 -0.607030 1 1 1.000000
  0 12.260161 -27.221220 3.288638 0.610656 -0.774831 0.163513 0.961996 -0.619892 1 1 1.000000
  0 12.692988 -27.221016 0.000905 0.632123 -0.774868 0.000056 0.980336 -0.602343 1 1 1.000000
nuke_blu.vtf
  0 12.260161 -27.221220 3.288638 0.610656 -0.774831 0.163513 0.961996 -0.619892 1 1 1.000000
  0 10.479802 -28.772202 0.000654 0.574031 -0.818834 0.000138 0.992948 -0.619266 1 1 1.000000
  0 12.692988 -27.221016 0.000905 0.632123 -0.774868 0.000056 0.980336 -0.602343 1 1 1.000000
nuke_blu.vtf
  0 12.260161 -27.221220 3.288638 0.610656 -0.774831 0.163513 0.961996 -0.619892 1 1 1.000000
  0 10.122463 -28.773649 2.714875 0.555057 -0.818502 0.148214 0.977337 -0.633821 1 1 1.000000
  0 10.479802 -28.772202 0.000654 0.574031 -0.818834 0.000138 0.992948 -0.619266 1 1 1.000000
nuke_blu.vtf
  0 10.991126 -27.221621 6.352302 0.547899 -0.774554 0.316026 0.947236 -0.639893 1 1 1.000000
  0 10.122463 -28.773649 2.714875 0.555057 -0.818502 0.148214 0.977337 -0.633821 1 1 1.000000
  0 12.260161 -27.221220 3.288638 0.610656 -0.774831 0.163513 0.961996 -0.619892 1 1 1.000000
nuke_blu.vtf
  0 10.991126 -27.221621 6.352302 0.547899 -0.774554 0.316026 0.947236 -0.639893 1 1 1.000000
  0 9.074917 -28.778173 5.244131 0.499069 -0.817712 0.286839 0.964537 -0.651004 1 1 1.000000
  0 10.122463 -28.773649 2.714875 0.555057 -0.818502 0.148214 0.977337 -0.633821 1 1 1.000000
nuke_blu.vtf
  0 12.650511 -25.441805 7.312455 0.608195 -0.711933 0.351070 0.931091 -0.629744 1 1 1.000000
  0 10.991126 -27.221621 6.352302 0.547899 -0.774554 0.316026 0.947236 -0.639893 1 1 1.000000
  0 12.260161 -27.221220 3.288638 0.610656 -0.774831 0.163513 0.961996 -0.619892 1 1 1.000000
nuke_blu.vtf
  0 12.650511 -25.441805 7.312455 0.608195 -0.711933 0.351070 0.931091 -0.629744 1 1 1.000000
  0 12.260161 -27.221220 3.288638 0.610656 -0.774831 0.163513 0.961996 -0.619892 1 1 1.000000
  0 14.111306 -25.441603 3.785744 0.678376 -0.711884 0.181734 0.947310 -0.607030 1 1 1.000000
nuke_blu.vtf
  0 14.555653 -23.150476 8.415148 0.657011 -0.651518 0.379290 0.911877 -0.618097 1 1 1.000000
  0 12.650511 -25.441805 7.312455 0.608195 -0.711933 0.351070 0.931091 -0.629744 1 1 1.000000
  0 14.111306 -25.441603 3.785744 0.678376 -0.711884 0.181734 0.947310 -0.607030 1 1 1.000000
nuke_blu.vtf
  0 14.555653 -23.150476 8.415148 0.657011 -0.651518 0.379290 0.911877 -0.618097 1 1 1.000000
  0 14.111306 -25.441603 3.785744 0.678376 -0.711884 0.181734 0.947310 -0.607030 1 1 1.000000
  0 16.236712 -23.150389 4.356767 0.732840 -0.651451 0.196358 0.929437 -0.592189 1 1 1.000000
nuke_blu.vtf
  0 16.093012 -20.859184 9.305555 0.723208 -0.550126 0.417531 0.894567 -0.608075 1 1 1.000000
  0 14.555653 -23.150476 8.415148 0.657011 -0.651518 0.379290 0.911877 -0.618097 1 1 1.000000
  0 16.236712 -23.150389 4.356767 0.732840 -0.651451 0.196358 0.929437 -0.592189 1 1 1.000000
nuke_blu.vtf
  0 16.093012 -20.859184 9.305555 0.723208 -0.550126 0.417531 0.894567 -0.608075 1 1 1.000000
  0 16.236712 -23.150389 4.356767 0.732840 -0.651451 0.196358 0.929437 -0.592189 1 1 1.000000
  0 17.951984 -20.859234 4.817824 0.806699 -0.550012 0.216157 0.913001 -0.579419 1 1 1.000000
nuke_blu.vtf
  0 19.592981 -17.835587 5.259440 0.869652 -0.435208 0.233022 0.893012 -0.564946 1 1 1.000000
  0 16.093012 -20.859184 9.305555 0.723208 -0.550126 0.417531 0.894567 -0.608075 1 1 1.000000
  0 17.951984 -20.859234 4.817824 0.806699 -0.550012 0.216157 0.913001 -0.579419 1 1 1.000000
nuke_blu.vtf
  0 19.592981 -17.835587 5.259440 0.869652 -0.435208 0.233022 0.893012 -0.564946 1 1 1.000000
  0 17.563745 -17.835562 10.158252 0.779644 -0.435367 0.450123 0.873835 -0.596646 1 1 1.000000
  0 16.093012 -20.859184 9.305555 0.723208 -0.550126 0.417531 0.894567 -0.608075 1 1 1.000000
nuke_blu.vtf
  0 17.563745 -17.835562 10.158252 0.779644 -0.435367 0.450123 0.873835 -0.596646 1 1 1.000000
  0 13.136029 -20.859173 13.159278 0.590426 -0.550293 0.590403 0.880349 -0.637872 1 1 1.000000
  0 16.093012 -20.859184 9.305555 0.723208 -0.550126 0.417531 0.894567 -0.608075 1 1 1.000000
nuke_blu.vtf
  0 17.563745 -17.835562 10.158252 0.779644 -0.435367 0.450123 0.873835 -0.596646 1 1 1.000000
  0 14.335814 -17.835552 14.364959 0.636504 -0.435588 0.636494 0.858938 -0.629289 1 1 1.000000
  0 13.136029 -20.859173 13.159278 0.590426 -0.550293 0.590403 0.880349 -0.637872 1 1 1.000000
nuke_blu.vtf
  0 14.335814 -17.835552 14.364959 0.636504 -0.435588 0.636494 0.858938 -0.629289 1 1 1.000000
  0 9.282370 -20.859184 16.116215 0.417436 -0.550502 0.722976 0.870121 -0.668611 1 1 1.000000
  0 13.136029 -20.859173 13.159278 0.590426 -0.550293 0.590403 0.880349 -0.637872 1 1 1.000000
nuke_blu.vtf
  0 9.282370 -20.859184 16.116215 0.417436 -0.550502 0.722976 0.870121 -0.668611 1 1 1.000000
  0 11.881545 -23.150621 11.900182 0.536397 -0.651632 0.536334 0.898374 -0.645367 1 1 1.000000
  0 13.136029 -20.859173 13.159278 0.590426 -0.550293 0.590403 0.880349 -0.637872 1 1 1.000000
nuke_blu.vtf
  0 9.282370 -20.859184 16.116215 0.417436 -0.550502 0.722976 0.870121 -0.668611 1 1 1.000000
  0 8.396464 -23.150946 14.574275 0.379253 -0.651769 0.656783 0.888683 -0.673679 1 1 1.000000
  0 11.881545 -23.150621 11.900182 0.536397 -0.651632 0.536334 0.898374 -0.645367 1 1 1.000000
nuke_blu.vtf
  0 8.396464 -23.150946 14.574275 0.379253 -0.651769 0.656783 0.888683 -0.673679 1 1 1.000000
  0 10.326715 -25.442146 10.340917 0.496584 -0.711994 0.496456 0.918595 -0.654067 1 1 1.000000
  0 11.881545 -23.150621 11.900182 0.536397 -0.651632 0.536334 0.898374 -0.645367 1 1 1.000000
nuke_blu.vtf
  0 8.396464 -23.150946 14.574275 0.379253 -0.651769 0.656783 0.888683 -0.673679 1 1 1.000000
  0 7.298251 -25.442638 12.664658 0.351160 -0.712059 0.607996 0.909624 -0.679555 1 1 1.000000
  0 10.326715 -25.442146 10.340917 0.496584 -0.711994 0.496456 0.918595 -0.654067 1 1 1.000000
nuke_blu.vtf
  0 7.298251 -25.442638 12.664658 0.351160 -0.712059 0.607996 0.909624 -0.679555 1 1 1.000000
  0 8.972441 -27.222403 8.983129 0.447950 -0.774077 0.447376 0.935803 -0.661668 1 1 1.000000
  0 10.326715 -25.442146 10.340917 0.496584 -0.711994 0.496456 0.918595 -0.654067 1 1 1.000000
nuke_blu.vtf
  0 7.298251 -25.442638 12.664658 0.351160 -0.712059 0.607996 0.909624 -0.679555 1 1 1.000000
  0 6.341588 -27.223471 11.001840 0.317776 -0.773223 0.548766 0.927569 -0.684696 1 1 1.000000
  0 8.972441 -27.222403 8.983129 0.447950 -0.774077 0.447376 0.935803 -0.661668 1 1 1.000000
nuke_blu.vtf
  0 13.136029 -20.859173 13.159278 0.590426 -0.550293 0.590403 0.880349 -0.637872 1 1 1.000000
  0 14.555653 -23.150476 8.415148 0.657011 -0.651518 0.379290 0.911877 -0.618097 1 1 1.000000
  0 16.093012 -20.859184 9.305555 0.723208 -0.550126 0.417531 0.894567 -0.608075 1 1 1.000000
nuke_blu.vtf
  0 13.136029 -20.859173 13.159278 0.590426 -0.550293 0.590403 0.880349 -0.637872 1 1 1.000000
  0 11.881545 -23.150621 11.900182 0.536397 -0.651632 0.536334 0.898374 -0.645367 1 1 1.000000
  0 14.555653 -23.150476 8.415148 0.657011 -0.651518 0.379290 0.911877 -0.618097 1 1 1.000000
nuke_blu.vtf
  0 11.881545 -23.150621 11.900182 0.536397 -0.651632 0.536334 0.898374 -0.645367 1 1 1.000000
  0 12.650511 -25.441805 7.312455 0.608195 -0.711933 0.351070 0.931091 -0.629744 1 1 1.000000
  0 14.555653 -23.150476 8.415148 0.657011 -0.651518 0.379290 0.911877 -0.618097 1 1 1.000000
nuke_blu.vtf
  0 11.881545 -23.150621 11.900182 0.536397 -0.651632 0.536334 0.898374 -0.645367 1 1 1.000000
  0 10.326715 -25.442146 10.340917 0.496584 -0.711994 0.496456 0.918595 -0.654067 1 1 1.000000
  0 12.650511 -25.441805 7.312455 0.608195 -0.711933 0.351070 0.931091 -0.629744 1 1 1.000000
nuke_blu.vtf
  0 10.326715 -25.442146 10.340917 0.496584 -0.711994 0.496456 0.918595 -0.654067 1 1 1.000000
  0 10.991126 -27.221621 6.352302 0.547899 -0.774554 0.316026 0.947236 -0.639893 1 1 1.000000
  0 12.650511 -25.441805 7.312455 0.608195 -0.711933 0.351070 0.931091 -0.629744 1 1 1.000000
nuke_blu.vtf
  0 10.326715 -25.442146 10.340917 0.496584 -0.711994 0.496456 0.918595 -0.654067 1 1 1.000000
  0 8.972441 -27.222403 8.983129 0.447950 -0.774077 0.447376 0.935803 -0.661668 1 1 1.000000
  0 10.991126 -27.221621 6.352302 0.547899 -0.774554 0.316026 0.947236 -0.639893 1 1 1.000000
nuke_blu.vtf
  0 8.972441 -27.222403 8.983129 0.447950 -0.774077 0.447376 0.935803 -0.661668 1 1 1.000000
  0 9.074917 -28.778173 5.244131 0.499069 -0.817712 0.286839 0.964537 -0.651004 1 1 1.000000
  0 10.991126 -27.221621 6.352302 0.547899 -0.774554 0.316026 0.947236 -0.639893 1 1 1.000000
nuke_blu.vtf
  0 8.972441 -27.222403 8.983129 0.447950 -0.774077 0.447376 0.935803 -0.661668 1 1 1.000000
  0 7.408324 -28.785236 7.416081 0.409296 -0.816592 0.407006 0.954511 -0.670054 1 1 1.000000
  0 9.074917 -28.778173 5.244131 0.499069 -0.817712 0.286839 0.964537 -0.651004 1 1 1.000000
nuke_blu.vtf
  0 6.341588 -27.223471 11.001840 0.317776 -0.773223 0.548766 0.927569 -0.684696 1 1 1.000000
  0 7.408324 -28.785236 7.416081 0.409296 -0.816592 0.407006 0.954511 -0.670054 1 1 1.000000
  0 8.972441 -27.222403 8.983129 0.447950 -0.774077 0.447376 0.935803 -0.661668 1 1 1.000000
nuke_blu.vtf
  0 6.341588 -27.223471 11.001840 0.317776 -0.773223 0.548766 0.927569 -0.684696 1 1 1.000000
  0 5.236420 -28.794470 9.082571 0.291817 -0.815630 0.499590 0.947250 -0.690402 1 1 1.000000
  0 7.408324 -28.785236 7.416081 0.409296 -0.816592 0.407006 0.954511 -0.670054 1 1 1.000000
nuke_blu.vtf
  0 6.341588 -27.223471 11.001840 0.317776 -0.773223 0.548766 0.927569 -0.684696 1 1 1.000000
  0 2.707175 -28.805193 10.130194 0.151674 -0.814019 0.560685 0.942751 -0.711578 1 1 1.000000
  0 5.236420 -28.794470 9.082571 0.291817 -0.815630 0.499590 0.947250 -0.690402 1 1 1.000000
nuke_blu.vtf
  0 -8.991914 -27.222395 8.983012 -0.447366 -0.774730 0.446830 0.933172 -0.804365 1 1 1.000000
  0 -11.010558 -27.221714 6.352130 -0.547060 -0.775341 0.315550 0.943768 -0.826477 1 1 1.000000
  0 -9.088645 -28.778173 5.243982 -0.498271 -0.818329 0.286465 0.961417 -0.816025 1 1 1.000000
nuke_blu.vtf
  0 -8.991914 -27.222395 8.983012 -0.447366 -0.774730 0.446830 0.933172 -0.804365 1 1 1.000000
  0 -9.088645 -28.778173 5.243982 -0.498271 -0.818329 0.286465 0.961417 -0.816025 1 1 1.000000
  0 -7.422112 -28.785175 7.415962 -0.408741 -0.817092 0.406560 0.952135 -0.796670 1 1 1.000000
nuke_blu.vtf
  0 -6.361134 -27.223400 11.001737 -0.317068 -0.773906 0.548213 0.925802 -0.781102 1 1 1.000000
  0 -8.991914 -27.222395 8.983012 -0.447366 -0.774730 0.446830 0.933172 -0.804365 1 1 1.000000
  0 -7.422112 -28.785175 7.415962 -0.408741 -0.817092 0.406560 0.952135 -0.796670 1 1 1.000000
nuke_blu.vtf
  0 -6.361134 -27.223400 11.001737 -0.317068 -0.773906 0.548213 0.925802 -0.781102 1 1 1.000000
  0 -7.422112 -28.785175 7.415962 -0.408741 -0.817092 0.406560 0.952135 -0.796670 1 1 1.000000
  0 -5.250225 -28.794436 9.082511 -0.291044 -0.815526 0.500210 0.945650 -0.776108 1 1 1.000000
nuke_blu.vtf
  0 -3.297482 -27.224634 12.270747 -0.165176 -0.772691 0.612915 0.921584 -0.757119 1 1 1.000000
  0 -6.361134 -27.223400 11.001737 -0.317068 -0.773906 0.548213 0.925802 -0.781102 1 1 1.000000
  0 -5.250225 -28.794436 9.082511 -0.291044 -0.815526 0.500210 0.945650 -0.776108 1 1 1.000000
nuke_blu.vtf
  0 -3.297482 -27.224634 12.270747 -0.165176 -0.772691 0.612915 0.921584 -0.757119 1 1 1.000000
  0 -5.250225 -28.794436 9.082511 -0.291044 -0.815526 0.500210 0.945650 -0.776108 1 1 1.000000
  0 -2.720996 -28.805296 10.130181 -0.153334 -0.814216 0.559948 0.941948 -0.754804 1 1 1.000000
nuke_blu.vtf
  0 -3.297482 -27.224634 12.270747 -0.165176 -0.772691 0.612915 0.921584 -0.757119 1 1 1.000000
  0 -2.720996 -28.805296 10.130181 -0.153334 -0.814216 0.559948 0.941948 -0.754804 1 1 1.000000
  0 -0.006885 -28.816832 10.487547 0.001042 -0.812819 0.582516 0.941016 -0.733170 1 1 1.000000
nuke_blu.vtf
  0 -3.297482 -27.224634 12.270747 -0.165176 -0.772691 0.612915 0.921584 -0.757119 1 1 1.000000
  0 -0.006885 -28.816832 10.487547 0.001042 -0.812819 0.582516 0.941016 -0.733170 1 1 1.000000
  0 -0.009769 -27.225901 12.703604 0.000342 -0.771884 0.635764 0.920482 -0.732807 1 1 1.000000
nuke_blu.vtf
  0 -0.009769 -27.225901 12.703604 0.000342 -0.771884 0.635764 0.920482 -0.732807 1 1 1.000000
  0 -0.006885 -28.816832 10.487547 0.001042 -0.812819 0.582516 0.941016 -0.733170 1 1 1.000000
  0 2.707175 -28.805193 10.130194 0.151674 -0.814019 0.560685 0.942751 -0.711578 1 1 1.000000
nuke_blu.vtf
  0 -0.009769 -27.225901 12.703604 0.000342 -0.771884 0.635764 0.920482 -0.732807 1 1 1.000000
  0 2.707175 -28.805193 10.130194 0.151674 -0.814019 0.560685 0.942751 -0.711578 1 1 1.000000
  0 3.277932 -27.224644 12.270845 0.164643 -0.772483 0.613321 0.922471 -0.708541 1 1 1.000000
nuke_blu.vtf
  0 6.341588 -27.223471 11.001840 0.317776 -0.773223 0.548766 0.927569 -0.684696 1 1 1.000000
  0 3.277932 -27.224644 12.270845 0.164643 -0.772483 0.613321 0.922471 -0.708541 1 1 1.000000
  0 2.707175 -28.805193 10.130194 0.151674 -0.814019 0.560685 0.942751 -0.711578 1 1 1.000000
nuke_blu.vtf
  0 3.771575 -25.443237 14.125465 0.181853 -0.712124 0.678092 0.904079 -0.705818 1 1 1.000000
  0 3.277932 -27.224644 12.270845 0.164643 -0.772483 0.613321 0.922471 -0.708541 1 1 1.000000
  0 6.341588 -27.223471 11.001840 0.317776 -0.773223 0.548766 0.927569 -0.684696 1 1 1.000000
nuke_blu.vtf
  0 3.771575 -25.443237 14.125465 0.181853 -0.712124 0.678092 0.904079 -0.705818 1 1 1.000000
  0 6.341588 -27.223471 11.001840 0.317776 -0.773223 0.548766 0.927569 -0.684696 1 1 1.000000
  0 7.298251 -25.442638 12.664658 0.351160 -0.712059 0.607996 0.909624 -0.679555 1 1 1.000000
nuke_blu.vtf
  0 4.338052 -23.151182 16.255337 0.196328 -0.651917 0.732434 0.882691 -0.702709 1 1 1.000000
  0 3.771575 -25.443237 14.125465 0.181853 -0.712124 0.678092 0.904079 -0.705818 1 1 1.000000
  0 7.298251 -25.442638 12.664658 0.351160 -0.712059 0.607996 0.909624 -0.679555 1 1 1.000000
nuke_blu.vtf
  0 4.338052 -23.151182 16.255337 0.196328 -0.651917 0.732434 0.882691 -0.702709 1 1 1.000000
  0 7.298251 -25.442638 12.664658 0.351160 -0.712059 0.607996 0.909624 -0.679555 1 1 1.000000
  0 8.396464 -23.150946 14.574275 0.379253 -0.651769 0.656783 0.888683 -0.673679 1 1 1.000000
nuke_blu.vtf
  0 4.794632 -20.859156 17.975119 0.216059 -0.550738 0.806230 0.863788 -0.700027 1 1 1.000000
  0 4.338052 -23.151182 16.255337 0.196328 -0.651917 0.732434 0.882691 -0.702709 1 1 1.000000
  0 8.396464 -23.150946 14.574275 0.379253 -0.651769 0.656783 0.888683 -0.673679 1 1 1.000000
nuke_blu.vtf
  0 4.794632 -20.859156 17.975119 0.216059 -0.550738 0.806230 0.863788 -0.700027 1 1 1.000000
  0 8.396464 -23.150946 14.574275 0.379253 -0.651769 0.656783 0.888683 -0.673679 1 1 1.000000
  0 9.282370 -20.859184 16.116215 0.417436 -0.550502 0.722976 0.870121 -0.668611 1 1 1.000000
nuke_blu.vtf
  0 10.129081 -17.835493 17.592869 0.450013 -0.435868 0.779427 0.848168 -0.662792 1 1 1.000000
  0 4.794632 -20.859156 17.975119 0.216059 -0.550738 0.806230 0.863788 -0.700027 1 1 1.000000
  0 9.282370 -20.859184 16.116215 0.417436 -0.550502 0.722976 0.870121 -0.668611 1 1 1.000000
nuke_blu.vtf
  0 3.771575 -25.443237 14.125465 0.181853 -0.712124 0.678092 0.904079 -0.705818 1 1 1.000000
  0 -0.009769 -27.225901 12.703604 0.000342 -0.771884 0.635764 0.920482 -0.732807 1 1 1.000000
  0 3.277932 -27.224644 12.270845 0.164643 -0.772483 0.613321 0.922471 -0.708541 1 1 1.000000
nuke_blu.vtf
  0 -19.646219 -17.835587 5.259131 -0.868481 -0.437709 0.232706 0.887117 -0.899213 1 1 1.000000
  0 -17.994453 -20.859219 4.817554 -0.805427 -0.552009 0.215811 0.907502 -0.885506 1 1 1.000000
  0 -16.135635 -20.859179 9.305281 -0.722181 -0.551915 0.416946 0.890174 -0.856358 1 1 1.000000
nuke_blu.vtf
  0 -16.135635 -20.859179 9.305281 -0.722181 -0.551915 0.416946 0.890174 -0.856358 1 1 1.000000
  0 -17.994453 -20.859219 4.817554 -0.805427 -0.552009 0.215811 0.907502 -0.885506 1 1 1.000000
  0 -16.270853 -23.150431 4.356518 -0.731577 -0.652973 0.196014 0.924311 -0.873368 1 1 1.000000
nuke_blu.vtf
  0 -16.135635 -20.859179 9.305281 -0.722181 -0.551915 0.416946 0.890174 -0.856358 1 1 1.000000
  0 -16.270853 -23.150431 4.356518 -0.731577 -0.652973 0.196014 0.924311 -0.873368 1 1 1.000000
  0 -14.589875 -23.150494 8.414942 -0.655980 -0.652891 0.378712 0.907761 -0.846965 1 1 1.000000
nuke_blu.vtf
  0 -14.589875 -23.150494 8.414942 -0.655980 -0.652891 0.378712 0.907761 -0.846965 1 1 1.000000
  0 -16.270853 -23.150431 4.356518 -0.731577 -0.652973 0.196014 0.924311 -0.873368 1 1 1.000000
  0 -14.137087 -25.441591 3.785540 -0.677184 -0.713096 0.181426 0.942641 -0.859220 1 1 1.000000
nuke_blu.vtf
  0 -14.589875 -23.150494 8.414942 -0.655980 -0.652891 0.378712 0.907761 -0.846965 1 1 1.000000
  0 -14.137087 -25.441591 3.785540 -0.677184 -0.713096 0.181426 0.942641 -0.859220 1 1 1.000000
  0 -12.676350 -25.441801 7.312266 -0.607246 -0.713010 0.350527 0.927315 -0.836024 1 1 1.000000
nuke_blu.vtf
  0 -12.676350 -25.441801 7.312266 -0.607246 -0.713010 0.350527 0.927315 -0.836024 1 1 1.000000
  0 -14.137087 -25.441591 3.785540 -0.677184 -0.713096 0.181426 0.942641 -0.859220 1 1 1.000000
  0 -12.279556 -27.221172 3.288435 -0.609626 -0.775699 0.163240 0.957735 -0.846929 1 1 1.000000
nuke_blu.vtf
  0 -12.676350 -25.441801 7.312266 -0.607246 -0.713010 0.350527 0.927315 -0.836024 1 1 1.000000
  0 -12.279556 -27.221172 3.288435 -0.609626 -0.775699 0.163240 0.957735 -0.846929 1 1 1.000000
  0 -11.010558 -27.221714 6.352130 -0.547060 -0.775341 0.315550 0.943768 -0.826477 1 1 1.000000
nuke_blu.vtf
  0 -10.352591 -25.442181 10.340694 -0.495953 -0.712867 0.495834 0.915742 -0.811345 1 1 1.000000
  0 -12.676350 -25.441801 7.312266 -0.607246 -0.713010 0.350527 0.927315 -0.836024 1 1 1.000000
  0 -11.010558 -27.221714 6.352130 -0.547060 -0.775341 0.315550 0.943768 -0.826477 1 1 1.000000
nuke_blu.vtf
  0 -10.352591 -25.442181 10.340694 -0.495953 -0.712867 0.495834 0.915742 -0.811345 1 1 1.000000
  0 -11.010558 -27.221714 6.352130 -0.547060 -0.775341 0.315550 0.943768 -0.826477 1 1 1.000000
  0 -8.991914 -27.222395 8.983012 -0.447366 -0.774730 0.446830 0.933172 -0.804365 1 1 1.000000
nuke_blu.vtf
  0 -7.324205 -25.442705 12.664576 -0.350828 -0.712682 0.607457 0.907712 -0.785612 1 1 1.000000
  0 -10.352591 -25.442181 10.340694 -0.495953 -0.712867 0.495834 0.915742 -0.811345 1 1 1.000000
  0 -8.991914 -27.222395 8.983012 -0.447366 -0.774730 0.446830 0.933172 -0.804365 1 1 1.000000
nuke_blu.vtf
  0 -7.324205 -25.442705 12.664576 -0.350828 -0.712682 0.607457 0.907712 -0.785612 1 1 1.000000
  0 -8.991914 -27.222395 8.983012 -0.447366 -0.774730 0.446830 0.933172 -0.804365 1 1 1.000000
  0 -6.361134 -27.223400 11.001737 -0.317068 -0.773906 0.548213 0.925802 -0.781102 1 1 1.000000
nuke_blu.vtf
  0 -3.797573 -25.443201 14.125360 -0.181747 -0.712448 0.677780 0.903120 -0.759205 1 1 1.000000
  0 -7.324205 -25.442705 12.664576 -0.350828 -0.712682 0.607457 0.907712 -0.785612 1 1 1.000000
  0 -6.361134 -27.223400 11.001737 -0.317068 -0.773906 0.548213 0.925802 -0.781102 1 1 1.000000
nuke_blu.vtf
  0 -3.797573 -25.443201 14.125360 -0.181747 -0.712448 0.677780 0.903120 -0.759205 1 1 1.000000
  0 -6.361134 -27.223400 11.001737 -0.317068 -0.773906 0.548213 0.925802 -0.781102 1 1 1.000000
  0 -3.297482 -27.224634 12.270747 -0.165176 -0.772691 0.612915 0.921584 -0.757119 1 1 1.000000
nuke_blu.vtf
  0 -3.797573 -25.443201 14.125360 -0.181747 -0.712448 0.677780 0.903120 -0.759205 1 1 1.000000
  0 -3.297482 -27.224634 12.270747 -0.165176 -0.772691 0.612915 0.921584 -0.757119 1 1 1.000000
  0 -0.009769 -27.225901 12.703604 0.000342 -0.771884 0.635764 0.920482 -0.732807 1 1 1.000000
nuke_blu.vtf
  0 -3.797573 -25.443201 14.125360 -0.181747 -0.712448 0.677780 0.903120 -0.759205 1 1 1.000000
  0 -0.009769 -27.225901 12.703604 0.000342 -0.771884 0.635764 0.920482 -0.732807 1 1 1.000000
  0 -0.012995 -25.443836 14.623585 0.000003 -0.712219 0.701957 0.901916 -0.732487 1 1 1.000000
nuke_blu.vtf
  0 3.771575 -25.443237 14.125465 0.181853 -0.712124 0.678092 0.904079 -0.705818 1 1 1.000000
  0 -0.012995 -25.443836 14.623585 0.000003 -0.712219 0.701957 0.901916 -0.732487 1 1 1.000000
  0 -0.009769 -27.225901 12.703604 0.000342 -0.771884 0.635764 0.920482 -0.732807 1 1 1.000000
nuke_blu.vtf
  0 4.338052 -23.151182 16.255337 0.196328 -0.651917 0.732434 0.882691 -0.702709 1 1 1.000000
  0 -0.012995 -25.443836 14.623585 0.000003 -0.712219 0.701957 0.901916 -0.732487 1 1 1.000000
  0 3.771575 -25.443237 14.125465 0.181853 -0.712124 0.678092 0.904079 -0.705818 1 1 1.000000
nuke_blu.vtf
  0 4.338052 -23.151182 16.255337 0.196328 -0.651917 0.732434 0.882691 -0.702709 1 1 1.000000
  0 -0.017142 -23.151453 16.828703 0.000007 -0.652088 0.758144 0.880353 -0.732125 1 1 1.000000
  0 -0.012995 -25.443836 14.623585 0.000003 -0.712219 0.701957 0.901916 -0.732487 1 1 1.000000
nuke_blu.vtf
  0 -23.296030 -7.560277 -0.005343 -0.995717 -0.092456 -0.000419 0.843764 -0.977339 1 1 1.000000
  0 -21.921480 -11.130619 5.866533 -0.942045 -0.220946 0.252456 0.843930 -0.925281 1 1 1.000000
  0 -22.506147 -7.560178 6.012797 -0.961897 -0.092426 0.257315 0.821045 -0.937966 1 1 1.000000
nuke_blu.vtf
  0 -23.296030 -7.560277 -0.005343 -0.995717 -0.092456 -0.000419 0.843764 -0.977339 1 1 1.000000
  0 -22.693378 -11.130688 0.003013 -0.975283 -0.220958 0.000037 0.866682 -0.962502 1 1 1.000000
  0 -21.921480 -11.130619 5.866533 -0.942045 -0.220946 0.252456 0.843930 -0.925281 1 1 1.000000
nuke_blu.vtf
  0 -22.693378 -11.130688 0.003013 -0.975283 -0.220958 0.000037 0.866682 -0.962502 1 1 1.000000
  0 -20.962742 -14.574095 5.610800 -0.911727 -0.330263 0.244297 0.865942 -0.912434 1 1 1.000000
  0 -21.921480 -11.130619 5.866533 -0.942045 -0.220946 0.252456 0.843930 -0.925281 1 1 1.000000
nuke_blu.vtf
  0 -22.693378 -11.130688 0.003013 -0.975283 -0.220958 0.000037 0.866682 -0.962502 1 1 1.000000
  0 -21.701075 -14.574198 0.002515 -0.943880 -0.330289 -0.000002 0.888725 -0.947016 1 1 1.000000
  0 -20.962742 -14.574095 5.610800 -0.911727 -0.330263 0.244297 0.865942 -0.912434 1 1 1.000000
nuke_blu.vtf
  0 -21.701075 -14.574198 0.002515 -0.943880 -0.330289 -0.000002 0.888725 -0.947016 1 1 1.000000
  0 -19.646219 -17.835587 5.259131 -0.868481 -0.437709 0.232706 0.887117 -0.899213 1 1 1.000000
  0 -20.962742 -14.574095 5.610800 -0.911727 -0.330263 0.244297 0.865942 -0.912434 1 1 1.000000
nuke_blu.vtf
  0 -21.701075 -14.574198 0.002515 -0.943880 -0.330289 -0.000002 0.888725 -0.947016 1 1 1.000000
  0 -20.338255 -17.835569 0.002033 -0.899108 -0.437726 -0.000006 0.909707 -0.930713 1 1 1.000000
  0 -19.646219 -17.835587 5.259131 -0.868481 -0.437709 0.232706 0.887117 -0.899213 1 1 1.000000
nuke_blu.vtf
  0 -20.338255 -17.835569 0.002033 -0.899108 -0.437726 -0.000006 0.909707 -0.930713 1 1 1.000000
  0 -17.994453 -20.859219 4.817554 -0.805427 -0.552009 0.215811 0.907502 -0.885506 1 1 1.000000
  0 -19.646219 -17.835587 5.259131 -0.868481 -0.437709 0.232706 0.887117 -0.899213 1 1 1.000000
nuke_blu.vtf
  0 -20.338255 -17.835569 0.002033 -0.899108 -0.437726 -0.000006 0.909707 -0.930713 1 1 1.000000
  0 -18.628519 -20.859228 0.001601 -0.833828 -0.552024 0.000003 0.929518 -0.913576 1 1 1.000000
  0 -17.994453 -20.859219 4.817554 -0.805427 -0.552009 0.215811 0.907502 -0.885506 1 1 1.000000
nuke_blu.vtf
  0 -17.994453 -20.859219 4.817554 -0.805427 -0.552009 0.215811 0.907502 -0.885506 1 1 1.000000
  0 -18.628519 -20.859228 0.001601 -0.833828 -0.552024 0.000003 0.929518 -0.913576 1 1 1.000000
  0 -16.844185 -23.150372 0.001274 -0.757366 -0.652991 -0.000004 0.945445 -0.898183 1 1 1.000000
nuke_blu.vtf
  0 -17.994453 -20.859219 4.817554 -0.805427 -0.552009 0.215811 0.907502 -0.885506 1 1 1.000000
  0 -16.844185 -23.150372 0.001274 -0.757366 -0.652991 -0.000004 0.945445 -0.898183 1 1 1.000000
  0 -16.270853 -23.150431 4.356518 -0.731577 -0.652973 0.196014 0.924311 -0.873368 1 1 1.000000
nuke_blu.vtf
  0 -16.270853 -23.150431 4.356518 -0.731577 -0.652973 0.196014 0.924311 -0.873368 1 1 1.000000
  0 -16.844185 -23.150372 0.001274 -0.757366 -0.652991 -0.000004 0.945445 -0.898183 1 1 1.000000
  0 -14.635389 -25.441500 0.000953 -0.701057 -0.713105 0.000004 0.962071 -0.880391 1 1 1.000000
nuke_blu.vtf
  0 -16.270853 -23.150431 4.356518 -0.731577 -0.652973 0.196014 0.924311 -0.873368 1 1 1.000000
  0 -14.635389 -25.441500 0.000953 -0.701057 -0.713105 0.000004 0.962071 -0.880391 1 1 1.000000
  0 -14.137087 -25.441591 3.785540 -0.677184 -0.713096 0.181426 0.942641 -0.859220 1 1 1.000000
nuke_blu.vtf
  0 -14.137087 -25.441591 3.785540 -0.677184 -0.713096 0.181426 0.942641 -0.859220 1 1 1.000000
  0 -14.635389 -25.441500 0.000953 -0.701057 -0.713105 0.000004 0.962071 -0.880391 1 1 1.000000
  0 -12.712416 -27.221064 0.000710 -0.631003 -0.775781 0.000050 0.975346 -0.865065 1 1 1.000000
nuke_blu.vtf
  0 -14.137087 -25.441591 3.785540 -0.677184 -0.713096 0.181426 0.942641 -0.859220 1 1 1.000000
  0 -12.712416 -27.221064 0.000710 -0.631003 -0.775781 0.000050 0.975346 -0.865065 1 1 1.000000
  0 -12.279556 -27.221172 3.288435 -0.609626 -0.775699 0.163240 0.957735 -0.846929 1 1 1.000000
nuke_blu.vtf
  0 -12.279556 -27.221172 3.288435 -0.609626 -0.775699 0.163240 0.957735 -0.846929 1 1 1.000000
  0 -12.712416 -27.221064 0.000710 -0.631003 -0.775781 0.000050 0.975346 -0.865065 1 1 1.000000
  0 -10.493625 -28.772165 0.000489 -0.573048 -0.819522 0.000126 0.988528 -0.848668 1 1 1.000000
nuke_blu.vtf
  0 -12.279556 -27.221172 3.288435 -0.609626 -0.775699 0.163240 0.957735 -0.846929 1 1 1.000000
  0 -10.493625 -28.772165 0.000489 -0.573048 -0.819522 0.000126 0.988528 -0.848668 1 1 1.000000
  0 -10.136277 -28.773701 2.714703 -0.554160 -0.819151 0.147982 0.973527 -0.833607 1 1 1.000000
nuke_blu.vtf
  0 -11.010558 -27.221714 6.352130 -0.547060 -0.775341 0.315550 0.943768 -0.826477 1 1 1.000000
  0 -12.279556 -27.221172 3.288435 -0.609626 -0.775699 0.163240 0.957735 -0.846929 1 1 1.000000
  0 -10.136277 -28.773701 2.714703 -0.554160 -0.819151 0.147982 0.973527 -0.833607 1 1 1.000000
nuke_blu.vtf
  0 -11.010558 -27.221714 6.352130 -0.547060 -0.775341 0.315550 0.943768 -0.826477 1 1 1.000000
  0 -10.136277 -28.773701 2.714703 -0.554160 -0.819151 0.147982 0.973527 -0.833607 1 1 1.000000
  0 -9.088645 -28.778173 5.243982 -0.498271 -0.818329 0.286465 0.961417 -0.816025 1 1 1.000000
nuke_blu.vtf
  0 5.963912 -7.560058 22.464832 0.256841 -0.089968 0.962257 0.770575 -0.687692 1 1 1.000000
  0 5.824635 -11.130516 21.886208 0.252469 -0.218892 0.942521 0.795175 -0.690804 1 1 1.000000
  0 11.288524 -11.130568 19.623041 0.487951 -0.218588 0.845058 0.802519 -0.651237 1 1 1.000000
nuke_blu.vtf
  0 -0.063067 -7.556281 23.252373 -0.000344 -0.089383 0.995997 0.767545 -0.730501 1 1 1.000000
  0 5.824635 -11.130516 21.886208 0.252469 -0.218892 0.942521 0.795175 -0.690804 1 1 1.000000
  0 5.963912 -7.560058 22.464832 0.256841 -0.089968 0.962257 0.770575 -0.687692 1 1 1.000000
nuke_blu.vtf
  0 -0.063067 -7.556281 23.252373 -0.000344 -0.089383 0.995997 0.767545 -0.730501 1 1 1.000000
  0 -0.038849 -11.130465 22.658062 0.000195 -0.219066 0.975710 0.792297 -0.730760 1 1 1.000000
  0 5.824635 -11.130516 21.886208 0.252469 -0.218892 0.942521 0.795175 -0.690804 1 1 1.000000
nuke_blu.vtf
  0 -6.071633 -7.560101 22.460171 -0.258051 -0.091066 0.961830 0.769275 -0.773220 1 1 1.000000
  0 -0.038849 -11.130465 22.658062 0.000195 -0.219066 0.975710 0.792297 -0.730760 1 1 1.000000
  0 -0.063067 -7.556281 23.252373 -0.000344 -0.089383 0.995997 0.767545 -0.730501 1 1 1.000000
nuke_blu.vtf
  0 -6.071633 -7.560101 22.460171 -0.258051 -0.091066 0.961830 0.769275 -0.773220 1 1 1.000000
  0 -5.902306 -11.130542 21.886068 -0.252440 -0.219850 0.942306 0.793906 -0.770755 1 1 1.000000
  0 -0.038849 -11.130465 22.658062 0.000195 -0.219066 0.975710 0.792297 -0.730760 1 1 1.000000
nuke_blu.vtf
  0 -11.678381 -7.560113 20.135208 -0.498246 -0.091561 0.862188 0.775647 -0.815653 1 1 1.000000
  0 -5.902306 -11.130542 21.886068 -0.252440 -0.219850 0.942306 0.793906 -0.770755 1 1 1.000000
  0 -6.071633 -7.560101 22.460171 -0.258051 -0.091066 0.961830 0.769275 -0.773220 1 1 1.000000
nuke_blu.vtf
  0 -11.678381 -7.560113 20.135208 -0.498246 -0.091561 0.862188 0.775647 -0.815653 1 1 1.000000
  0 -11.366221 -11.130525 19.622885 -0.487689 -0.220243 0.844779 0.799976 -0.810443 1 1 1.000000
  0 -5.902306 -11.130542 21.886068 -0.252440 -0.219850 0.942306 0.793906 -0.770755 1 1 1.000000
nuke_blu.vtf
  0 -16.492382 -7.560159 16.438257 -0.704400 -0.091963 0.703821 0.786576 -0.857390 1 1 1.000000
  0 -11.366221 -11.130525 19.622885 -0.487689 -0.220243 0.844779 0.799976 -0.810443 1 1 1.000000
  0 -11.678381 -7.560113 20.135208 -0.498246 -0.091561 0.862188 0.775647 -0.815653 1 1 1.000000
nuke_blu.vtf
  0 -16.492382 -7.560159 16.438257 -0.704400 -0.091963 0.703821 0.786576 -0.857390 1 1 1.000000
  0 -16.058044 -11.130568 16.022562 -0.689668 -0.220562 0.689718 0.810432 -0.849520 1 1 1.000000
  0 -11.366221 -11.130525 19.622885 -0.487689 -0.220243 0.844779 0.799976 -0.810443 1 1 1.000000
nuke_blu.vtf
  0 -20.185471 -7.560200 11.621395 -0.862535 -0.092262 0.497516 0.801839 -0.898169 1 1 1.000000
  0 -16.058044 -11.130568 16.022562 -0.689668 -0.220562 0.689718 0.810432 -0.849520 1 1 1.000000
  0 -16.492382 -7.560159 16.438257 -0.704400 -0.091963 0.703821 0.786576 -0.857390 1 1 1.000000
nuke_blu.vtf
  0 -20.185471 -7.560200 11.621395 -0.862535 -0.092262 0.497516 0.801839 -0.898169 1 1 1.000000
  0 -19.658316 -11.130593 11.330463 -0.844633 -0.220804 0.487689 0.825143 -0.887787 1 1 1.000000
  0 -16.058044 -11.130568 16.022562 -0.689668 -0.220562 0.689718 0.810432 -0.849520 1 1 1.000000
nuke_blu.vtf
  0 -22.506147 -7.560178 6.012797 -0.961897 -0.092426 0.257315 0.821045 -0.937966 1 1 1.000000
  0 -19.658316 -11.130593 11.330463 -0.844633 -0.220804 0.487689 0.825143 -0.887787 1 1 1.000000
  0 -20.185471 -7.560200 11.621395 -0.862535 -0.092262 0.497516 0.801839 -0.898169 1 1 1.000000
nuke_blu.vtf
  0 -22.506147 -7.560178 6.012797 -0.961897 -0.092426 0.257315 0.821045 -0.937966 1 1 1.000000
  0 -21.921480 -11.130619 5.866533 -0.942045 -0.220946 0.252456 0.843930 -0.925281 1 1 1.000000
  0 -19.658316 -11.130593 11.330463 -0.844633 -0.220804 0.487689 0.825143 -0.887787 1 1 1.000000
nuke_blu.vtf
  0 -21.921480 -11.130619 5.866533 -0.942045 -0.220946 0.252456 0.843930 -0.925281 1 1 1.000000
  0 -18.798052 -14.574146 10.836903 -0.817470 -0.330148 0.471959 0.847526 -0.877479 1 1 1.000000
  0 -19.658316 -11.130593 11.330463 -0.844633 -0.220804 0.487689 0.825143 -0.887787 1 1 1.000000
nuke_blu.vtf
  0 -21.921480 -11.130619 5.866533 -0.942045 -0.220946 0.252456 0.843930 -0.925281 1 1 1.000000
  0 -20.962742 -14.574095 5.610800 -0.911727 -0.330263 0.244297 0.865942 -0.912434 1 1 1.000000
  0 -18.798052 -14.574146 10.836903 -0.817470 -0.330148 0.471959 0.847526 -0.877479 1 1 1.000000
nuke_blu.vtf
  0 -20.962742 -14.574095 5.610800 -0.911727 -0.330263 0.244297 0.865942 -0.912434 1 1 1.000000
  0 -17.617096 -17.835545 10.157969 -0.778704 -0.437604 0.449581 0.869151 -0.867044 1 1 1.000000
  0 -18.798052 -14.574146 10.836903 -0.817470 -0.330148 0.471959 0.847526 -0.877479 1 1 1.000000
nuke_blu.vtf
  0 -20.962742 -14.574095 5.610800 -0.911727 -0.330263 0.244297 0.865942 -0.912434 1 1 1.000000
  0 -19.646219 -17.835587 5.259131 -0.868481 -0.437709 0.232706 0.887117 -0.899213 1 1 1.000000
  0 -17.617096 -17.835545 10.157969 -0.778704 -0.437604 0.449581 0.869151 -0.867044 1 1 1.000000
nuke_blu.vtf
  0 -19.646219 -17.835587 5.259131 -0.868481 -0.437709 0.232706 0.887117 -0.899213 1 1 1.000000
  0 -16.135635 -20.859179 9.305281 -0.722181 -0.551915 0.416946 0.890174 -0.856358 1 1 1.000000
  0 -17.617096 -17.835545 10.157969 -0.778704 -0.437604 0.449581 0.869151 -0.867044 1 1 1.000000
nuke_blu.vtf
  0 4.794632 -20.859156 17.975119 0.216059 -0.550738 0.806230 0.863788 -0.700027 1 1 1.000000
  0 -0.017142 -23.151453 16.828703 0.000007 -0.652088 0.758144 0.880353 -0.732125 1 1 1.000000
  0 4.338052 -23.151182 16.255337 0.196328 -0.651917 0.732434 0.882691 -0.702709 1 1 1.000000
nuke_blu.vtf
  0 4.794632 -20.859156 17.975119 0.216059 -0.550738 0.806230 0.863788 -0.700027 1 1 1.000000
  0 -0.021286 -20.859154 18.609102 0.000010 -0.550988 0.834513 0.861313 -0.731815 1 1 1.000000
  0 -0.017142 -23.151453 16.828703 0.000007 -0.652088 0.758144 0.880353 -0.732125 1 1 1.000000
nuke_blu.vtf
  0 5.230313 -17.835518 19.622009 0.232915 -0.436205 0.869181 0.841479 -0.696945 1 1 1.000000
  0 -0.021286 -20.859154 18.609102 0.000010 -0.550988 0.834513 0.861313 -0.731815 1 1 1.000000
  0 4.794632 -20.859156 17.975119 0.216059 -0.550738 0.806230 0.863788 -0.700027 1 1 1.000000
nuke_blu.vtf
  0 5.230313 -17.835518 19.622009 0.232915 -0.436205 0.869181 0.841479 -0.696945 1 1 1.000000
  0 -0.026746 -17.835606 20.314034 0.000010 -0.436546 0.899682 0.838862 -0.731461 1 1 1.000000
  0 -0.021286 -20.859154 18.609102 0.000010 -0.550988 0.834513 0.861313 -0.731815 1 1 1.000000
nuke_blu.vtf
  0 5.575618 -14.574064 20.933182 0.244464 -0.328511 0.912314 0.818704 -0.693885 1 1 1.000000
  0 -0.026746 -17.835606 20.314034 0.000010 -0.436546 0.899682 0.838862 -0.731461 1 1 1.000000
  0 5.230313 -17.835518 19.622009 0.232915 -0.436205 0.869181 0.841479 -0.696945 1 1 1.000000
nuke_blu.vtf
  0 5.575618 -14.574064 20.933182 0.244464 -0.328511 0.912314 0.818704 -0.693885 1 1 1.000000
  0 -0.032635 -14.574077 21.671398 0.000006 -0.328895 0.944366 0.815955 -0.731111 1 1 1.000000
  0 -0.026746 -17.835606 20.314034 0.000010 -0.436546 0.899682 0.838862 -0.731461 1 1 1.000000
nuke_blu.vtf
  0 5.824635 -11.130516 21.886208 0.252469 -0.218892 0.942521 0.795175 -0.690804 1 1 1.000000
  0 -0.032635 -14.574077 21.671398 0.000006 -0.328895 0.944366 0.815955 -0.731111 1 1 1.000000
  0 5.575618 -14.574064 20.933182 0.244464 -0.328511 0.912314 0.818704 -0.693885 1 1 1.000000
nuke_blu.vtf
  0 5.824635 -11.130516 21.886208 0.252469 -0.218892 0.942521 0.795175 -0.690804 1 1 1.000000
  0 -0.038849 -11.130465 22.658062 0.000195 -0.219066 0.975710 0.792297 -0.730760 1 1 1.000000
  0 -0.032635 -14.574077 21.671398 0.000006 -0.328895 0.944366 0.815955 -0.731111 1 1 1.000000
nuke_blu.vtf
  0 -5.902306 -11.130542 21.886068 -0.252440 -0.219850 0.942306 0.793906 -0.770755 1 1 1.000000
  0 -0.032635 -14.574077 21.671398 0.000006 -0.328895 0.944366 0.815955 -0.731111 1 1 1.000000
  0 -0.038849 -11.130465 22.658062 0.000195 -0.219066 0.975710 0.792297 -0.730760 1 1 1.000000
nuke_blu.vtf
  0 -5.902306 -11.130542 21.886068 -0.252440 -0.219850 0.942306 0.793906 -0.770755 1 1 1.000000
  0 -5.640866 -14.574142 20.933079 -0.244377 -0.329290 0.912057 0.817484 -0.768380 1 1 1.000000
  0 -0.032635 -14.574077 21.671398 0.000006 -0.328895 0.944366 0.815955 -0.731111 1 1 1.000000
nuke_blu.vtf
  0 -11.366221 -11.130525 19.622885 -0.487689 -0.220243 0.844779 0.799976 -0.810443 1 1 1.000000
  0 -5.640866 -14.574142 20.933079 -0.244377 -0.329290 0.912057 0.817484 -0.768380 1 1 1.000000
  0 -5.902306 -11.130542 21.886068 -0.252440 -0.219850 0.942306 0.793906 -0.770755 1 1 1.000000
nuke_blu.vtf
  0 -11.366221 -11.130525 19.622885 -0.487689 -0.220243 0.844779 0.799976 -0.810443 1 1 1.000000
  0 -10.866894 -14.574021 18.768278 -0.472052 -0.329648 0.817618 0.823278 -0.805370 1 1 1.000000
  0 -5.640866 -14.574142 20.933079 -0.244377 -0.329290 0.912057 0.817484 -0.768380 1 1 1.000000
nuke_blu.vtf
  0 -16.058044 -11.130568 16.022562 -0.689668 -0.220562 0.689718 0.810432 -0.849520 1 1 1.000000
  0 -10.866894 -14.574021 18.768278 -0.472052 -0.329648 0.817618 0.823278 -0.805370 1 1 1.000000
  0 -11.366221 -11.130525 19.622885 -0.487689 -0.220243 0.844779 0.799976 -0.810443 1 1 1.000000
nuke_blu.vtf
  0 -16.058044 -11.130568 16.022562 -0.689668 -0.220562 0.689718 0.810432 -0.849520 1 1 1.000000
  0 -15.354556 -14.574080 15.324766 -0.667511 -0.329930 0.667514 0.833306 -0.841797 1 1 1.000000
  0 -10.866894 -14.574021 18.768278 -0.472052 -0.329648 0.817618 0.823278 -0.805370 1 1 1.000000
nuke_blu.vtf
  0 -19.658316 -11.130593 11.330463 -0.844633 -0.220804 0.487689 0.825143 -0.887787 1 1 1.000000
  0 -15.354556 -14.574080 15.324766 -0.667511 -0.329930 0.667514 0.833306 -0.841797 1 1 1.000000
  0 -16.058044 -11.130568 16.022562 -0.689668 -0.220562 0.689718 0.810432 -0.849520 1 1 1.000000
nuke_blu.vtf
  0 -19.658316 -11.130593 11.330463 -0.844633 -0.220804 0.487689 0.825143 -0.887787 1 1 1.000000
  0 -18.798052 -14.574146 10.836903 -0.817470 -0.330148 0.471959 0.847526 -0.877479 1 1 1.000000
  0 -15.354556 -14.574080 15.324766 -0.667511 -0.329930 0.667514 0.833306 -0.841797 1 1 1.000000
nuke_blu.vtf
  0 -18.798052 -14.574146 10.836903 -0.817470 -0.330148 0.471959 0.847526 -0.877479 1 1 1.000000
  0 -14.389232 -17.835587 14.364744 -0.635867 -0.437427 0.635870 0.855438 -0.834058 1 1 1.000000
  0 -15.354556 -14.574080 15.324766 -0.667511 -0.329930 0.667514 0.833306 -0.841797 1 1 1.000000
nuke_blu.vtf
  0 -18.798052 -14.574146 10.836903 -0.817470 -0.330148 0.471959 0.847526 -0.877479 1 1 1.000000
  0 -17.617096 -17.835545 10.157969 -0.778704 -0.437604 0.449581 0.869151 -0.867044 1 1 1.000000
  0 -14.389232 -17.835587 14.364744 -0.635867 -0.437427 0.635870 0.855438 -0.834058 1 1 1.000000
nuke_blu.vtf
  0 10.129081 -17.835493 17.592869 0.450013 -0.435868 0.779427 0.848168 -0.662792 1 1 1.000000
  0 5.230313 -17.835518 19.622009 0.232915 -0.436205 0.869181 0.841479 -0.696945 1 1 1.000000
  0 4.794632 -20.859156 17.975119 0.216059 -0.550738 0.806230 0.863788 -0.700027 1 1 1.000000
nuke_blu.vtf
  0 10.801688 -14.573932 18.768412 0.472327 -0.328140 0.818065 0.825723 -0.657028 1 1 1.000000
  0 5.230313 -17.835518 19.622009 0.232915 -0.436205 0.869181 0.841479 -0.696945 1 1 1.000000
  0 10.129081 -17.835493 17.592869 0.450013 -0.435868 0.779427 0.848168 -0.662792 1 1 1.000000
nuke_blu.vtf
  0 10.801688 -14.573932 18.768412 0.472327 -0.328140 0.818065 0.825723 -0.657028 1 1 1.000000
  0 5.575618 -14.574064 20.933182 0.244464 -0.328511 0.912314 0.818704 -0.693885 1 1 1.000000
  0 5.230313 -17.835518 19.622009 0.232915 -0.436205 0.869181 0.841479 -0.696945 1 1 1.000000
nuke_blu.vtf
  0 11.288524 -11.130568 19.623041 0.487951 -0.218588 0.845058 0.802519 -0.651237 1 1 1.000000
  0 5.575618 -14.574064 20.933182 0.244464 -0.328511 0.912314 0.818704 -0.693885 1 1 1.000000
  0 10.801688 -14.573932 18.768412 0.472327 -0.328140 0.818065 0.825723 -0.657028 1 1 1.000000
nuke_blu.vtf
  0 11.288524 -11.130568 19.623041 0.487951 -0.218588 0.845058 0.802519 -0.651237 1 1 1.000000
  0 5.824635 -11.130516 21.886208 0.252469 -0.218892 0.942521 0.795175 -0.690804 1 1 1.000000
  0 5.575618 -14.574064 20.933182 0.244464 -0.328511 0.912314 0.818704 -0.693885 1 1 1.000000
nuke_blu.vtf
  0 -10.866894 -14.574021 18.768278 -0.472052 -0.329648 0.817618 0.823278 -0.805370 1 1 1.000000
  0 -5.283789 -17.835516 19.621906 -0.232809 -0.436889 0.868866 0.840315 -0.766023 1 1 1.000000
  0 -5.640866 -14.574142 20.933079 -0.244377 -0.329290 0.912057 0.817484 -0.768380 1 1 1.000000
nuke_blu.vtf
  0 -10.866894 -14.574021 18.768278 -0.472052 -0.329648 0.817618 0.823278 -0.805370 1 1 1.000000
  0 -10.182591 -17.835535 17.592682 -0.449679 -0.437181 0.778885 0.845839 -0.800316 1 1 1.000000
  0 -5.283789 -17.835516 19.621906 -0.232809 -0.436889 0.868866 0.840315 -0.766023 1 1 1.000000
nuke_blu.vtf
  0 -10.182591 -17.835535 17.592682 -0.449679 -0.437181 0.778885 0.845839 -0.800316 1 1 1.000000
  0 -4.837189 -20.859087 17.975004 -0.215941 -0.551279 0.805891 0.862689 -0.763651 1 1 1.000000
  0 -5.283789 -17.835516 19.621906 -0.232809 -0.436889 0.868866 0.840315 -0.766023 1 1 1.000000
nuke_blu.vtf
  0 -10.182591 -17.835535 17.592682 -0.449679 -0.437181 0.778885 0.845839 -0.800316 1 1 1.000000
  0 -9.324853 -20.859133 16.116117 -0.417059 -0.551547 0.722398 0.867925 -0.795213 1 1 1.000000
  0 -4.837189 -20.859087 17.975004 -0.215941 -0.551279 0.805891 0.862689 -0.763651 1 1 1.000000
nuke_blu.vtf
  0 -15.354556 -14.574080 15.324766 -0.667511 -0.329930 0.667514 0.833306 -0.841797 1 1 1.000000
  0 -10.182591 -17.835535 17.592682 -0.449679 -0.437181 0.778885 0.845839 -0.800316 1 1 1.000000
  0 -10.866894 -14.574021 18.768278 -0.472052 -0.329648 0.817618 0.823278 -0.805370 1 1 1.000000
nuke_blu.vtf
  0 -15.354556 -14.574080 15.324766 -0.667511 -0.329930 0.667514 0.833306 -0.841797 1 1 1.000000
  0 -14.389232 -17.835587 14.364744 -0.635867 -0.437427 0.635870 0.855438 -0.834058 1 1 1.000000
  0 -10.182591 -17.835535 17.592682 -0.449679 -0.437181 0.778885 0.845839 -0.800316 1 1 1.000000
nuke_blu.vtf
  0 -14.389232 -17.835587 14.364744 -0.635867 -0.437427 0.635870 0.855438 -0.834058 1 1 1.000000
  0 -9.324853 -20.859133 16.116117 -0.417059 -0.551547 0.722398 0.867925 -0.795213 1 1 1.000000
  0 -10.182591 -17.835535 17.592682 -0.449679 -0.437181 0.778885 0.845839 -0.800316 1 1 1.000000
nuke_blu.vtf
  0 -14.389232 -17.835587 14.364744 -0.635867 -0.437427 0.635870 0.855438 -0.834058 1 1 1.000000
  0 -13.178598 -20.859203 13.159101 -0.589716 -0.551767 0.589735 0.877055 -0.826200 1 1 1.000000
  0 -9.324853 -20.859133 16.116117 -0.417059 -0.551547 0.722398 0.867925 -0.795213 1 1 1.000000
nuke_blu.vtf
  0 -9.324853 -20.859133 16.116117 -0.417059 -0.551547 0.722398 0.867925 -0.795213 1 1 1.000000
  0 -13.178598 -20.859203 13.159101 -0.589716 -0.551767 0.589735 0.877055 -0.826200 1 1 1.000000
  0 -11.915687 -23.150658 11.899976 -0.535693 -0.652754 0.535673 0.895277 -0.819330 1 1 1.000000
nuke_blu.vtf
  0 -9.324853 -20.859133 16.116117 -0.417059 -0.551547 0.722398 0.867925 -0.795213 1 1 1.000000
  0 -11.915687 -23.150658 11.899976 -0.535693 -0.652754 0.535673 0.895277 -0.819330 1 1 1.000000
  0 -8.430696 -23.150898 14.574147 -0.378901 -0.652543 0.656218 0.886613 -0.790767 1 1 1.000000
nuke_blu.vtf
  0 -4.837189 -20.859087 17.975004 -0.215941 -0.551279 0.805891 0.862689 -0.763651 1 1 1.000000
  0 -9.324853 -20.859133 16.116117 -0.417059 -0.551547 0.722398 0.867925 -0.795213 1 1 1.000000
  0 -8.430696 -23.150898 14.574147 -0.378901 -0.652543 0.656218 0.886613 -0.790767 1 1 1.000000
nuke_blu.vtf
  0 -4.837189 -20.859087 17.975004 -0.215941 -0.551279 0.805891 0.862689 -0.763651 1 1 1.000000
  0 -8.430696 -23.150898 14.574147 -0.378901 -0.652543 0.656218 0.886613 -0.790767 1 1 1.000000
  0 -4.372314 -23.151192 16.255199 -0.196215 -0.652317 0.732108 0.881655 -0.761590 1 1 1.000000
nuke_blu.vtf
  0 -17.617096 -17.835545 10.157969 -0.778704 -0.437604 0.449581 0.869151 -0.867044 1 1 1.000000
  0 -13.178598 -20.859203 13.159101 -0.589716 -0.551767 0.589735 0.877055 -0.826200 1 1 1.000000
  0 -14.389232 -17.835587 14.364744 -0.635867 -0.437427 0.635870 0.855438 -0.834058 1 1 1.000000
nuke_blu.vtf
  0 -17.617096 -17.835545 10.157969 -0.778704 -0.437604 0.449581 0.869151 -0.867044 1 1 1.000000
  0 -16.135635 -20.859179 9.305281 -0.722181 -0.551915 0.416946 0.890174 -0.856358 1 1 1.000000
  0 -13.178598 -20.859203 13.159101 -0.589716 -0.551767 0.589735 0.877055 -0.826200 1 1 1.000000
nuke_blu.vtf
  0 -13.178598 -20.859203 13.159101 -0.589716 -0.551767 0.589735 0.877055 -0.826200 1 1 1.000000
  0 -16.135635 -20.859179 9.305281 -0.722181 -0.551915 0.416946 0.890174 -0.856358 1 1 1.000000
  0 -14.589875 -23.150494 8.414942 -0.655980 -0.652891 0.378712 0.907761 -0.846965 1 1 1.000000
nuke_blu.vtf
  0 -13.178598 -20.859203 13.159101 -0.589716 -0.551767 0.589735 0.877055 -0.826200 1 1 1.000000
  0 -14.589875 -23.150494 8.414942 -0.655980 -0.652891 0.378712 0.907761 -0.846965 1 1 1.000000
  0 -11.915687 -23.150658 11.899976 -0.535693 -0.652754 0.535673 0.895277 -0.819330 1 1 1.000000
nuke_blu.vtf
  0 -11.915687 -23.150658 11.899976 -0.535693 -0.652754 0.535673 0.895277 -0.819330 1 1 1.000000
  0 -14.589875 -23.150494 8.414942 -0.655980 -0.652891 0.378712 0.907761 -0.846965 1 1 1.000000
  0 -12.676350 -25.441801 7.312266 -0.607246 -0.713010 0.350527 0.927315 -0.836024 1 1 1.000000
nuke_blu.vtf
  0 -11.915687 -23.150658 11.899976 -0.535693 -0.652754 0.535673 0.895277 -0.819330 1 1 1.000000
  0 -12.676350 -25.441801 7.312266 -0.607246 -0.713010 0.350527 0.927315 -0.836024 1 1 1.000000
  0 -10.352591 -25.442181 10.340694 -0.495953 -0.712867 0.495834 0.915742 -0.811345 1 1 1.000000
nuke_blu.vtf
  0 -8.430696 -23.150898 14.574147 -0.378901 -0.652543 0.656218 0.886613 -0.790767 1 1 1.000000
  0 -11.915687 -23.150658 11.899976 -0.535693 -0.652754 0.535673 0.895277 -0.819330 1 1 1.000000
  0 -10.352591 -25.442181 10.340694 -0.495953 -0.712867 0.495834 0.915742 -0.811345 1 1 1.000000
nuke_blu.vtf
  0 -8.430696 -23.150898 14.574147 -0.378901 -0.652543 0.656218 0.886613 -0.790767 1 1 1.000000
  0 -10.352591 -25.442181 10.340694 -0.495953 -0.712867 0.495834 0.915742 -0.811345 1 1 1.000000
  0 -7.324205 -25.442705 12.664576 -0.350828 -0.712682 0.607457 0.907712 -0.785612 1 1 1.000000
nuke_blu.vtf
  0 -4.372314 -23.151192 16.255199 -0.196215 -0.652317 0.732108 0.881655 -0.761590 1 1 1.000000
  0 -8.430696 -23.150898 14.574147 -0.378901 -0.652543 0.656218 0.886613 -0.790767 1 1 1.000000
  0 -7.324205 -25.442705 12.664576 -0.350828 -0.712682 0.607457 0.907712 -0.785612 1 1 1.000000
nuke_blu.vtf
  0 -4.372314 -23.151192 16.255199 -0.196215 -0.652317 0.732108 0.881655 -0.761590 1 1 1.000000
  0 -7.324205 -25.442705 12.664576 -0.350828 -0.712682 0.607457 0.907712 -0.785612 1 1 1.000000
  0 -3.797573 -25.443201 14.125360 -0.181747 -0.712448 0.677780 0.903120 -0.759205 1 1 1.000000
nuke_blu.vtf
  0 -4.372314 -23.151192 16.255199 -0.196215 -0.652317 0.732108 0.881655 -0.761590 1 1 1.000000
  0 -3.797573 -25.443201 14.125360 -0.181747 -0.712448 0.677780 0.903120 -0.759205 1 1 1.000000
  0 -0.012995 -25.443836 14.623585 0.000003 -0.712219 0.701957 0.901916 -0.732487 1 1 1.000000
nuke_blu.vtf
  0 -4.372314 -23.151192 16.255199 -0.196215 -0.652317 0.732108 0.881655 -0.761590 1 1 1.000000
  0 -0.012995 -25.443836 14.623585 0.000003 -0.712219 0.701957 0.901916 -0.732487 1 1 1.000000
  0 -0.017142 -23.151453 16.828703 0.000007 -0.652088 0.758144 0.880353 -0.732125 1 1 1.000000
nuke_blu.vtf
  0 -4.837189 -20.859087 17.975004 -0.215941 -0.551279 0.805891 0.862689 -0.763651 1 1 1.000000
  0 -4.372314 -23.151192 16.255199 -0.196215 -0.652317 0.732108 0.881655 -0.761590 1 1 1.000000
  0 -0.017142 -23.151453 16.828703 0.000007 -0.652088 0.758144 0.880353 -0.732125 1 1 1.000000
nuke_blu.vtf
  0 -4.837189 -20.859087 17.975004 -0.215941 -0.551279 0.805891 0.862689 -0.763651 1 1 1.000000
  0 -0.017142 -23.151453 16.828703 0.000007 -0.652088 0.758144 0.880353 -0.732125 1 1 1.000000
  0 -0.021286 -20.859154 18.609102 0.000010 -0.550988 0.834513 0.861313 -0.731815 1 1 1.000000
nuke_blu.vtf
  0 -5.283789 -17.835516 19.621906 -0.232809 -0.436889 0.868866 0.840315 -0.766023 1 1 1.000000
  0 -4.837189 -20.859087 17.975004 -0.215941 -0.551279 0.805891 0.862689 -0.763651 1 1 1.000000
  0 -0.021286 -20.859154 18.609102 0.000010 -0.550988 0.834513 0.861313 -0.731815 1 1 1.000000
nuke_blu.vtf
  0 -5.283789 -17.835516 19.621906 -0.232809 -0.436889 0.868866 0.840315 -0.766023 1 1 1.000000
  0 -0.021286 -20.859154 18.609102 0.000010 -0.550988 0.834513 0.861313 -0.731815 1 1 1.000000
  0 -0.026746 -17.835606 20.314034 0.000010 -0.436546 0.899682 0.838862 -0.731461 1 1 1.000000
nuke_blu.vtf
  0 -5.640866 -14.574142 20.933079 -0.244377 -0.329290 0.912057 0.817484 -0.768380 1 1 1.000000
  0 -5.283789 -17.835516 19.621906 -0.232809 -0.436889 0.868866 0.840315 -0.766023 1 1 1.000000
  0 -0.026746 -17.835606 20.314034 0.000010 -0.436546 0.899682 0.838862 -0.731461 1 1 1.000000
nuke_blu.vtf
  0 -5.640866 -14.574142 20.933079 -0.244377 -0.329290 0.912057 0.817484 -0.768380 1 1 1.000000
  0 -0.026746 -17.835606 20.314034 0.000010 -0.436546 0.899682 0.838862 -0.731461 1 1 1.000000
  0 -0.032635 -14.574077 21.671398 0.000006 -0.328895 0.944366 0.815955 -0.731111 1 1 1.000000
nuke_blu.vtf
  0 -16.844185 -23.150372 0.001274 -0.757366 -0.652991 -0.000004 0.691847 -0.571596 1 1 1.000000
  0 -14.137084 -25.441648 -3.783654 -0.677226 -0.713055 -0.181430 0.686830 -0.610428 1 1 1.000000
  0 -14.635389 -25.441500 0.000953 -0.701057 -0.713105 0.000004 0.707565 -0.590356 1 1 1.000000
nuke_blu.vtf
  0 -18.628519 -20.859228 0.001601 -0.833828 -0.552024 0.000003 0.676687 -0.555268 1 1 1.000000
  0 -16.270756 -23.150427 -4.353921 -0.731597 -0.652950 -0.196017 0.669191 -0.595231 1 1 1.000000
  0 -16.844185 -23.150372 0.001274 -0.757366 -0.652991 -0.000004 0.691847 -0.571596 1 1 1.000000
nuke_blu.vtf
  0 -16.844185 -23.150372 0.001274 -0.757366 -0.652991 -0.000004 0.691847 -0.571596 1 1 1.000000
  0 -16.270756 -23.150427 -4.353921 -0.731597 -0.652950 -0.196017 0.669191 -0.595231 1 1 1.000000
  0 -14.137084 -25.441648 -3.783654 -0.677226 -0.713055 -0.181430 0.686830 -0.610428 1 1 1.000000
nuke_blu.vtf
  0 -16.270756 -23.150427 -4.353921 -0.731597 -0.652950 -0.196017 0.669191 -0.595231 1 1 1.000000
  0 -12.676290 -25.441898 -7.310287 -0.607299 -0.712950 -0.350556 0.670124 -0.632754 1 1 1.000000
  0 -14.137084 -25.441648 -3.783654 -0.677226 -0.713055 -0.181430 0.686830 -0.610428 1 1 1.000000
nuke_blu.vtf
  0 -20.962736 -14.574189 -5.605733 -0.911742 -0.330210 -0.244310 0.612579 -0.552845 1 1 1.000000
  0 -20.338255 -17.835569 0.002033 -0.899108 -0.437726 -0.000006 0.657700 -0.536964 1 1 1.000000
  0 -21.701075 -14.574198 0.002515 -0.943880 -0.330289 -0.000002 0.637464 -0.519411 1 1 1.000000
nuke_blu.vtf
  0 -20.962736 -14.574189 -5.605733 -0.911742 -0.330210 -0.244310 0.612579 -0.552845 1 1 1.000000
  0 -19.646093 -17.835690 -5.255036 -0.868506 -0.437650 -0.232723 0.633192 -0.567267 1 1 1.000000
  0 -20.338255 -17.835569 0.002033 -0.899108 -0.437726 -0.000006 0.657700 -0.536964 1 1 1.000000
nuke_blu.vtf
  0 -19.646093 -17.835690 -5.255036 -0.868506 -0.437650 -0.232723 0.633192 -0.567267 1 1 1.000000
  0 -18.628519 -20.859228 0.001601 -0.833828 -0.552024 0.000003 0.676687 -0.555268 1 1 1.000000
  0 -20.338255 -17.835569 0.002033 -0.899108 -0.437726 -0.000006 0.657700 -0.536964 1 1 1.000000
nuke_blu.vtf
  0 -19.646093 -17.835690 -5.255036 -0.868506 -0.437650 -0.232723 0.633192 -0.567267 1 1 1.000000
  0 -17.994459 -20.859331 -4.814342 -0.805451 -0.551969 -0.215822 0.652956 -0.582134 1 1 1.000000
  0 -18.628519 -20.859228 0.001601 -0.833828 -0.552024 0.000003 0.676687 -0.555268 1 1 1.000000
nuke_blu.vtf
  0 -18.628519 -20.859228 0.001601 -0.833828 -0.552024 0.000003 0.676687 -0.555268 1 1 1.000000
  0 -17.994459 -20.859331 -4.814342 -0.805451 -0.551969 -0.215822 0.652956 -0.582134 1 1 1.000000
  0 -16.270756 -23.150427 -4.353921 -0.731597 -0.652950 -0.196017 0.669191 -0.595231 1 1 1.000000
nuke_blu.vtf
  0 -17.994459 -20.859331 -4.814342 -0.805451 -0.551969 -0.215822 0.652956 -0.582134 1 1 1.000000
  0 -14.589755 -23.150614 -8.412324 -0.656027 -0.652829 -0.378740 0.651082 -0.620711 1 1 1.000000
  0 -16.270756 -23.150427 -4.353921 -0.731597 -0.652950 -0.196017 0.669191 -0.595231 1 1 1.000000
nuke_blu.vtf
  0 -16.270756 -23.150427 -4.353921 -0.731597 -0.652950 -0.196017 0.669191 -0.595231 1 1 1.000000
  0 -14.589755 -23.150614 -8.412324 -0.656027 -0.652829 -0.378740 0.651082 -0.620711 1 1 1.000000
  0 -12.676290 -25.441898 -7.310287 -0.607299 -0.712950 -0.350556 0.670124 -0.632754 1 1 1.000000
nuke_blu.vtf
  0 -14.589755 -23.150614 -8.412324 -0.656027 -0.652829 -0.378740 0.651082 -0.620711 1 1 1.000000
  0 -10.352487 -25.442278 -10.338732 -0.496003 -0.712793 -0.495890 0.657117 -0.656762 1 1 1.000000
  0 -12.676290 -25.441898 -7.310287 -0.607299 -0.712950 -0.350556 0.670124 -0.632754 1 1 1.000000
nuke_blu.vtf
  0 -11.915574 -23.150820 -11.897342 -0.535762 -0.652654 -0.535726 0.637012 -0.647630 1 1 1.000000
  0 -7.324033 -25.442867 -12.662461 -0.350875 -0.712601 -0.607526 0.647616 -0.682005 1 1 1.000000
  0 -10.352487 -25.442278 -10.338732 -0.496003 -0.712793 -0.495890 0.657117 -0.656762 1 1 1.000000
nuke_blu.vtf
  0 -14.589755 -23.150614 -8.412324 -0.656027 -0.652829 -0.378740 0.651082 -0.620711 1 1 1.000000
  0 -11.915574 -23.150820 -11.897342 -0.535762 -0.652654 -0.535726 0.637012 -0.647630 1 1 1.000000
  0 -10.352487 -25.442278 -10.338732 -0.496003 -0.712793 -0.495890 0.657117 -0.656762 1 1 1.000000
nuke_blu.vtf
  0 -16.135487 -20.859304 -9.302074 -0.722219 -0.551829 -0.416995 0.633923 -0.610335 1 1 1.000000
  0 -11.915574 -23.150820 -11.897342 -0.535762 -0.652654 -0.535726 0.637012 -0.647630 1 1 1.000000
  0 -14.589755 -23.150614 -8.412324 -0.656027 -0.652829 -0.378740 0.651082 -0.620711 1 1 1.000000
nuke_blu.vtf
  0 -17.994459 -20.859331 -4.814342 -0.805451 -0.551969 -0.215822 0.652956 -0.582134 1 1 1.000000
  0 -16.135487 -20.859304 -9.302074 -0.722219 -0.551829 -0.416995 0.633923 -0.610335 1 1 1.000000
  0 -14.589755 -23.150614 -8.412324 -0.656027 -0.652829 -0.378740 0.651082 -0.620711 1 1 1.000000
nuke_blu.vtf
  0 -17.616970 -17.835672 -10.153830 -0.778744 -0.437493 -0.449619 0.613368 -0.598487 1 1 1.000000
  0 -16.135487 -20.859304 -9.302074 -0.722219 -0.551829 -0.416995 0.633923 -0.610335 1 1 1.000000
  0 -17.994459 -20.859331 -4.814342 -0.805451 -0.551969 -0.215822 0.652956 -0.582134 1 1 1.000000
nuke_blu.vtf
  0 -17.616970 -17.835672 -10.153830 -0.778744 -0.437493 -0.449619 0.613368 -0.598487 1 1 1.000000
  0 -17.994459 -20.859331 -4.814342 -0.805451 -0.551969 -0.215822 0.652956 -0.582134 1 1 1.000000
  0 -19.646093 -17.835690 -5.255036 -0.868506 -0.437650 -0.232723 0.633192 -0.567267 1 1 1.000000
nuke_blu.vtf
  0 -18.797932 -14.574243 -10.831797 -0.817497 -0.330025 -0.471998 0.592174 -0.586877 1 1 1.000000
  0 -17.616970 -17.835672 -10.153830 -0.778744 -0.437493 -0.449619 0.613368 -0.598487 1 1 1.000000
  0 -19.646093 -17.835690 -5.255036 -0.868506 -0.437650 -0.232723 0.633192 -0.567267 1 1 1.000000
nuke_blu.vtf
  0 -18.797932 -14.574243 -10.831797 -0.817497 -0.330025 -0.471998 0.592174 -0.586877 1 1 1.000000
  0 -19.646093 -17.835690 -5.255036 -0.868506 -0.437650 -0.232723 0.633192 -0.567267 1 1 1.000000
  0 -20.962736 -14.574189 -5.605733 -0.911742 -0.330210 -0.244310 0.612579 -0.552845 1 1 1.000000
nuke_blu.vtf
  0 -19.658161 -11.130713 -11.324387 -0.844690 -0.220671 -0.487651 0.570185 -0.575375 1 1 1.000000
  0 -18.797932 -14.574243 -10.831797 -0.817497 -0.330025 -0.471998 0.592174 -0.586877 1 1 1.000000
  0 -20.962736 -14.574189 -5.605733 -0.911742 -0.330210 -0.244310 0.612579 -0.552845 1 1 1.000000
nuke_blu.vtf
  0 -19.658161 -11.130713 -11.324387 -0.844690 -0.220671 -0.487651 0.570185 -0.575375 1 1 1.000000
  0 -20.962736 -14.574189 -5.605733 -0.911742 -0.330210 -0.244310 0.612579 -0.552845 1 1 1.000000
  0 -21.921446 -11.130679 -5.860479 -0.942081 -0.220862 -0.252395 0.591063 -0.538753 1 1 1.000000
nuke_blu.vtf
  0 -21.921446 -11.130679 -5.860479 -0.942081 -0.220862 -0.252395 0.591063 -0.538753 1 1 1.000000
  0 -20.962736 -14.574189 -5.605733 -0.911742 -0.330210 -0.244310 0.612579 -0.552845 1 1 1.000000
  0 -21.701075 -14.574198 0.002515 -0.943880 -0.330289 -0.000002 0.637464 -0.519411 1 1 1.000000
nuke_blu.vtf
  0 -21.921446 -11.130679 -5.860479 -0.942081 -0.220862 -0.252395 0.591063 -0.538753 1 1 1.000000
  0 -21.701075 -14.574198 0.002515 -0.943880 -0.330289 -0.000002 0.637464 -0.519411 1 1 1.000000
  0 -22.693378 -11.130688 0.003013 -0.975283 -0.220958 0.000037 0.616075 -0.502594 1 1 1.000000
nuke_blu.vtf
  0 -22.501421 -7.560319 -6.022849 -0.961690 -0.092337 -0.258119 0.568543 -0.524853 1 1 1.000000
  0 -22.693378 -11.130688 0.003013 -0.975283 -0.220958 0.000037 0.616075 -0.502594 1 1 1.000000
  0 -23.296030 -7.560277 -0.005343 -0.995717 -0.092456 -0.000419 0.593617 -0.486447 1 1 1.000000
nuke_blu.vtf
  0 -22.501421 -7.560319 -6.022849 -0.961690 -0.092337 -0.258119 0.568543 -0.524853 1 1 1.000000
  0 -21.921446 -11.130679 -5.860479 -0.942081 -0.220862 -0.252395 0.591063 -0.538753 1 1 1.000000
  0 -22.693378 -11.130688 0.003013 -0.975283 -0.220958 0.000037 0.616075 -0.502594 1 1 1.000000
nuke_blu.vtf
  0 -20.176493 -7.560297 -11.629596 -0.862135 -0.092094 -0.498238 0.547195 -0.563855 1 1 1.000000
  0 -21.921446 -11.130679 -5.860479 -0.942081 -0.220862 -0.252395 0.591063 -0.538753 1 1 1.000000
  0 -22.501421 -7.560319 -6.022849 -0.961690 -0.092337 -0.258119 0.568543 -0.524853 1 1 1.000000
nuke_blu.vtf
  0 -20.176493 -7.560297 -11.629596 -0.862135 -0.092094 -0.498238 0.547195 -0.563855 1 1 1.000000
  0 -19.658161 -11.130713 -11.324387 -0.844690 -0.220671 -0.487651 0.570185 -0.575375 1 1 1.000000
  0 -21.921446 -11.130679 -5.860479 -0.942081 -0.220862 -0.252395 0.591063 -0.538753 1 1 1.000000
nuke_blu.vtf
  0 -16.479630 -7.560332 -16.443659 -0.704048 -0.092052 -0.704161 0.529919 -0.603876 1 1 1.000000
  0 -19.658161 -11.130713 -11.324387 -0.844690 -0.220671 -0.487651 0.570185 -0.575375 1 1 1.000000
  0 -20.176493 -7.560297 -11.629596 -0.862135 -0.092094 -0.498238 0.547195 -0.563855 1 1 1.000000
nuke_blu.vtf
  0 -16.479630 -7.560332 -16.443659 -0.704048 -0.092052 -0.704161 0.529919 -0.603876 1 1 1.000000
  0 -16.057838 -11.130782 -16.016325 -0.689740 -0.220385 -0.689702 0.553470 -0.612870 1 1 1.000000
  0 -19.658161 -11.130713 -11.324387 -0.844690 -0.220671 -0.487651 0.570185 -0.575375 1 1 1.000000
nuke_blu.vtf
  0 -16.057838 -11.130782 -16.016325 -0.689740 -0.220385 -0.689702 0.553470 -0.612870 1 1 1.000000
  0 -18.797932 -14.574243 -10.831797 -0.817497 -0.330025 -0.471998 0.592174 -0.586877 1 1 1.000000
  0 -19.658161 -11.130713 -11.324387 -0.844690 -0.220671 -0.487651 0.570185 -0.575375 1 1 1.000000
nuke_blu.vtf
  0 -16.057838 -11.130782 -16.016325 -0.689740 -0.220385 -0.689702 0.553470 -0.612870 1 1 1.000000
  0 -15.354295 -14.574390 -15.319499 -0.667548 -0.329754 -0.667564 0.576016 -0.621788 1 1 1.000000
  0 -18.797932 -14.574243 -10.831797 -0.817497 -0.330025 -0.471998 0.592174 -0.586877 1 1 1.000000
nuke_blu.vtf
  0 -15.354295 -14.574390 -15.319499 -0.667548 -0.329754 -0.667564 0.576016 -0.621788 1 1 1.000000
  0 -17.616970 -17.835672 -10.153830 -0.778744 -0.437493 -0.449619 0.613368 -0.598487 1 1 1.000000
  0 -18.797932 -14.574243 -10.831797 -0.817497 -0.330025 -0.471998 0.592174 -0.586877 1 1 1.000000
nuke_blu.vtf
  0 -15.354295 -14.574390 -15.319499 -0.667548 -0.329754 -0.667564 0.576016 -0.621788 1 1 1.000000
  0 -14.389031 -17.835802 -14.360545 -0.635907 -0.437278 -0.635933 0.597818 -0.630711 1 1 1.000000
  0 -17.616970 -17.835672 -10.153830 -0.778744 -0.437493 -0.449619 0.613368 -0.598487 1 1 1.000000
nuke_blu.vtf
  0 -14.389031 -17.835802 -14.360545 -0.635907 -0.437278 -0.635933 0.597818 -0.630711 1 1 1.000000
  0 -16.135487 -20.859304 -9.302074 -0.722219 -0.551829 -0.416995 0.633923 -0.610335 1 1 1.000000
  0 -17.616970 -17.835672 -10.153830 -0.778744 -0.437493 -0.449619 0.613368 -0.598487 1 1 1.000000
nuke_blu.vtf
  0 -14.389031 -17.835802 -14.360545 -0.635907 -0.437278 -0.635933 0.597818 -0.630711 1 1 1.000000
  0 -13.178330 -20.859396 -13.155688 -0.589775 -0.551636 -0.589799 0.619095 -0.639750 1 1 1.000000
  0 -16.135487 -20.859304 -9.302074 -0.722219 -0.551829 -0.416995 0.633923 -0.610335 1 1 1.000000
nuke_blu.vtf
  0 -16.135487 -20.859304 -9.302074 -0.722219 -0.551829 -0.416995 0.633923 -0.610335 1 1 1.000000
  0 -13.178330 -20.859396 -13.155688 -0.589775 -0.551636 -0.589799 0.619095 -0.639750 1 1 1.000000
  0 -11.915574 -23.150820 -11.897342 -0.535762 -0.652654 -0.535726 0.637012 -0.647630 1 1 1.000000
nuke_blu.vtf
  0 -13.178330 -20.859396 -13.155688 -0.589775 -0.551636 -0.589799 0.619095 -0.639750 1 1 1.000000
  0 -8.430495 -23.151154 -14.571609 -0.378937 -0.652441 -0.656298 0.626733 -0.675663 1 1 1.000000
  0 -11.915574 -23.150820 -11.897342 -0.535762 -0.652654 -0.535726 0.637012 -0.647630 1 1 1.000000
nuke_blu.vtf
  0 -11.915574 -23.150820 -11.897342 -0.535762 -0.652654 -0.535726 0.637012 -0.647630 1 1 1.000000
  0 -8.430495 -23.151154 -14.571609 -0.378937 -0.652441 -0.656298 0.626733 -0.675663 1 1 1.000000
  0 -7.324033 -25.442867 -12.662461 -0.350875 -0.712601 -0.607526 0.647616 -0.682005 1 1 1.000000
nuke_blu.vtf
  0 -8.430495 -23.151154 -14.571609 -0.378937 -0.652441 -0.656298 0.626733 -0.675663 1 1 1.000000
  0 -3.797376 -25.443428 -14.123265 -0.181748 -0.712356 -0.677876 0.641524 -0.708098 1 1 1.000000
  0 -7.324033 -25.442867 -12.662461 -0.350875 -0.712601 -0.607526 0.647616 -0.682005 1 1 1.000000
nuke_blu.vtf
  0 -10.182319 -17.835758 -17.588358 -0.449713 -0.436991 -0.778972 0.586364 -0.663857 1 1 1.000000
  0 -9.324682 -20.859379 -16.112785 -0.417120 -0.551368 -0.722499 0.608233 -0.670177 1 1 1.000000
  0 -13.178330 -20.859396 -13.155688 -0.589775 -0.551636 -0.589799 0.619095 -0.639750 1 1 1.000000
nuke_blu.vtf
  0 -10.182319 -17.835758 -17.588358 -0.449713 -0.436991 -0.778972 0.586364 -0.663857 1 1 1.000000
  0 -13.178330 -20.859396 -13.155688 -0.589775 -0.551636 -0.589799 0.619095 -0.639750 1 1 1.000000
  0 -14.389031 -17.835802 -14.360545 -0.635907 -0.437278 -0.635933 0.597818 -0.630711 1 1 1.000000
nuke_blu.vtf
  0 -10.866619 -14.574339 -18.763054 -0.472071 -0.329432 -0.817694 0.564028 -0.657574 1 1 1.000000
  0 -10.182319 -17.835758 -17.588358 -0.449713 -0.436991 -0.778972 0.586364 -0.663857 1 1 1.000000
  0 -14.389031 -17.835802 -14.360545 -0.635907 -0.437278 -0.635933 0.597818 -0.630711 1 1 1.000000
nuke_blu.vtf
  0 -10.866619 -14.574339 -18.763054 -0.472071 -0.329432 -0.817694 0.564028 -0.657574 1 1 1.000000
  0 -14.389031 -17.835802 -14.360545 -0.635907 -0.437278 -0.635933 0.597818 -0.630711 1 1 1.000000
  0 -15.354295 -14.574390 -15.319499 -0.667548 -0.329754 -0.667564 0.576016 -0.621788 1 1 1.000000
nuke_blu.vtf
  0 -11.365897 -11.130834 -19.616566 -0.487772 -0.220012 -0.844792 0.540970 -0.651241 1 1 1.000000
  0 -10.866619 -14.574339 -18.763054 -0.472071 -0.329432 -0.817694 0.564028 -0.657574 1 1 1.000000
  0 -15.354295 -14.574390 -15.319499 -0.667548 -0.329754 -0.667564 0.576016 -0.621788 1 1 1.000000
nuke_blu.vtf
  0 -11.365897 -11.130834 -19.616566 -0.487772 -0.220012 -0.844792 0.540970 -0.651241 1 1 1.000000
  0 -15.354295 -14.574390 -15.319499 -0.667548 -0.329754 -0.667564 0.576016 -0.621788 1 1 1.000000
  0 -16.057838 -11.130782 -16.016325 -0.689740 -0.220385 -0.689702 0.553470 -0.612870 1 1 1.000000
nuke_blu.vtf
  0 -11.662726 -7.560418 -20.136789 -0.497140 -0.092547 -0.862721 0.516912 -0.644791 1 1 1.000000
  0 -11.365897 -11.130834 -19.616566 -0.487772 -0.220012 -0.844792 0.540970 -0.651241 1 1 1.000000
  0 -16.057838 -11.130782 -16.016325 -0.689740 -0.220385 -0.689702 0.553470 -0.612870 1 1 1.000000
nuke_blu.vtf
  0 -11.662726 -7.560418 -20.136789 -0.497140 -0.092547 -0.862721 0.516912 -0.644791 1 1 1.000000
  0 -16.057838 -11.130782 -16.016325 -0.689740 -0.220385 -0.689702 0.553470 -0.612870 1 1 1.000000
  0 -16.479630 -7.560332 -16.443659 -0.704048 -0.092052 -0.704161 0.529919 -0.603876 1 1 1.000000
nuke_blu.vtf
  0 -11.716908 -3.610673 -20.199926 -0.499343 -0.020126 -0.866170 0.489432 -0.637513 1 1 1.000000
  0 -11.662726 -7.560418 -20.136789 -0.497140 -0.092547 -0.862721 0.516912 -0.644791 1 1 1.000000
  0 -16.479630 -7.560332 -16.443659 -0.704048 -0.092052 -0.704161 0.529919 -0.603876 1 1 1.000000
nuke_blu.vtf
  0 -11.716908 -3.610673 -20.199926 -0.499343 -0.020126 -0.866170 0.489432 -0.637513 1 1 1.000000
  0 -16.479630 -7.560332 -16.443659 -0.704048 -0.092052 -0.704161 0.529919 -0.603876 1 1 1.000000
  0 -16.532742 -3.605239 -16.492451 -0.707469 -0.018261 -0.706509 0.502763 -0.593909 1 1 1.000000
nuke_blu.vtf
  0 -16.532742 -3.605239 -16.492451 -0.707469 -0.018261 -0.706509 0.502763 -0.593909 1 1 1.000000
  0 -16.479630 -7.560332 -16.443659 -0.704048 -0.092052 -0.704161 0.529919 -0.603876 1 1 1.000000
  0 -20.176493 -7.560297 -11.629596 -0.862135 -0.092094 -0.498238 0.547195 -0.563855 1 1 1.000000
nuke_blu.vtf
  0 -16.532742 -3.605239 -16.492451 -0.707469 -0.018261 -0.706509 0.502763 -0.593909 1 1 1.000000
  0 -20.176493 -7.560297 -11.629596 -0.862135 -0.092094 -0.498238 0.547195 -0.563855 1 1 1.000000
  0 -20.241072 -3.605745 -11.665018 -0.865645 -0.018658 -0.500310 0.520755 -0.551056 1 1 1.000000
nuke_blu.vtf
  0 -20.241072 -3.605745 -11.665018 -0.865645 -0.018658 -0.500310 0.520755 -0.551056 1 1 1.000000
  0 -20.176493 -7.560297 -11.629596 -0.862135 -0.092094 -0.498238 0.547195 -0.563855 1 1 1.000000
  0 -22.501421 -7.560319 -6.022849 -0.961690 -0.092337 -0.258119 0.568543 -0.524853 1 1 1.000000
nuke_blu.vtf
  0 -20.241072 -3.605745 -11.665018 -0.865645 -0.018658 -0.500310 0.520755 -0.551056 1 1 1.000000
  0 -22.501421 -7.560319 -6.022849 -0.961690 -0.092337 -0.258119 0.568543 -0.524853 1 1 1.000000
  0 -22.573605 -3.605986 -6.042180 -0.965628 -0.018928 -0.259238 0.542847 -0.509632 1 1 1.000000
nuke_blu.vtf
  0 -22.573605 -3.605986 -6.042180 -0.965628 -0.018928 -0.259238 0.542847 -0.509632 1 1 1.000000
  0 -22.501421 -7.560319 -6.022849 -0.961690 -0.092337 -0.258119 0.568543 -0.524853 1 1 1.000000
  0 -23.296030 -7.560277 -0.005343 -0.995717 -0.092456 -0.000419 0.593617 -0.486447 1 1 1.000000
nuke_blu.vtf
  0 -22.573605 -3.605986 -6.042180 -0.965628 -0.018928 -0.259238 0.542847 -0.509632 1 1 1.000000
  0 -23.296030 -7.560277 -0.005343 -0.995717 -0.092456 -0.000419 0.593617 -0.486447 1 1 1.000000
  0 -23.371246 -3.605981 -0.007166 -0.999819 -0.019043 -0.000504 0.567950 -0.469168 1 1 1.000000
nuke_blu.vtf
  0 -5.902006 -11.130808 -21.879719 -0.252523 -0.219599 -0.942342 0.532728 -0.690407 1 1 1.000000
  0 -10.866619 -14.574339 -18.763054 -0.472071 -0.329432 -0.817694 0.564028 -0.657574 1 1 1.000000
  0 -11.365897 -11.130834 -19.616566 -0.487772 -0.220012 -0.844792 0.540970 -0.651241 1 1 1.000000
nuke_blu.vtf
  0 -5.902006 -11.130808 -21.879719 -0.252523 -0.219599 -0.942342 0.532728 -0.690407 1 1 1.000000
  0 -5.640583 -14.574266 -20.927702 -0.244382 -0.329052 -0.912141 0.556201 -0.694107 1 1 1.000000
  0 -10.866619 -14.574339 -18.763054 -0.472071 -0.329432 -0.817694 0.564028 -0.657574 1 1 1.000000
nuke_blu.vtf
  0 -5.640583 -14.574266 -20.927702 -0.244382 -0.329052 -0.912141 0.556201 -0.694107 1 1 1.000000
  0 -10.182319 -17.835758 -17.588358 -0.449713 -0.436991 -0.778972 0.586364 -0.663857 1 1 1.000000
  0 -10.866619 -14.574339 -18.763054 -0.472071 -0.329432 -0.817694 0.564028 -0.657574 1 1 1.000000
nuke_blu.vtf
  0 -5.640583 -14.574266 -20.927702 -0.244382 -0.329052 -0.912141 0.556201 -0.694107 1 1 1.000000
  0 -5.283510 -17.835739 -19.617527 -0.232817 -0.436655 -0.868982 0.578943 -0.697740 1 1 1.000000
  0 -10.182319 -17.835758 -17.588358 -0.449713 -0.436991 -0.778972 0.586364 -0.663857 1 1 1.000000
nuke_blu.vtf
  0 -5.283510 -17.835739 -19.617527 -0.232817 -0.436655 -0.868982 0.578943 -0.697740 1 1 1.000000
  0 -9.324682 -20.859379 -16.112785 -0.417120 -0.551368 -0.722499 0.608233 -0.670177 1 1 1.000000
  0 -10.182319 -17.835758 -17.588358 -0.449713 -0.436991 -0.778972 0.586364 -0.663857 1 1 1.000000
nuke_blu.vtf
  0 -5.283510 -17.835739 -19.617527 -0.232817 -0.436655 -0.868982 0.578943 -0.697740 1 1 1.000000
  0 -4.836936 -20.859390 -17.971655 -0.215953 -0.551098 -0.806012 0.601234 -0.701366 1 1 1.000000
  0 -9.324682 -20.859379 -16.112785 -0.417120 -0.551368 -0.722499 0.608233 -0.670177 1 1 1.000000
nuke_blu.vtf
  0 -9.324682 -20.859379 -16.112785 -0.417120 -0.551368 -0.722499 0.608233 -0.670177 1 1 1.000000
  0 -4.836936 -20.859390 -17.971655 -0.215953 -0.551098 -0.806012 0.601234 -0.701366 1 1 1.000000
  0 -4.372091 -23.151449 -16.252480 -0.196216 -0.652202 -0.732210 0.620133 -0.704495 1 1 1.000000
nuke_blu.vtf
  0 -4.836936 -20.859390 -17.971655 -0.215953 -0.551098 -0.806012 0.601234 -0.701366 1 1 1.000000
  0 -0.016907 -23.151766 -16.825863 0.000026 -0.651955 -0.758258 0.617173 -0.733807 1 1 1.000000
  0 -4.372091 -23.151449 -16.252480 -0.196216 -0.652202 -0.732210 0.620133 -0.704495 1 1 1.000000
nuke_blu.vtf
  0 -4.836936 -20.859390 -17.971655 -0.215953 -0.551098 -0.806012 0.601234 -0.701366 1 1 1.000000
  0 -0.021028 -20.859385 -18.605667 0.000030 -0.550795 -0.834640 0.598075 -0.733030 1 1 1.000000
  0 -0.016907 -23.151766 -16.825863 0.000026 -0.651955 -0.758258 0.617173 -0.733807 1 1 1.000000
nuke_blu.vtf
  0 4.794886 -20.859358 -17.971569 0.216101 -0.550557 -0.806342 0.598764 -0.764856 1 1 1.000000
  0 -0.016907 -23.151766 -16.825863 0.000026 -0.651955 -0.758258 0.617173 -0.733807 1 1 1.000000
  0 -0.021028 -20.859385 -18.605667 0.000030 -0.550795 -0.834640 0.598075 -0.733030 1 1 1.000000
nuke_blu.vtf
  0 5.230579 -17.835724 -19.617439 0.232949 -0.435986 -0.869282 0.576245 -0.766653 1 1 1.000000
  0 4.794886 -20.859358 -17.971569 0.216101 -0.550557 -0.806342 0.598764 -0.764856 1 1 1.000000
  0 -0.021028 -20.859385 -18.605667 0.000030 -0.550795 -0.834640 0.598075 -0.733030 1 1 1.000000
nuke_blu.vtf
  0 5.230579 -17.835724 -19.617439 0.232949 -0.435986 -0.869282 0.576245 -0.766653 1 1 1.000000
  0 -0.021028 -20.859385 -18.605667 0.000030 -0.550795 -0.834640 0.598075 -0.733030 1 1 1.000000
  0 -0.026464 -17.835600 -20.309586 0.000025 -0.436306 -0.899798 0.575561 -0.732107 1 1 1.000000
nuke_blu.vtf
  0 5.575919 -14.574289 -20.927633 0.244489 -0.328280 -0.912391 0.553263 -0.768404 1 1 1.000000
  0 5.230579 -17.835724 -19.617439 0.232949 -0.435986 -0.869282 0.576245 -0.766653 1 1 1.000000
  0 -0.026464 -17.835600 -20.309586 0.000025 -0.436306 -0.899798 0.575561 -0.732107 1 1 1.000000
nuke_blu.vtf
  0 5.575919 -14.574289 -20.927633 0.244489 -0.328280 -0.912391 0.553263 -0.768404 1 1 1.000000
  0 -0.026464 -17.835600 -20.309586 0.000025 -0.436306 -0.899798 0.575561 -0.732107 1 1 1.000000
  0 -0.032335 -14.574268 -21.665966 0.000018 -0.328671 -0.944445 0.552595 -0.731155 1 1 1.000000
nuke_blu.vtf
  0 5.824939 -11.130774 -21.879690 0.252529 -0.218739 -0.942540 0.529525 -0.770129 1 1 1.000000
  0 5.575919 -14.574289 -20.927633 0.244489 -0.328280 -0.912391 0.553263 -0.768404 1 1 1.000000
  0 -0.032335 -14.574268 -21.665966 0.000018 -0.328671 -0.944445 0.552595 -0.731155 1 1 1.000000
nuke_blu.vtf
  0 5.824939 -11.130774 -21.879690 0.252529 -0.218739 -0.942540 0.529525 -0.770129 1 1 1.000000
  0 -0.032335 -14.574268 -21.665966 0.000018 -0.328671 -0.944445 0.552595 -0.731155 1 1 1.000000
  0 -0.038535 -11.130842 -22.651697 -0.000030 -0.219167 -0.975687 0.528882 -0.730153 1 1 1.000000
nuke_blu.vtf
  0 5.981387 -7.560341 -22.452724 0.258163 -0.089897 -0.961910 0.504715 -0.771889 1 1 1.000000
  0 5.824939 -11.130774 -21.879690 0.252529 -0.218739 -0.942540 0.529525 -0.770129 1 1 1.000000
  0 -0.038535 -11.130842 -22.651697 -0.000030 -0.219167 -0.975687 0.528882 -0.730153 1 1 1.000000
nuke_blu.vtf
  0 5.981387 -7.560341 -22.452724 0.258163 -0.089897 -0.961910 0.504715 -0.771889 1 1 1.000000
  0 -0.038535 -11.130842 -22.651697 -0.000030 -0.219167 -0.975687 0.528882 -0.730153 1 1 1.000000
  0 -0.036079 -7.560397 -23.247253 0.000399 -0.090271 -0.995917 0.504100 -0.729117 1 1 1.000000
nuke_blu.vtf
  0 -5.283510 -17.835739 -19.617527 -0.232817 -0.436655 -0.868982 0.578943 -0.697740 1 1 1.000000
  0 -0.021028 -20.859385 -18.605667 0.000030 -0.550795 -0.834640 0.598075 -0.733030 1 1 1.000000
  0 -4.836936 -20.859390 -17.971655 -0.215953 -0.551098 -0.806012 0.601234 -0.701366 1 1 1.000000
nuke_blu.vtf
  0 -5.283510 -17.835739 -19.617527 -0.232817 -0.436655 -0.868982 0.578943 -0.697740 1 1 1.000000
  0 -0.026464 -17.835600 -20.309586 0.000025 -0.436306 -0.899798 0.575561 -0.732107 1 1 1.000000
  0 -0.021028 -20.859385 -18.605667 0.000030 -0.550795 -0.834640 0.598075 -0.733030 1 1 1.000000
nuke_blu.vtf
  0 -5.640583 -14.574266 -20.927702 -0.244382 -0.329052 -0.912141 0.556201 -0.694107 1 1 1.000000
  0 -0.026464 -17.835600 -20.309586 0.000025 -0.436306 -0.899798 0.575561 -0.732107 1 1 1.000000
  0 -5.283510 -17.835739 -19.617527 -0.232817 -0.436655 -0.868982 0.578943 -0.697740 1 1 1.000000
nuke_blu.vtf
  0 -5.640583 -14.574266 -20.927702 -0.244382 -0.329052 -0.912141 0.556201 -0.694107 1 1 1.000000
  0 -0.032335 -14.574268 -21.665966 0.000018 -0.328671 -0.944445 0.552595 -0.731155 1 1 1.000000
  0 -0.026464 -17.835600 -20.309586 0.000025 -0.436306 -0.899798 0.575561 -0.732107 1 1 1.000000
nuke_blu.vtf
  0 -5.902006 -11.130808 -21.879719 -0.252523 -0.219599 -0.942342 0.532728 -0.690407 1 1 1.000000
  0 -0.032335 -14.574268 -21.665966 0.000018 -0.328671 -0.944445 0.552595 -0.731155 1 1 1.000000
  0 -5.640583 -14.574266 -20.927702 -0.244382 -0.329052 -0.912141 0.556201 -0.694107 1 1 1.000000
nuke_blu.vtf
  0 -5.902006 -11.130808 -21.879719 -0.252523 -0.219599 -0.942342 0.532728 -0.690407 1 1 1.000000
  0 -0.038535 -11.130842 -22.651697 -0.000030 -0.219167 -0.975687 0.528882 -0.730153 1 1 1.000000
  0 -0.032335 -14.574268 -21.665966 0.000018 -0.328671 -0.944445 0.552595 -0.731155 1 1 1.000000
nuke_blu.vtf
  0 -0.036079 -7.560397 -23.247253 0.000399 -0.090271 -0.995917 0.504100 -0.729117 1 1 1.000000
  0 -0.038535 -11.130842 -22.651697 -0.000030 -0.219167 -0.975687 0.528882 -0.730153 1 1 1.000000
  0 -5.902006 -11.130808 -21.879719 -0.252523 -0.219599 -0.942342 0.532728 -0.690407 1 1 1.000000
nuke_blu.vtf
  0 -0.036079 -7.560397 -23.247253 0.000399 -0.090271 -0.995917 0.504100 -0.729117 1 1 1.000000
  0 -5.902006 -11.130808 -21.879719 -0.252523 -0.219599 -0.942342 0.532728 -0.690407 1 1 1.000000
  0 -6.054156 -7.560452 -22.457365 -0.257327 -0.090790 -0.962050 0.508212 -0.686607 1 1 1.000000
nuke_blu.vtf
  0 -6.054156 -7.560452 -22.457365 -0.257327 -0.090790 -0.962050 0.508212 -0.686607 1 1 1.000000
  0 -5.902006 -11.130808 -21.879719 -0.252523 -0.219599 -0.942342 0.532728 -0.690407 1 1 1.000000
  0 -11.365897 -11.130834 -19.616566 -0.487772 -0.220012 -0.844792 0.540970 -0.651241 1 1 1.000000
nuke_blu.vtf
  0 -6.054156 -7.560452 -22.457365 -0.257327 -0.090790 -0.962050 0.508212 -0.686607 1 1 1.000000
  0 -11.365897 -11.130834 -19.616566 -0.487772 -0.220012 -0.844792 0.540970 -0.651241 1 1 1.000000
  0 -11.662726 -7.560418 -20.136789 -0.497140 -0.092547 -0.862721 0.516912 -0.644791 1 1 1.000000
nuke_blu.vtf
  0 5.993794 -3.604065 -22.515715 0.259071 -0.016192 -0.965722 0.476014 -0.773945 1 1 1.000000
  0 5.981387 -7.560341 -22.452724 0.258163 -0.089897 -0.961910 0.504715 -0.771889 1 1 1.000000
  0 -0.036079 -7.560397 -23.247253 0.000399 -0.090271 -0.995917 0.504100 -0.729117 1 1 1.000000
nuke_blu.vtf
  0 5.993794 -3.604065 -22.515715 0.259071 -0.016192 -0.965722 0.476014 -0.773945 1 1 1.000000
  0 -0.036079 -7.560397 -23.247253 0.000399 -0.090271 -0.995917 0.504100 -0.729117 1 1 1.000000
  0 -0.040803 -3.603267 -23.312588 0.000327 -0.016563 -0.999863 0.475415 -0.727980 1 1 1.000000
nuke_blu.vtf
  0 -0.040803 -3.603267 -23.312588 0.000327 -0.016563 -0.999863 0.475415 -0.727980 1 1 1.000000
  0 -0.036079 -7.560397 -23.247253 0.000399 -0.090271 -0.995917 0.504100 -0.729117 1 1 1.000000
  0 -6.054156 -7.560452 -22.457365 -0.257327 -0.090790 -0.962050 0.508212 -0.686607 1 1 1.000000
nuke_blu.vtf
  0 -0.040803 -3.603267 -23.312588 0.000327 -0.016563 -0.999863 0.475415 -0.727980 1 1 1.000000
  0 -6.054156 -7.560452 -22.457365 -0.257327 -0.090790 -0.962050 0.508212 -0.686607 1 1 1.000000
  0 -6.076156 -3.603988 -22.521620 -0.258019 -0.017654 -0.965979 0.479870 -0.682300 1 1 1.000000
nuke_blu.vtf
  0 -6.076156 -3.603988 -22.521620 -0.258019 -0.017654 -0.965979 0.479870 -0.682300 1 1 1.000000
  0 -6.054156 -7.560452 -22.457365 -0.257327 -0.090790 -0.962050 0.508212 -0.686607 1 1 1.000000
  0 -11.662726 -7.560418 -20.136789 -0.497140 -0.092547 -0.862721 0.516912 -0.644791 1 1 1.000000
nuke_blu.vtf
  0 -6.076156 -3.603988 -22.521620 -0.258019 -0.017654 -0.965979 0.479870 -0.682300 1 1 1.000000
  0 -11.662726 -7.560418 -20.136789 -0.497140 -0.092547 -0.862721 0.516912 -0.644791 1 1 1.000000
  0 -11.716908 -3.610673 -20.199926 -0.499343 -0.020126 -0.866170 0.489332 -0.637449 1 1 1.000000
nuke_blu.vtf
  0 11.616586 -3.604756 -20.183945 0.500221 -0.015904 -0.865752 0.481619 -0.819708 1 1 1.000000
  0 5.981387 -7.560341 -22.452724 0.258163 -0.089897 -0.961910 0.504715 -0.771889 1 1 1.000000
  0 5.993794 -3.604065 -22.515715 0.259071 -0.016192 -0.965722 0.476014 -0.773945 1 1 1.000000
nuke_blu.vtf
  0 11.616586 -3.604756 -20.183945 0.500221 -0.015904 -0.865752 0.481619 -0.819708 1 1 1.000000
  0 11.588160 -7.560397 -20.127726 0.498349 -0.089554 -0.862339 0.510056 -0.814502 1 1 1.000000
  0 5.981387 -7.560341 -22.452724 0.258163 -0.089897 -0.961910 0.504715 -0.771889 1 1 1.000000
nuke_blu.vtf
  0 11.588160 -7.560397 -20.127726 0.498349 -0.089554 -0.862339 0.510056 -0.814502 1 1 1.000000
  0 5.824939 -11.130774 -21.879690 0.252529 -0.218739 -0.942540 0.529525 -0.770129 1 1 1.000000
  0 5.981387 -7.560341 -22.452724 0.258163 -0.089897 -0.961910 0.504715 -0.771889 1 1 1.000000
nuke_blu.vtf
  0 16.444445 -3.605309 -16.476170 0.707281 -0.015689 -0.706759 0.492103 -0.864824 1 1 1.000000
  0 11.588160 -7.560397 -20.127726 0.498349 -0.089554 -0.862339 0.510056 -0.814502 1 1 1.000000
  0 11.616586 -3.604756 -20.183945 0.500221 -0.015904 -0.865752 0.481619 -0.819708 1 1 1.000000
nuke_blu.vtf
  0 20.148045 -3.605741 -11.645196 0.866124 -0.015522 -0.499588 0.507186 -0.908883 1 1 1.000000
  0 16.402073 -7.560371 -16.430807 0.704574 -0.089275 -0.703992 0.520026 -0.856581 1 1 1.000000
  0 16.444445 -3.605309 -16.476170 0.707281 -0.015689 -0.706759 0.492103 -0.864824 1 1 1.000000
nuke_blu.vtf
  0 16.444445 -3.605309 -16.476170 0.707281 -0.015689 -0.706759 0.492103 -0.864824 1 1 1.000000
  0 16.402073 -7.560371 -16.430807 0.704574 -0.089275 -0.703992 0.520026 -0.856581 1 1 1.000000
  0 11.588160 -7.560397 -20.127726 0.498349 -0.089554 -0.862339 0.510056 -0.814502 1 1 1.000000
nuke_blu.vtf
  0 16.402073 -7.560371 -16.430807 0.704574 -0.089275 -0.703992 0.520026 -0.856581 1 1 1.000000
  0 11.288824 -11.130782 -19.616400 0.487923 -0.218341 -0.845138 0.534666 -0.809967 1 1 1.000000
  0 11.588160 -7.560397 -20.127726 0.498349 -0.089554 -0.862339 0.510056 -0.814502 1 1 1.000000
nuke_blu.vtf
  0 11.588160 -7.560397 -20.127726 0.498349 -0.089554 -0.862339 0.510056 -0.814502 1 1 1.000000
  0 11.288824 -11.130782 -19.616400 0.487923 -0.218341 -0.845138 0.534666 -0.809967 1 1 1.000000
  0 5.824939 -11.130774 -21.879690 0.252529 -0.218739 -0.942540 0.529525 -0.770129 1 1 1.000000
nuke_blu.vtf
  0 5.824939 -11.130774 -21.879690 0.252529 -0.218739 -0.942540 0.529525 -0.770129 1 1 1.000000
  0 11.288824 -11.130782 -19.616400 0.487923 -0.218341 -0.845138 0.534666 -0.809967 1 1 1.000000
  0 10.801963 -14.574390 -18.762917 0.472368 -0.327929 -0.818126 0.558223 -0.805522 1 1 1.000000
nuke_blu.vtf
  0 5.824939 -11.130774 -21.879690 0.252529 -0.218739 -0.942540 0.529525 -0.770129 1 1 1.000000
  0 10.801963 -14.574390 -18.762917 0.472368 -0.327929 -0.818126 0.558223 -0.805522 1 1 1.000000
  0 5.575919 -14.574289 -20.927633 0.244489 -0.328280 -0.912391 0.553263 -0.768404 1 1 1.000000
nuke_blu.vtf
  0 5.575919 -14.574289 -20.927633 0.244489 -0.328280 -0.912391 0.553263 -0.768404 1 1 1.000000
  0 10.801963 -14.574390 -18.762917 0.472368 -0.327929 -0.818126 0.558223 -0.805522 1 1 1.000000
  0 10.129338 -17.835707 -17.588228 0.450064 -0.435697 -0.779494 0.581019 -0.801061 1 1 1.000000
nuke_blu.vtf
  0 5.575919 -14.574289 -20.927633 0.244489 -0.328280 -0.912391 0.553263 -0.768404 1 1 1.000000
  0 10.129338 -17.835707 -17.588228 0.450064 -0.435697 -0.779494 0.581019 -0.801061 1 1 1.000000
  0 5.230579 -17.835724 -19.617439 0.232949 -0.435986 -0.869282 0.576245 -0.766653 1 1 1.000000
nuke_blu.vtf
  0 5.230579 -17.835724 -19.617439 0.232949 -0.435986 -0.869282 0.576245 -0.766653 1 1 1.000000
  0 10.129338 -17.835707 -17.588228 0.450064 -0.435697 -0.779494 0.581019 -0.801061 1 1 1.000000
  0 9.282558 -20.859322 -16.112646 0.417503 -0.550329 -0.723069 0.603330 -0.796523 1 1 1.000000
nuke_blu.vtf
  0 5.230579 -17.835724 -19.617439 0.232949 -0.435986 -0.869282 0.576245 -0.766653 1 1 1.000000
  0 9.282558 -20.859322 -16.112646 0.417503 -0.550329 -0.723069 0.603330 -0.796523 1 1 1.000000
  0 4.794886 -20.859358 -17.971569 0.216101 -0.550557 -0.806342 0.598764 -0.764856 1 1 1.000000
nuke_blu.vtf
  0 9.282558 -20.859322 -16.112646 0.417503 -0.550329 -0.723069 0.603330 -0.796523 1 1 1.000000
  0 4.338288 -23.151426 -16.252441 0.196357 -0.651791 -0.732538 0.617853 -0.763267 1 1 1.000000
  0 4.794886 -20.859358 -17.971569 0.216101 -0.550557 -0.806342 0.598764 -0.764856 1 1 1.000000
nuke_blu.vtf
  0 4.794886 -20.859358 -17.971569 0.216101 -0.550557 -0.806342 0.598764 -0.764856 1 1 1.000000
  0 4.338288 -23.151426 -16.252441 0.196357 -0.651791 -0.732538 0.617853 -0.763267 1 1 1.000000
  0 -0.016907 -23.151766 -16.825863 0.000026 -0.651955 -0.758258 0.617173 -0.733807 1 1 1.000000
nuke_blu.vtf
  0 4.338288 -23.151426 -16.252441 0.196357 -0.651791 -0.732538 0.617853 -0.763267 1 1 1.000000
  0 -0.012793 -25.444080 -14.621575 0.000019 -0.712131 -0.702046 0.638807 -0.734681 1 1 1.000000
  0 -0.016907 -23.151766 -16.825863 0.000026 -0.651955 -0.758258 0.617173 -0.733807 1 1 1.000000
nuke_blu.vtf
  0 -4.372091 -23.151449 -16.252480 -0.196216 -0.652202 -0.732210 0.620133 -0.704495 1 1 1.000000
  0 -0.016907 -23.151766 -16.825863 0.000026 -0.651955 -0.758258 0.617173 -0.733807 1 1 1.000000
  0 -0.012793 -25.444080 -14.621575 0.000019 -0.712131 -0.702046 0.638807 -0.734681 1 1 1.000000
nuke_blu.vtf
  0 -4.372091 -23.151449 -16.252480 -0.196216 -0.652202 -0.732210 0.620133 -0.704495 1 1 1.000000
  0 -0.012793 -25.444080 -14.621575 0.000019 -0.712131 -0.702046 0.638807 -0.734681 1 1 1.000000
  0 -3.797376 -25.443428 -14.123265 -0.181748 -0.712356 -0.677876 0.641524 -0.708098 1 1 1.000000
nuke_blu.vtf
  0 -8.430495 -23.151154 -14.571609 -0.378937 -0.652441 -0.656298 0.626733 -0.675663 1 1 1.000000
  0 -4.372091 -23.151449 -16.252480 -0.196216 -0.652202 -0.732210 0.620133 -0.704495 1 1 1.000000
  0 -3.797376 -25.443428 -14.123265 -0.181748 -0.712356 -0.677876 0.641524 -0.708098 1 1 1.000000
nuke_blu.vtf
  0 -9.324682 -20.859379 -16.112785 -0.417120 -0.551368 -0.722499 0.608233 -0.670177 1 1 1.000000
  0 -4.372091 -23.151449 -16.252480 -0.196216 -0.652202 -0.732210 0.620133 -0.704495 1 1 1.000000
  0 -8.430495 -23.151154 -14.571609 -0.378937 -0.652441 -0.656298 0.626733 -0.675663 1 1 1.000000
nuke_blu.vtf
  0 -13.178330 -20.859396 -13.155688 -0.589775 -0.551636 -0.589799 0.619095 -0.639750 1 1 1.000000
  0 -9.324682 -20.859379 -16.112785 -0.417120 -0.551368 -0.722499 0.608233 -0.670177 1 1 1.000000
  0 -8.430495 -23.151154 -14.571609 -0.378937 -0.652441 -0.656298 0.626733 -0.675663 1 1 1.000000
nuke_blu.vtf
  0 13.136209 -20.859343 -13.155534 0.590499 -0.550166 -0.590448 0.611821 -0.827729 1 1 1.000000
  0 8.396662 -23.151091 -14.571480 0.379317 -0.651654 -0.656860 0.622205 -0.792542 1 1 1.000000
  0 9.282558 -20.859322 -16.112646 0.417503 -0.550329 -0.723069 0.603330 -0.796523 1 1 1.000000
nuke_blu.vtf
  0 10.129338 -17.835707 -17.588228 0.450064 -0.435697 -0.779494 0.581019 -0.801061 1 1 1.000000
  0 13.136209 -20.859343 -13.155534 0.590499 -0.550166 -0.590448 0.611821 -0.827729 1 1 1.000000
  0 9.282558 -20.859322 -16.112646 0.417503 -0.550329 -0.723069 0.603330 -0.796523 1 1 1.000000
nuke_blu.vtf
  0 10.129338 -17.835707 -17.588228 0.450064 -0.435697 -0.779494 0.581019 -0.801061 1 1 1.000000
  0 14.336006 -17.835751 -14.360322 0.636565 -0.435443 -0.636533 0.589904 -0.835043 1 1 1.000000
  0 13.136209 -20.859343 -13.155534 0.590499 -0.550166 -0.590448 0.611821 -0.827729 1 1 1.000000
nuke_blu.vtf
  0 10.801963 -14.574390 -18.762917 0.472368 -0.327929 -0.818126 0.558223 -0.805522 1 1 1.000000
  0 14.336006 -17.835751 -14.360322 0.636565 -0.435443 -0.636533 0.589904 -0.835043 1 1 1.000000
  0 10.129338 -17.835707 -17.588228 0.450064 -0.435697 -0.779494 0.581019 -0.801061 1 1 1.000000
nuke_blu.vtf
  0 10.801963 -14.574390 -18.762917 0.472368 -0.327929 -0.818126 0.558223 -0.805522 1 1 1.000000
  0 15.289670 -14.574339 -15.319242 0.668103 -0.327620 -0.668060 0.567459 -0.842215 1 1 1.000000
  0 14.336006 -17.835751 -14.360322 0.636565 -0.435443 -0.636533 0.589904 -0.835043 1 1 1.000000
nuke_blu.vtf
  0 11.288824 -11.130782 -19.616400 0.487923 -0.218341 -0.845138 0.534666 -0.809967 1 1 1.000000
  0 15.289670 -14.574339 -15.319242 0.668103 -0.327620 -0.668060 0.567459 -0.842215 1 1 1.000000
  0 10.801963 -14.574390 -18.762917 0.472368 -0.327929 -0.818126 0.558223 -0.805522 1 1 1.000000
nuke_blu.vtf
  0 11.288824 -11.130782 -19.616400 0.487923 -0.218341 -0.845138 0.534666 -0.809967 1 1 1.000000
  0 15.980680 -11.130748 -16.016054 0.690083 -0.218018 -0.690111 0.544250 -0.849343 1 1 1.000000
  0 15.289670 -14.574339 -15.319242 0.668103 -0.327620 -0.668060 0.567459 -0.842215 1 1 1.000000
nuke_blu.vtf
  0 16.402073 -7.560371 -16.430807 0.704574 -0.089275 -0.703992 0.520026 -0.856581 1 1 1.000000
  0 15.980680 -11.130748 -16.016054 0.690083 -0.218018 -0.690111 0.544250 -0.849343 1 1 1.000000
  0 11.288824 -11.130782 -19.616400 0.487923 -0.218341 -0.845138 0.534666 -0.809967 1 1 1.000000
nuke_blu.vtf
  0 20.095268 -7.560229 -11.613949 0.862788 -0.089067 -0.497659 0.534412 -0.897843 1 1 1.000000
  0 15.980680 -11.130748 -16.016054 0.690083 -0.218018 -0.690111 0.544250 -0.849343 1 1 1.000000
  0 16.402073 -7.560371 -16.430807 0.704574 -0.089275 -0.703992 0.520026 -0.856581 1 1 1.000000
nuke_blu.vtf
  0 20.148045 -3.605741 -11.645196 0.866124 -0.015522 -0.499588 0.507186 -0.908883 1 1 1.000000
  0 20.095268 -7.560229 -11.613949 0.862788 -0.089067 -0.497659 0.534412 -0.897843 1 1 1.000000
  0 16.402073 -7.560371 -16.430807 0.704574 -0.089275 -0.703992 0.520026 -0.856581 1 1 1.000000
nuke_blu.vtf
  0 22.475107 -3.605919 -6.020002 0.965934 -0.015450 -0.258328 0.526251 -0.951575 1 1 1.000000
  0 20.095268 -7.560229 -11.613949 0.862788 -0.089067 -0.497659 0.534412 -0.897843 1 1 1.000000
  0 20.148045 -3.605741 -11.645196 0.866124 -0.015522 -0.499588 0.507186 -0.908883 1 1 1.000000
nuke_blu.vtf
  0 22.475107 -3.605919 -6.020002 0.965934 -0.015450 -0.258328 0.526251 -0.951575 1 1 1.000000
  0 22.415854 -7.560260 -6.005318 0.962205 -0.088956 -0.257389 0.552819 -0.938239 1 1 1.000000
  0 20.095268 -7.560229 -11.613949 0.862788 -0.089067 -0.497659 0.534412 -0.897843 1 1 1.000000
nuke_blu.vtf
  0 23.266705 -3.605951 0.015791 0.999881 -0.015439 0.000530 0.547785 -0.993392 1 1 1.000000
  0 22.415854 -7.560260 -6.005318 0.962205 -0.088956 -0.257389 0.552819 -0.938239 1 1 1.000000
  0 22.475107 -3.605919 -6.020002 0.965934 -0.015450 -0.258328 0.526251 -0.951575 1 1 1.000000
nuke_blu.vtf
  0 23.266705 -3.605951 0.015791 0.999881 -0.015439 0.000530 0.547785 -0.993392 1 1 1.000000
  0 23.205763 -7.560251 0.012797 0.996038 -0.088925 0.000420 0.574791 -0.978312 1 1 1.000000
  0 22.415854 -7.560260 -6.005318 0.962205 -0.088956 -0.257389 0.552819 -0.938239 1 1 1.000000
nuke_blu.vtf
  0 23.205763 -7.560251 0.012797 0.996038 -0.088925 0.000420 0.574791 -0.978312 1 1 1.000000
  0 21.844090 -11.130705 -5.860126 0.942762 -0.217651 -0.252642 0.576197 -0.926093 1 1 1.000000
  0 22.415854 -7.560260 -6.005318 0.962205 -0.088956 -0.257389 0.552819 -0.938239 1 1 1.000000
nuke_blu.vtf
  0 23.205763 -7.560251 0.012797 0.996038 -0.088925 0.000420 0.574791 -0.978312 1 1 1.000000
  0 22.616079 -11.130619 0.003363 0.976031 -0.217633 -0.000039 0.598252 -0.963983 1 1 1.000000
  0 21.844090 -11.130705 -5.860126 0.942762 -0.217651 -0.252642 0.576197 -0.926093 1 1 1.000000
nuke_blu.vtf
  0 21.844090 -11.130705 -5.860126 0.942762 -0.217651 -0.252642 0.576197 -0.926093 1 1 1.000000
  0 22.616079 -11.130619 0.003363 0.976031 -0.217633 -0.000039 0.598252 -0.963983 1 1 1.000000
  0 21.636065 -14.574225 0.002846 0.944927 -0.327281 0.000003 0.620827 -0.948990 1 1 1.000000
nuke_blu.vtf
  0 21.844090 -11.130705 -5.860126 0.942762 -0.217651 -0.252642 0.576197 -0.926093 1 1 1.000000
  0 21.636065 -14.574225 0.002846 0.944927 -0.327281 0.000003 0.620827 -0.948990 1 1 1.000000
  0 20.897846 -14.574241 -5.605420 0.912731 -0.327287 -0.244549 0.598676 -0.913765 1 1 1.000000
nuke_blu.vtf
  0 13.136209 -20.859343 -13.155534 0.590499 -0.550166 -0.590448 0.611821 -0.827729 1 1 1.000000
  0 11.881657 -23.150799 -11.897144 0.536466 -0.651545 -0.536370 0.630291 -0.821307 1 1 1.000000
  0 8.396662 -23.151091 -14.571480 0.379317 -0.651654 -0.656860 0.622205 -0.792542 1 1 1.000000
nuke_blu.vtf
  0 16.093161 -20.859287 -9.301808 0.723269 -0.550032 -0.417548 0.624343 -0.858219 1 1 1.000000
  0 11.881657 -23.150799 -11.897144 0.536466 -0.651545 -0.536370 0.630291 -0.821307 1 1 1.000000
  0 13.136209 -20.859343 -13.155534 0.590499 -0.550166 -0.590448 0.611821 -0.827729 1 1 1.000000
nuke_blu.vtf
  0 14.336006 -17.835751 -14.360322 0.636565 -0.435443 -0.636533 0.589904 -0.835043 1 1 1.000000
  0 16.093161 -20.859287 -9.301808 0.723269 -0.550032 -0.417548 0.624343 -0.858219 1 1 1.000000
  0 13.136209 -20.859343 -13.155534 0.590499 -0.550166 -0.590448 0.611821 -0.827729 1 1 1.000000
nuke_blu.vtf
  0 14.336006 -17.835751 -14.360322 0.636565 -0.435443 -0.636533 0.589904 -0.835043 1 1 1.000000
  0 17.563877 -17.835707 -10.153538 0.779698 -0.435259 -0.450135 0.602951 -0.868392 1 1 1.000000
  0 16.093161 -20.859287 -9.301808 0.723269 -0.550032 -0.417548 0.624343 -0.858219 1 1 1.000000
nuke_blu.vtf
  0 15.289670 -14.574339 -15.319242 0.668103 -0.327620 -0.668060 0.567459 -0.842215 1 1 1.000000
  0 17.563877 -17.835707 -10.153538 0.779698 -0.435259 -0.450135 0.602951 -0.868392 1 1 1.000000
  0 14.336006 -17.835751 -14.360322 0.636565 -0.435443 -0.636533 0.589904 -0.835043 1 1 1.000000
nuke_blu.vtf
  0 15.289670 -14.574339 -15.319242 0.668103 -0.327620 -0.668060 0.567459 -0.842215 1 1 1.000000
  0 18.733160 -14.574193 -10.831505 0.818300 -0.327410 -0.472428 0.580942 -0.878293 1 1 1.000000
  0 17.563877 -17.835707 -10.153538 0.779698 -0.435259 -0.450135 0.602951 -0.868392 1 1 1.000000
nuke_blu.vtf
  0 15.980680 -11.130748 -16.016054 0.690083 -0.218018 -0.690111 0.544250 -0.849343 1 1 1.000000
  0 18.733160 -14.574193 -10.831505 0.818300 -0.327410 -0.472428 0.580942 -0.878293 1 1 1.000000
  0 15.289670 -14.574339 -15.319242 0.668103 -0.327620 -0.668060 0.567459 -0.842215 1 1 1.000000
nuke_blu.vtf
  0 15.980680 -11.130748 -16.016054 0.690083 -0.218018 -0.690111 0.544250 -0.849343 1 1 1.000000
  0 19.580927 -11.130705 -11.324061 0.845223 -0.217788 -0.488023 0.558154 -0.888044 1 1 1.000000
  0 18.733160 -14.574193 -10.831505 0.818300 -0.327410 -0.472428 0.580942 -0.878293 1 1 1.000000
nuke_blu.vtf
  0 20.095268 -7.560229 -11.613949 0.862788 -0.089067 -0.497659 0.534412 -0.897843 1 1 1.000000
  0 19.580927 -11.130705 -11.324061 0.845223 -0.217788 -0.488023 0.558154 -0.888044 1 1 1.000000
  0 15.980680 -11.130748 -16.016054 0.690083 -0.218018 -0.690111 0.544250 -0.849343 1 1 1.000000
nuke_blu.vtf
  0 22.415854 -7.560260 -6.005318 0.962205 -0.088956 -0.257389 0.552819 -0.938239 1 1 1.000000
  0 19.580927 -11.130705 -11.324061 0.845223 -0.217788 -0.488023 0.558154 -0.888044 1 1 1.000000
  0 20.095268 -7.560229 -11.613949 0.862788 -0.089067 -0.497659 0.534412 -0.897843 1 1 1.000000
nuke_blu.vtf
  0 22.415854 -7.560260 -6.005318 0.962205 -0.088956 -0.257389 0.552819 -0.938239 1 1 1.000000
  0 21.844090 -11.130705 -5.860126 0.942762 -0.217651 -0.252642 0.576197 -0.926093 1 1 1.000000
  0 19.580927 -11.130705 -11.324061 0.845223 -0.217788 -0.488023 0.558154 -0.888044 1 1 1.000000
nuke_blu.vtf
  0 19.580927 -11.130705 -11.324061 0.845223 -0.217788 -0.488023 0.558154 -0.888044 1 1 1.000000
  0 21.844090 -11.130705 -5.860126 0.942762 -0.217651 -0.252642 0.576197 -0.926093 1 1 1.000000
  0 20.897846 -14.574241 -5.605420 0.912731 -0.327287 -0.244549 0.598676 -0.913765 1 1 1.000000
nuke_blu.vtf
  0 19.580927 -11.130705 -11.324061 0.845223 -0.217788 -0.488023 0.558154 -0.888044 1 1 1.000000
  0 20.897846 -14.574241 -5.605420 0.912731 -0.327287 -0.244549 0.598676 -0.913765 1 1 1.000000
  0 18.733160 -14.574193 -10.831505 0.818300 -0.327410 -0.472428 0.580942 -0.878293 1 1 1.000000
nuke_blu.vtf
  0 18.733160 -14.574193 -10.831505 0.818300 -0.327410 -0.472428 0.580942 -0.878293 1 1 1.000000
  0 20.897846 -14.574241 -5.605420 0.912731 -0.327287 -0.244549 0.598676 -0.913765 1 1 1.000000
  0 19.592995 -17.835724 -5.254716 0.869677 -0.435161 -0.233016 0.620303 -0.901043 1 1 1.000000
nuke_blu.vtf
  0 18.733160 -14.574193 -10.831505 0.818300 -0.327410 -0.472428 0.580942 -0.878293 1 1 1.000000
  0 19.592995 -17.835724 -5.254716 0.869677 -0.435161 -0.233016 0.620303 -0.901043 1 1 1.000000
  0 17.563877 -17.835707 -10.153538 0.779698 -0.435259 -0.450135 0.602951 -0.868392 1 1 1.000000
nuke_blu.vtf
  0 17.563877 -17.835707 -10.153538 0.779698 -0.435259 -0.450135 0.602951 -0.868392 1 1 1.000000
  0 19.592995 -17.835724 -5.254716 0.869677 -0.435161 -0.233016 0.620303 -0.901043 1 1 1.000000
  0 17.951990 -20.859247 -4.814059 0.806736 -0.549959 -0.216153 0.641129 -0.887816 1 1 1.000000
nuke_blu.vtf
  0 17.563877 -17.835707 -10.153538 0.779698 -0.435259 -0.450135 0.602951 -0.868392 1 1 1.000000
  0 17.951990 -20.859247 -4.814059 0.806736 -0.549959 -0.216153 0.641129 -0.887816 1 1 1.000000
  0 16.093161 -20.859287 -9.301808 0.723269 -0.550032 -0.417548 0.624343 -0.858219 1 1 1.000000
nuke_blu.vtf
  0 17.951990 -20.859247 -4.814059 0.806736 -0.549959 -0.216153 0.641129 -0.887816 1 1 1.000000
  0 14.555785 -23.150595 -8.412092 0.657064 -0.651455 -0.379306 0.642240 -0.849250 1 1 1.000000
  0 16.093161 -20.859287 -9.301808 0.723269 -0.550032 -0.417548 0.624343 -0.858219 1 1 1.000000
nuke_blu.vtf
  0 16.093161 -20.859287 -9.301808 0.723269 -0.550032 -0.417548 0.624343 -0.858219 1 1 1.000000
  0 14.555785 -23.150595 -8.412092 0.657064 -0.651455 -0.379306 0.642240 -0.849250 1 1 1.000000
  0 11.881657 -23.150799 -11.897144 0.536466 -0.651545 -0.536370 0.630291 -0.821307 1 1 1.000000
nuke_blu.vtf
  0 14.555785 -23.150595 -8.412092 0.657064 -0.651455 -0.379306 0.642240 -0.849250 1 1 1.000000
  0 10.326835 -25.442329 -10.338519 0.496662 -0.711908 -0.496501 0.651037 -0.813816 1 1 1.000000
  0 11.881657 -23.150799 -11.897144 0.536466 -0.651545 -0.536370 0.630291 -0.821307 1 1 1.000000
nuke_blu.vtf
  0 11.881657 -23.150799 -11.897144 0.536466 -0.651545 -0.536370 0.630291 -0.821307 1 1 1.000000
  0 10.326835 -25.442329 -10.338519 0.496662 -0.711908 -0.496501 0.651037 -0.813816 1 1 1.000000
  0 7.298433 -25.442816 -12.662393 0.351228 -0.711970 -0.608061 0.643515 -0.787898 1 1 1.000000
nuke_blu.vtf
  0 10.326835 -25.442329 -10.338519 0.496662 -0.711908 -0.496501 0.651037 -0.813816 1 1 1.000000
  0 6.341739 -27.223610 -11.000050 0.317693 -0.773012 -0.549111 0.661787 -0.783817 1 1 1.000000
  0 7.298433 -25.442816 -12.662393 0.351228 -0.711970 -0.608061 0.643515 -0.787898 1 1 1.000000
nuke_blu.vtf
  0 7.298433 -25.442816 -12.662393 0.351228 -0.711970 -0.608061 0.643515 -0.787898 1 1 1.000000
  0 6.341739 -27.223610 -11.000050 0.317693 -0.773012 -0.549111 0.661787 -0.783817 1 1 1.000000
  0 3.278102 -27.224819 -12.269158 0.164654 -0.772426 -0.613390 0.658047 -0.759749 1 1 1.000000
nuke_blu.vtf
  0 20.897846 -14.574241 -5.605420 0.912731 -0.327287 -0.244549 0.598676 -0.913765 1 1 1.000000
  0 21.636065 -14.574225 0.002846 0.944927 -0.327281 0.000003 0.620827 -0.948990 1 1 1.000000
  0 20.285023 -17.835638 0.002352 0.900365 -0.435135 0.000006 0.642334 -0.933156 1 1 1.000000
nuke_blu.vtf
  0 20.897846 -14.574241 -5.605420 0.912731 -0.327287 -0.244549 0.598676 -0.913765 1 1 1.000000
  0 20.285023 -17.835638 0.002352 0.900365 -0.435135 0.000006 0.642334 -0.933156 1 1 1.000000
  0 19.592995 -17.835724 -5.254716 0.869677 -0.435161 -0.233016 0.620303 -0.901043 1 1 1.000000
nuke_blu.vtf
  0 19.592995 -17.835724 -5.254716 0.869677 -0.435161 -0.233016 0.620303 -0.901043 1 1 1.000000
  0 20.285023 -17.835638 0.002352 0.900365 -0.435135 0.000006 0.642334 -0.933156 1 1 1.000000
  0 18.586021 -20.859228 0.001897 0.835200 -0.549947 0.000006 0.662666 -0.916462 1 1 1.000000
nuke_blu.vtf
  0 19.592995 -17.835724 -5.254716 0.869677 -0.435161 -0.233016 0.620303 -0.901043 1 1 1.000000
  0 18.586021 -20.859228 0.001897 0.835200 -0.549947 0.000006 0.662666 -0.916462 1 1 1.000000
  0 17.951990 -20.859247 -4.814059 0.806736 -0.549959 -0.216153 0.641129 -0.887816 1 1 1.000000
nuke_blu.vtf
  0 18.586021 -20.859228 0.001897 0.835200 -0.549947 0.000006 0.662666 -0.916462 1 1 1.000000
  0 16.236795 -23.150484 -4.353658 0.732879 -0.651412 -0.196345 0.658311 -0.876071 1 1 1.000000
  0 17.951990 -20.859247 -4.814059 0.806736 -0.549959 -0.216153 0.641129 -0.887816 1 1 1.000000
nuke_blu.vtf
  0 17.951990 -20.859247 -4.814059 0.806736 -0.549959 -0.216153 0.641129 -0.887816 1 1 1.000000
  0 16.236795 -23.150484 -4.353658 0.732879 -0.651412 -0.196345 0.658311 -0.876071 1 1 1.000000
  0 14.555785 -23.150595 -8.412092 0.657064 -0.651455 -0.379306 0.642240 -0.849250 1 1 1.000000
nuke_blu.vtf
  0 16.236795 -23.150484 -4.353658 0.732879 -0.651412 -0.196345 0.658311 -0.876071 1 1 1.000000
  0 12.650571 -25.441914 -7.310077 0.608257 -0.711876 -0.351077 0.662144 -0.838775 1 1 1.000000
  0 14.555785 -23.150595 -8.412092 0.657064 -0.651455 -0.379306 0.642240 -0.849250 1 1 1.000000
nuke_blu.vtf
  0 14.555785 -23.150595 -8.412092 0.657064 -0.651455 -0.379306 0.642240 -0.849250 1 1 1.000000
  0 12.650571 -25.441914 -7.310077 0.608257 -0.711876 -0.351077 0.662144 -0.838775 1 1 1.000000
  0 10.326835 -25.442329 -10.338519 0.496662 -0.711908 -0.496501 0.651037 -0.813816 1 1 1.000000
nuke_blu.vtf
  0 12.650571 -25.441914 -7.310077 0.608257 -0.711876 -0.351077 0.662144 -0.838775 1 1 1.000000
  0 8.972569 -27.222544 -8.981364 0.448304 -0.773729 -0.447624 0.668708 -0.807248 1 1 1.000000
  0 10.326835 -25.442329 -10.338519 0.496662 -0.711908 -0.496501 0.651037 -0.813816 1 1 1.000000
nuke_blu.vtf
  0 10.326835 -25.442329 -10.338519 0.496662 -0.711908 -0.496501 0.651037 -0.813816 1 1 1.000000
  0 8.972569 -27.222544 -8.981364 0.448304 -0.773729 -0.447624 0.668708 -0.807248 1 1 1.000000
  0 6.341739 -27.223610 -11.000050 0.317693 -0.773012 -0.549111 0.661787 -0.783817 1 1 1.000000
nuke_blu.vtf
  0 8.972569 -27.222544 -8.981364 0.448304 -0.773729 -0.447624 0.668708 -0.807248 1 1 1.000000
  0 5.236536 -28.794552 -9.081263 0.290926 -0.815976 -0.499545 0.681836 -0.779280 1 1 1.000000
  0 6.341739 -27.223610 -11.000050 0.317693 -0.773012 -0.549111 0.661787 -0.783817 1 1 1.000000
nuke_blu.vtf
  0 6.341739 -27.223610 -11.000050 0.317693 -0.773012 -0.549111 0.661787 -0.783817 1 1 1.000000
  0 5.236536 -28.794552 -9.081263 0.290926 -0.815976 -0.499545 0.681836 -0.779280 1 1 1.000000
  0 2.707316 -28.805330 -10.129032 0.151708 -0.813972 -0.560745 0.678550 -0.757900 1 1 1.000000
nuke_blu.vtf
  0 6.341739 -27.223610 -11.000050 0.317693 -0.773012 -0.549111 0.661787 -0.783817 1 1 1.000000
  0 2.707316 -28.805330 -10.129032 0.151708 -0.813972 -0.560745 0.678550 -0.757900 1 1 1.000000
  0 3.278102 -27.224819 -12.269158 0.164654 -0.772426 -0.613390 0.658047 -0.759749 1 1 1.000000
nuke_blu.vtf
  0 -0.009593 -27.226076 -12.702013 0.000020 -0.772059 -0.635551 0.657438 -0.735432 1 1 1.000000
  0 3.278102 -27.224819 -12.269158 0.164654 -0.772426 -0.613390 0.658047 -0.759749 1 1 1.000000
  0 2.707316 -28.805330 -10.129032 0.151708 -0.813972 -0.560745 0.678550 -0.757900 1 1 1.000000
nuke_blu.vtf
  0 3.771776 -25.443480 -14.123179 0.181873 -0.712031 -0.678185 0.639459 -0.761399 1 1 1.000000
  0 3.278102 -27.224819 -12.269158 0.164654 -0.772426 -0.613390 0.658047 -0.759749 1 1 1.000000
  0 -0.009593 -27.226076 -12.702013 0.000020 -0.772059 -0.635551 0.657438 -0.735432 1 1 1.000000
nuke_blu.vtf
  0 7.298433 -25.442816 -12.662393 0.351228 -0.711970 -0.608061 0.643515 -0.787898 1 1 1.000000
  0 3.278102 -27.224819 -12.269158 0.164654 -0.772426 -0.613390 0.658047 -0.759749 1 1 1.000000
  0 3.771776 -25.443480 -14.123179 0.181873 -0.712031 -0.678185 0.639459 -0.761399 1 1 1.000000
nuke_blu.vtf
  0 8.396662 -23.151091 -14.571480 0.379317 -0.651654 -0.656860 0.622205 -0.792542 1 1 1.000000
  0 7.298433 -25.442816 -12.662393 0.351228 -0.711970 -0.608061 0.643515 -0.787898 1 1 1.000000
  0 3.771776 -25.443480 -14.123179 0.181873 -0.712031 -0.678185 0.639459 -0.761399 1 1 1.000000
nuke_blu.vtf
  0 11.881657 -23.150799 -11.897144 0.536466 -0.651545 -0.536370 0.630291 -0.821307 1 1 1.000000
  0 7.298433 -25.442816 -12.662393 0.351228 -0.711970 -0.608061 0.643515 -0.787898 1 1 1.000000
  0 8.396662 -23.151091 -14.571480 0.379317 -0.651654 -0.656860 0.622205 -0.792542 1 1 1.000000
nuke_blu.vtf
  0 18.586021 -20.859228 0.001897 0.835200 -0.549947 0.000006 0.662666 -0.916462 1 1 1.000000
  0 16.810150 -23.150356 0.001541 0.758722 -0.651415 0.000012 0.679037 -0.901424 1 1 1.000000
  0 16.236795 -23.150484 -4.353658 0.732879 -0.651412 -0.196345 0.658311 -0.876071 1 1 1.000000
nuke_blu.vtf
  0 16.236795 -23.150484 -4.353658 0.732879 -0.651412 -0.196345 0.658311 -0.876071 1 1 1.000000
  0 14.111289 -25.441654 -3.783426 0.678404 -0.711860 -0.181724 0.677060 -0.862349 1 1 1.000000
  0 12.650571 -25.441914 -7.310077 0.608257 -0.711876 -0.351077 0.662144 -0.838775 1 1 1.000000
nuke_blu.vtf
  0 16.810150 -23.150356 0.001541 0.758722 -0.651415 0.000012 0.679037 -0.901424 1 1 1.000000
  0 14.111289 -25.441654 -3.783426 0.678404 -0.711860 -0.181724 0.677060 -0.862349 1 1 1.000000
  0 16.236795 -23.150484 -4.353658 0.732879 -0.651412 -0.196345 0.658311 -0.876071 1 1 1.000000
nuke_blu.vtf
  0 16.810150 -23.150356 0.001541 0.758722 -0.651415 0.000012 0.679037 -0.901424 1 1 1.000000
  0 14.609558 -25.441483 0.001186 0.702317 -0.711864 0.000012 0.696156 -0.884002 1 1 1.000000
  0 14.111289 -25.441654 -3.783426 0.678404 -0.711860 -0.181724 0.677060 -0.862349 1 1 1.000000
nuke_blu.vtf
  0 12.650571 -25.441914 -7.310077 0.608257 -0.711876 -0.351077 0.662144 -0.838775 1 1 1.000000
  0 10.991238 -27.221710 -6.350538 0.548220 -0.774296 -0.316103 0.678895 -0.829614 1 1 1.000000
  0 8.972569 -27.222544 -8.981364 0.448304 -0.773729 -0.447624 0.668708 -0.807248 1 1 1.000000
nuke_blu.vtf
  0 14.111289 -25.441654 -3.783426 0.678404 -0.711860 -0.181724 0.677060 -0.862349 1 1 1.000000
  0 10.991238 -27.221710 -6.350538 0.548220 -0.774296 -0.316103 0.678895 -0.829614 1 1 1.000000
  0 12.650571 -25.441914 -7.310077 0.608257 -0.711876 -0.351077 0.662144 -0.838775 1 1 1.000000
nuke_blu.vtf
  0 14.111289 -25.441654 -3.783426 0.678404 -0.711860 -0.181724 0.677060 -0.862349 1 1 1.000000
  0 12.260230 -27.221241 -3.286836 0.610856 -0.774686 -0.163451 0.692509 -0.850405 1 1 1.000000
  0 10.991238 -27.221710 -6.350538 0.548220 -0.774296 -0.316103 0.678895 -0.829614 1 1 1.000000
nuke_blu.vtf
  0 14.609558 -25.441483 0.001186 0.702317 -0.711864 0.000012 0.696156 -0.884002 1 1 1.000000
  0 12.260230 -27.221241 -3.286836 0.610856 -0.774686 -0.163451 0.692509 -0.850405 1 1 1.000000
  0 14.111289 -25.441654 -3.783426 0.678404 -0.711860 -0.181724 0.677060 -0.862349 1 1 1.000000
nuke_blu.vtf
  0 14.609558 -25.441483 0.001186 0.702317 -0.711864 0.000012 0.696156 -0.884002 1 1 1.000000
  0 12.692988 -27.221016 0.000905 0.632123 -0.774868 0.000056 0.709843 -0.868969 1 1 1.000000
  0 12.260230 -27.221241 -3.286836 0.610856 -0.774686 -0.163451 0.692509 -0.850405 1 1 1.000000
nuke_blu.vtf
  0 8.972569 -27.222544 -8.981364 0.448304 -0.773729 -0.447624 0.668708 -0.807248 1 1 1.000000
  0 7.408423 -28.785292 -7.414719 0.408775 -0.817245 -0.406219 0.687932 -0.799990 1 1 1.000000
  0 5.236536 -28.794552 -9.081263 0.290926 -0.815976 -0.499545 0.681836 -0.779280 1 1 1.000000
nuke_blu.vtf
  0 10.991238 -27.221710 -6.350538 0.548220 -0.774296 -0.316103 0.678895 -0.829614 1 1 1.000000
  0 7.408423 -28.785292 -7.414719 0.408775 -0.817245 -0.406219 0.687932 -0.799990 1 1 1.000000
  0 8.972569 -27.222544 -8.981364 0.448304 -0.773729 -0.447624 0.668708 -0.807248 1 1 1.000000
nuke_blu.vtf
  0 10.991238 -27.221710 -6.350538 0.548220 -0.774296 -0.316103 0.678895 -0.829614 1 1 1.000000
  0 9.074977 -28.778240 -5.242804 0.498596 -0.818176 -0.286339 0.696865 -0.819564 1 1 1.000000
  0 7.408423 -28.785292 -7.414719 0.408775 -0.817245 -0.406219 0.687932 -0.799990 1 1 1.000000
nuke_blu.vtf
  0 12.260230 -27.221241 -3.286836 0.610856 -0.774686 -0.163451 0.692509 -0.850405 1 1 1.000000
  0 9.074977 -28.778240 -5.242804 0.498596 -0.818176 -0.286339 0.696865 -0.819564 1 1 1.000000
  0 10.991238 -27.221710 -6.350538 0.548220 -0.774296 -0.316103 0.678895 -0.829614 1 1 1.000000
nuke_blu.vtf
  0 12.260230 -27.221241 -3.286836 0.610856 -0.774686 -0.163451 0.692509 -0.850405 1 1 1.000000
  0 10.122575 -28.773733 -2.713561 0.554817 -0.818727 -0.147861 0.708679 -0.837438 1 1 1.000000
  0 9.074977 -28.778240 -5.242804 0.498596 -0.818176 -0.286339 0.696865 -0.819564 1 1 1.000000
nuke_blu.vtf
  0 12.692988 -27.221016 0.000905 0.632123 -0.774868 0.000056 0.709843 -0.868969 1 1 1.000000
  0 10.122575 -28.773733 -2.713561 0.554817 -0.818727 -0.147861 0.708679 -0.837438 1 1 1.000000
  0 12.260230 -27.221241 -3.286836 0.610856 -0.774686 -0.163451 0.692509 -0.850405 1 1 1.000000
nuke_blu.vtf
  0 12.692988 -27.221016 0.000905 0.632123 -0.774868 0.000056 0.709843 -0.868969 1 1 1.000000
  0 10.479802 -28.772202 0.000654 0.574031 -0.818834 0.000138 0.723458 -0.852861 1 1 1.000000
  0 10.122575 -28.773733 -2.713561 0.554817 -0.818727 -0.147861 0.708679 -0.837438 1 1 1.000000
nuke_blu.vtf
  0 -12.712416 -27.221064 0.000710 -0.631003 -0.775781 0.000050 0.720045 -0.606453 1 1 1.000000
  0 -10.136251 -28.773684 -2.713708 -0.553878 -0.819398 -0.147666 0.716431 -0.637814 1 1 1.000000
  0 -10.493625 -28.772165 0.000489 -0.573048 -0.819522 0.000126 0.732368 -0.623613 1 1 1.000000
nuke_blu.vtf
  0 -12.712416 -27.221064 0.000710 -0.631003 -0.775781 0.000050 0.720045 -0.606453 1 1 1.000000
  0 -12.279556 -27.221222 -3.287027 -0.609796 -0.775576 -0.163189 0.701311 -0.623584 1 1 1.000000
  0 -10.136251 -28.773684 -2.713708 -0.553878 -0.819398 -0.147666 0.716431 -0.637814 1 1 1.000000
nuke_blu.vtf
  0 -14.635389 -25.441500 0.000953 -0.701057 -0.713105 0.000004 0.707565 -0.590356 1 1 1.000000
  0 -12.279556 -27.221222 -3.287027 -0.609796 -0.775576 -0.163189 0.701311 -0.623584 1 1 1.000000
  0 -12.712416 -27.221064 0.000710 -0.631003 -0.775781 0.000050 0.720045 -0.606453 1 1 1.000000
nuke_blu.vtf
  0 -14.635389 -25.441500 0.000953 -0.701057 -0.713105 0.000004 0.707565 -0.590356 1 1 1.000000
  0 -14.137084 -25.441648 -3.783654 -0.677226 -0.713055 -0.181430 0.686830 -0.610428 1 1 1.000000
  0 -12.279556 -27.221222 -3.287027 -0.609796 -0.775576 -0.163189 0.701311 -0.623584 1 1 1.000000
nuke_blu.vtf
  0 -14.137084 -25.441648 -3.783654 -0.677226 -0.713055 -0.181430 0.686830 -0.610428 1 1 1.000000
  0 -11.010522 -27.221779 -6.350697 -0.547359 -0.775095 -0.315637 0.686119 -0.643235 1 1 1.000000
  0 -12.279556 -27.221222 -3.287027 -0.609796 -0.775576 -0.163189 0.701311 -0.623584 1 1 1.000000
nuke_blu.vtf
  0 -14.137084 -25.441648 -3.783654 -0.677226 -0.713055 -0.181430 0.686830 -0.610428 1 1 1.000000
  0 -12.676290 -25.441898 -7.310287 -0.607299 -0.712950 -0.350556 0.670124 -0.632754 1 1 1.000000
  0 -11.010522 -27.221779 -6.350697 -0.547359 -0.775095 -0.315637 0.686119 -0.643235 1 1 1.000000
nuke_blu.vtf
  0 -12.676290 -25.441898 -7.310287 -0.607299 -0.712950 -0.350556 0.670124 -0.632754 1 1 1.000000
  0 -8.991802 -27.222538 -8.981502 -0.447719 -0.774371 -0.447099 0.674228 -0.664728 1 1 1.000000
  0 -11.010522 -27.221779 -6.350697 -0.547359 -0.775095 -0.315637 0.686119 -0.643235 1 1 1.000000
nuke_blu.vtf
  0 -12.676290 -25.441898 -7.310287 -0.607299 -0.712950 -0.350556 0.670124 -0.632754 1 1 1.000000
  0 -10.352487 -25.442278 -10.338732 -0.496003 -0.712793 -0.495890 0.657117 -0.656762 1 1 1.000000
  0 -8.991802 -27.222538 -8.981502 -0.447719 -0.774371 -0.447099 0.674228 -0.664728 1 1 1.000000
nuke_blu.vtf
  0 -10.352487 -25.442278 -10.338732 -0.496003 -0.712793 -0.495890 0.657117 -0.656762 1 1 1.000000
  0 -6.360980 -27.223549 -11.000171 -0.317374 -0.773465 -0.548658 0.665516 -0.687541 1 1 1.000000
  0 -8.991802 -27.222538 -8.981502 -0.447719 -0.774371 -0.447099 0.674228 -0.664728 1 1 1.000000
nuke_blu.vtf
  0 -10.352487 -25.442278 -10.338732 -0.496003 -0.712793 -0.495890 0.657117 -0.656762 1 1 1.000000
  0 -7.324033 -25.442867 -12.662461 -0.350875 -0.712601 -0.607526 0.647616 -0.682005 1 1 1.000000
  0 -6.360980 -27.223549 -11.000171 -0.317374 -0.773465 -0.548658 0.665516 -0.687541 1 1 1.000000
nuke_blu.vtf
  0 -7.324033 -25.442867 -12.662461 -0.350875 -0.712601 -0.607526 0.647616 -0.682005 1 1 1.000000
  0 -3.297315 -27.224821 -12.269150 -0.164538 -0.772667 -0.613117 0.659926 -0.711239 1 1 1.000000
  0 -6.360980 -27.223549 -11.000171 -0.317374 -0.773465 -0.548658 0.665516 -0.687541 1 1 1.000000
nuke_blu.vtf
  0 -7.324033 -25.442867 -12.662461 -0.350875 -0.712601 -0.607526 0.647616 -0.682005 1 1 1.000000
  0 -3.797376 -25.443428 -14.123265 -0.181748 -0.712356 -0.677876 0.641524 -0.708098 1 1 1.000000
  0 -3.297315 -27.224821 -12.269150 -0.164538 -0.772667 -0.613117 0.659926 -0.711239 1 1 1.000000
nuke_blu.vtf
  0 -3.797376 -25.443428 -14.123265 -0.181748 -0.712356 -0.677876 0.641524 -0.708098 1 1 1.000000
  0 -0.009593 -27.226076 -12.702013 0.000020 -0.772059 -0.635551 0.657438 -0.735432 1 1 1.000000
  0 -3.297315 -27.224821 -12.269150 -0.164538 -0.772667 -0.613117 0.659926 -0.711239 1 1 1.000000
nuke_blu.vtf
  0 -3.797376 -25.443428 -14.123265 -0.181748 -0.712356 -0.677876 0.641524 -0.708098 1 1 1.000000
  0 -0.012793 -25.444080 -14.621575 0.000019 -0.712131 -0.702046 0.638807 -0.734681 1 1 1.000000
  0 -0.009593 -27.226076 -12.702013 0.000020 -0.772059 -0.635551 0.657438 -0.735432 1 1 1.000000
nuke_blu.vtf
  0 3.771776 -25.443480 -14.123179 0.181873 -0.712031 -0.678185 0.639459 -0.761399 1 1 1.000000
  0 -0.009593 -27.226076 -12.702013 0.000020 -0.772059 -0.635551 0.657438 -0.735432 1 1 1.000000
  0 -0.012793 -25.444080 -14.621575 0.000019 -0.712131 -0.702046 0.638807 -0.734681 1 1 1.000000
nuke_blu.vtf
  0 4.338288 -23.151426 -16.252441 0.196357 -0.651791 -0.732538 0.617853 -0.763267 1 1 1.000000
  0 3.771776 -25.443480 -14.123179 0.181873 -0.712031 -0.678185 0.639459 -0.761399 1 1 1.000000
  0 -0.012793 -25.444080 -14.621575 0.000019 -0.712131 -0.702046 0.638807 -0.734681 1 1 1.000000
nuke_blu.vtf
  0 8.396662 -23.151091 -14.571480 0.379317 -0.651654 -0.656860 0.622205 -0.792542 1 1 1.000000
  0 3.771776 -25.443480 -14.123179 0.181873 -0.712031 -0.678185 0.639459 -0.761399 1 1 1.000000
  0 4.338288 -23.151426 -16.252441 0.196357 -0.651791 -0.732538 0.617853 -0.763267 1 1 1.000000
nuke_blu.vtf
  0 9.282558 -20.859322 -16.112646 0.417503 -0.550329 -0.723069 0.603330 -0.796523 1 1 1.000000
  0 8.396662 -23.151091 -14.571480 0.379317 -0.651654 -0.656860 0.622205 -0.792542 1 1 1.000000
  0 4.338288 -23.151426 -16.252441 0.196357 -0.651791 -0.732538 0.617853 -0.763267 1 1 1.000000
nuke_blu.vtf
  0 -12.279556 -27.221222 -3.287027 -0.609796 -0.775576 -0.163189 0.701311 -0.623584 1 1 1.000000
  0 -9.088570 -28.778181 -5.242951 -0.497810 -0.818796 -0.285936 0.703260 -0.654697 1 1 1.000000
  0 -10.136251 -28.773684 -2.713708 -0.553878 -0.819398 -0.147666 0.716431 -0.637814 1 1 1.000000
nuke_blu.vtf
  0 -12.279556 -27.221222 -3.287027 -0.609796 -0.775576 -0.163189 0.701311 -0.623584 1 1 1.000000
  0 -11.010522 -27.221779 -6.350697 -0.547359 -0.775095 -0.315637 0.686119 -0.643235 1 1 1.000000
  0 -9.088570 -28.778181 -5.242951 -0.497810 -0.818796 -0.285936 0.703260 -0.654697 1 1 1.000000
nuke_blu.vtf
  0 -11.010522 -27.221779 -6.350697 -0.547359 -0.775095 -0.315637 0.686119 -0.643235 1 1 1.000000
  0 -7.422008 -28.785322 -7.414826 -0.408228 -0.817739 -0.405774 0.692835 -0.673505 1 1 1.000000
  0 -9.088570 -28.778181 -5.242951 -0.497810 -0.818796 -0.285936 0.703260 -0.654697 1 1 1.000000
nuke_blu.vtf
  0 -11.010522 -27.221779 -6.350697 -0.547359 -0.775095 -0.315637 0.686119 -0.643235 1 1 1.000000
  0 -8.991802 -27.222538 -8.981502 -0.447719 -0.774371 -0.447099 0.674228 -0.664728 1 1 1.000000
  0 -7.422008 -28.785322 -7.414826 -0.408228 -0.817739 -0.405774 0.692835 -0.673505 1 1 1.000000
nuke_blu.vtf
  0 -8.991802 -27.222538 -8.981502 -0.447719 -0.774371 -0.447099 0.674228 -0.664728 1 1 1.000000
  0 -5.250096 -28.794621 -9.081426 -0.290586 -0.816306 -0.499204 0.685154 -0.693669 1 1 1.000000
  0 -7.422008 -28.785322 -7.414826 -0.408228 -0.817739 -0.405774 0.692835 -0.673505 1 1 1.000000
nuke_blu.vtf
  0 -8.991802 -27.222538 -8.981502 -0.447719 -0.774371 -0.447099 0.674228 -0.664728 1 1 1.000000
  0 -6.360980 -27.223549 -11.000171 -0.317374 -0.773465 -0.548658 0.665516 -0.687541 1 1 1.000000
  0 -5.250096 -28.794621 -9.081426 -0.290586 -0.816306 -0.499204 0.685154 -0.693669 1 1 1.000000
nuke_blu.vtf
  0 -6.360980 -27.223549 -11.000171 -0.317374 -0.773465 -0.548658 0.665516 -0.687541 1 1 1.000000
  0 -2.720852 -28.805313 -10.129053 -0.151530 -0.814146 -0.560540 0.680223 -0.714724 1 1 1.000000
  0 -5.250096 -28.794621 -9.081426 -0.290586 -0.816306 -0.499204 0.685154 -0.693669 1 1 1.000000
nuke_blu.vtf
  0 -6.360980 -27.223549 -11.000171 -0.317374 -0.773465 -0.548658 0.665516 -0.687541 1 1 1.000000
  0 -3.297315 -27.224821 -12.269150 -0.164538 -0.772667 -0.613117 0.659926 -0.711239 1 1 1.000000
  0 -2.720852 -28.805313 -10.129053 -0.151530 -0.814146 -0.560540 0.680223 -0.714724 1 1 1.000000
nuke_blu.vtf
  0 -0.009593 -27.226076 -12.702013 0.000020 -0.772059 -0.635551 0.657438 -0.735432 1 1 1.000000
  0 -2.720852 -28.805313 -10.129053 -0.151530 -0.814146 -0.560540 0.680223 -0.714724 1 1 1.000000
  0 -3.297315 -27.224821 -12.269150 -0.164538 -0.772667 -0.613117 0.659926 -0.711239 1 1 1.000000
nuke_blu.vtf
  0 -0.009593 -27.226076 -12.702013 0.000020 -0.772059 -0.635551 0.657438 -0.735432 1 1 1.000000
  0 -0.006857 -28.816935 -10.486397 0.000054 -0.812296 -0.583246 0.678051 -0.736259 1 1 1.000000
  0 -2.720852 -28.805313 -10.129053 -0.151530 -0.814146 -0.560540 0.680223 -0.714724 1 1 1.000000
nuke_blu.vtf
  0 -0.009593 -27.226076 -12.702013 0.000020 -0.772059 -0.635551 0.657438 -0.735432 1 1 1.000000
  0 2.707316 -28.805330 -10.129032 0.151708 -0.813972 -0.560745 0.678550 -0.757900 1 1 1.000000
  0 -0.006857 -28.816935 -10.486397 0.000054 -0.812296 -0.583246 0.678051 -0.736259 1 1 1.000000
nuke_blu.vtf
  0 0.312132 41.011799 17.831133 -0.000694 0.991165 -0.132632 0.308088 -0.157256 1 1 1.000000
  0 -0.476394 40.596279 14.730059 -0.000696 0.991165 -0.132632 0.280577 -0.163983 1 1 1.000000
  0 -0.476812 41.011250 17.831154 -0.000694 0.991165 -0.132632 0.308088 -0.163983 1 1 1.000000
nuke_blu.vtf
  0 0.312132 41.011799 17.831133 -0.000694 0.991165 -0.132632 0.308088 -0.157256 1 1 1.000000
  0 0.312540 40.596836 14.730075 -0.000696 0.991165 -0.132631 0.280561 -0.157256 1 1 1.000000
  0 -0.476394 40.596279 14.730059 -0.000696 0.991165 -0.132632 0.280577 -0.163983 1 1 1.000000
nuke_blu.vtf
  0 1.742015 21.519011 -14.027706 0.878802 0.267887 -0.394896 0.445233 -0.458428 1 1 1.000000
  0 0.756687 34.280750 -7.563231 0.936704 0.213059 -0.277833 0.343780 -0.451813 1 1 1.000000
  0 0.882479 34.068817 -7.296660 0.938038 0.211482 -0.274516 0.344162 -0.454372 1 1 1.000000
nuke_blu.vtf
  0 1.742015 21.519011 -14.027706 0.878802 0.267887 -0.394896 0.445233 -0.458428 1 1 1.000000
  0 1.484341 21.832653 -14.384736 0.877504 0.268898 -0.397089 0.444549 -0.454743 1 1 1.000000
  0 0.756687 34.280750 -7.563231 0.936704 0.213059 -0.277833 0.343780 -0.451813 1 1 1.000000
nuke_blu.vtf
  0 1.484341 21.832653 -14.384736 -0.000036 0.480576 -0.876953 0.444549 -0.454743 1 1 1.000000
  0 0.315721 34.280388 -7.563242 -0.000355 0.480553 -0.876965 0.343721 -0.448762 1 1 1.000000
  0 0.756687 34.280750 -7.563231 -0.000373 0.480552 -0.876966 0.343780 -0.451813 1 1 1.000000
nuke_blu.vtf
  0 1.484341 21.832653 -14.384736 -0.000036 0.480576 -0.876953 0.444549 -0.454743 1 1 1.000000
  0 0.340820 21.832653 -14.384699 -0.000029 0.480577 -0.876953 0.444399 -0.446649 1 1 1.000000
  0 0.315721 34.280388 -7.563242 -0.000355 0.480553 -0.876965 0.343721 -0.448762 1 1 1.000000
nuke_blu.vtf
  0 0.340820 21.832653 -14.384699 -0.000463 -0.629133 -0.777298 0.701116 -0.907054 1 1 1.000000
  0 0.341049 21.524572 -14.091358 0.003290 -0.696149 -0.717889 0.696930 -0.907080 1 1 1.000000
  0 -0.548444 21.524555 -14.091105 -0.015285 -0.689728 -0.723907 0.696930 -0.914445 1 1 1.000000
nuke_blu.vtf
  0 1.484341 21.832653 -14.384736 0.022803 -0.732519 -0.680365 0.701116 -0.897587 1 1 1.000000
  0 0.341049 21.524572 -14.091358 0.003290 -0.696149 -0.717889 0.696930 -0.907080 1 1 1.000000
  0 0.340820 21.832653 -14.384699 -0.000463 -0.629133 -0.777298 0.701116 -0.907054 1 1 1.000000
nuke_blu.vtf
  0 1.484341 21.832653 -14.384736 0.022803 -0.732519 -0.680365 0.701116 -0.897587 1 1 1.000000
  0 1.742015 21.519011 -14.027706 0.027539 -0.741057 -0.670877 0.696930 -0.895479 1 1 1.000000
  0 0.341049 21.524572 -14.091358 0.003290 -0.696149 -0.717889 0.696930 -0.907080 1 1 1.000000
nuke_blu.vtf
  0 -1.942309 21.518993 -14.027660 -0.008310 -0.735377 -0.677607 0.696930 -0.925994 1 1 1.000000
  0 -1.695029 21.829098 -14.381345 0.000030 -0.751923 -0.659251 0.701116 -0.923910 1 1 1.000000
  0 -0.548704 21.829098 -14.381293 -0.008515 -0.634805 -0.772625 0.701116 -0.914419 1 1 1.000000
nuke_blu.vtf
  0 -1.942309 21.518993 -14.027660 -0.008310 -0.735377 -0.677607 0.696930 -0.925994 1 1 1.000000
  0 -0.548704 21.829098 -14.381293 -0.008515 -0.634805 -0.772625 0.701116 -0.914419 1 1 1.000000
  0 -0.548444 21.524555 -14.091105 -0.015285 -0.689728 -0.723907 0.696930 -0.914445 1 1 1.000000
nuke_blu.vtf
  0 0.340820 21.832653 -14.384699 -0.000463 -0.629133 -0.777298 0.701116 -0.907054 1 1 1.000000
  0 -0.548444 21.524555 -14.091105 -0.015285 -0.689728 -0.723907 0.696930 -0.914445 1 1 1.000000
  0 -0.548704 21.829098 -14.381293 -0.008515 -0.634805 -0.772625 0.701116 -0.914419 1 1 1.000000
nuke_blu.vtf
  0 -0.464109 27.776272 -17.782650 0.000274 -0.496287 -0.868159 0.759070 -0.914419 1 1 1.000000
  0 0.340820 21.832653 -14.384699 -0.000463 -0.629133 -0.777298 0.701116 -0.907054 1 1 1.000000
  0 -0.548704 21.829098 -14.381293 -0.008515 -0.634805 -0.772625 0.701116 -0.914419 1 1 1.000000
nuke_blu.vtf
  0 -0.464109 27.776272 -17.782650 0.000274 -0.496287 -0.868159 0.759070 -0.914419 1 1 1.000000
  0 0.324896 27.776924 -17.782644 0.000418 -0.496272 -0.868167 0.759070 -0.907054 1 1 1.000000
  0 0.340820 21.832653 -14.384699 -0.000463 -0.629133 -0.777298 0.701116 -0.907054 1 1 1.000000
nuke_blu.vtf
  0 22.775097 1.227792 -0.295937 0.823994 0.089949 0.559413 0.343071 -0.471184 1 1 1.000000
  0 23.058802 -3.239740 0.004520 0.823994 0.089949 0.559413 0.314544 -0.454071 1 1 1.000000
  0 23.223125 -2.865708 -0.297665 0.823994 0.089949 0.559413 0.315436 -0.457412 1 1 1.000000
nuke_blu.vtf
  0 22.775097 1.227792 -0.295937 0.526875 0.105648 0.843351 0.343071 -0.471184 1 1 1.000000
  0 22.324539 1.071119 0.005171 0.528251 0.103029 0.842814 0.345283 -0.467946 1 1 1.000000
  0 23.058802 -3.239740 0.004520 0.531446 0.090393 0.842255 0.314544 -0.454071 1 1 1.000000
nuke_blu.vtf
  0 21.491047 6.993150 -0.303027 0.530051 0.157227 0.833262 0.381662 -0.491652 1 1 1.000000
  0 22.324539 1.071119 0.005171 0.528251 0.103029 0.842814 0.345283 -0.467946 1 1 1.000000
  0 22.775097 1.227792 -0.295937 0.526875 0.105648 0.843351 0.343071 -0.471184 1 1 1.000000
nuke_blu.vtf
  0 21.491047 6.993150 -0.303027 0.530051 0.157227 0.833262 0.381662 -0.491652 1 1 1.000000
  0 21.049850 6.845142 0.006021 0.531697 0.155947 0.832454 0.384265 -0.488680 1 1 1.000000
  0 22.324539 1.071119 0.005171 0.528251 0.103029 0.842814 0.345283 -0.467946 1 1 1.000000
nuke_blu.vtf
  0 19.415884 12.593248 -0.310035 0.530765 0.219697 0.818548 0.419647 -0.513761 1 1 1.000000
  0 21.049850 6.845142 0.006021 0.531697 0.155947 0.832454 0.384265 -0.488680 1 1 1.000000
  0 21.491047 6.993150 -0.303027 0.530051 0.157227 0.833262 0.381662 -0.491652 1 1 1.000000
nuke_blu.vtf
  0 19.415884 12.593248 -0.310035 0.530765 0.219697 0.818548 0.419647 -0.513761 1 1 1.000000
  0 18.983429 12.459310 0.006838 0.531865 0.222406 0.817102 0.422640 -0.511071 1 1 1.000000
  0 21.049850 6.845142 0.006021 0.531697 0.155947 0.832454 0.384265 -0.488680 1 1 1.000000
nuke_blu.vtf
  0 17.212063 17.351828 -0.318511 0.540172 0.288802 0.790447 0.452201 -0.534501 1 1 1.000000
  0 18.983429 12.459310 0.006838 0.531865 0.222406 0.817102 0.422640 -0.511071 1 1 1.000000
  0 19.415884 12.593248 -0.310035 0.530765 0.219697 0.818548 0.419647 -0.513761 1 1 1.000000
nuke_blu.vtf
  0 17.212063 17.351828 -0.318511 0.540172 0.288802 0.790447 0.452201 -0.534501 1 1 1.000000
  0 16.809254 17.232883 0.007533 0.544079 0.302593 0.782570 0.455522 -0.532083 1 1 1.000000
  0 18.983429 12.459310 0.006838 0.531865 0.222406 0.817102 0.422640 -0.511071 1 1 1.000000
nuke_blu.vtf
  0 14.047225 21.513105 0.013555 0.412905 0.244011 0.877478 0.486527 -0.552325 1 1 1.000000
  0 16.809254 17.232883 0.007533 0.544079 0.302593 0.782570 0.455522 -0.532083 1 1 1.000000
  0 17.212063 17.351828 -0.318511 0.540172 0.288802 0.790447 0.452201 -0.534501 1 1 1.000000
nuke_blu.vtf
  0 14.047225 21.513105 0.013555 0.412905 0.244011 0.877478 0.486527 -0.552325 1 1 1.000000
  0 17.212063 17.351828 -0.318511 0.540172 0.288802 0.790447 0.452201 -0.534501 1 1 1.000000
  0 14.961043 21.270720 -0.330241 0.395513 0.229845 0.889236 0.478735 -0.552889 1 1 1.000000
nuke_blu.vtf
  0 0.312391 41.012932 -17.777046 -0.000764 0.991156 0.132702 0.200085 -0.167940 1 1 1.000000
  0 -0.476177 40.597134 -14.675981 -0.000705 0.991154 0.132717 0.227804 -0.174617 1 1 1.000000
  0 0.312757 40.597683 -14.675972 -0.000692 0.991153 0.132720 0.227780 -0.167940 1 1 1.000000
nuke_blu.vtf
  0 0.312391 41.012932 -17.777046 -0.000764 0.991156 0.132702 0.200085 -0.167940 1 1 1.000000
  0 -0.476552 41.012314 -17.777052 -0.000778 0.991156 0.132699 0.200085 -0.174617 1 1 1.000000
  0 -0.476177 40.597134 -14.675981 -0.000705 0.991154 0.132717 0.227804 -0.174617 1 1 1.000000
nuke_blu.vtf
  0 13.963215 21.516264 -1.832828 0.409225 0.277250 -0.869291 0.449117 -0.300199 1 1 1.000000
  0 7.511465 34.286297 -0.797188 0.327961 0.239799 -0.913749 0.347419 -0.296556 1 1 1.000000
  0 14.312819 21.829184 -1.567237 0.410829 0.277980 -0.868301 0.448280 -0.296459 1 1 1.000000
nuke_blu.vtf
  0 13.963215 21.516264 -1.832828 0.409225 0.277250 -0.869291 0.449117 -0.300199 1 1 1.000000
  0 7.241420 34.072990 -0.948986 0.325679 0.238735 -0.914844 0.347870 -0.299193 1 1 1.000000
  0 7.511465 34.286297 -0.797188 0.327961 0.239799 -0.913749 0.347419 -0.296556 1 1 1.000000
nuke_blu.vtf
  0 1.737647 21.517225 14.064042 0.890138 0.258141 0.375524 0.326325 -0.310559 1 1 1.000000
  0 0.756573 34.280304 7.616015 0.941802 0.206436 0.265318 0.427904 -0.314354 1 1 1.000000
  0 1.484143 21.832891 14.444184 0.888956 0.259120 0.377642 0.327050 -0.314341 1 1 1.000000
nuke_blu.vtf
  0 1.737647 21.517225 14.064042 0.890138 0.258141 0.375524 0.326325 -0.310559 1 1 1.000000
  0 0.881301 34.069031 7.332525 0.943011 0.204936 0.262167 0.427508 -0.311715 1 1 1.000000
  0 0.756573 34.280304 7.616015 0.941802 0.206436 0.265318 0.427904 -0.314354 1 1 1.000000
nuke_blu.vtf
  0 1.484143 21.832891 14.444184 -0.000053 0.480957 0.876744 0.327050 -0.314341 1 1 1.000000
  0 0.315611 34.279945 7.616011 -0.000383 0.480933 0.876757 0.428054 -0.317384 1 1 1.000000
  0 0.340620 21.832891 14.444124 -0.000046 0.480958 0.876744 0.327442 -0.322380 1 1 1.000000
nuke_blu.vtf
  0 1.484143 21.832891 14.444184 -0.000053 0.480957 0.876744 0.327050 -0.314341 1 1 1.000000
  0 0.756573 34.280304 7.616015 -0.000402 0.480932 0.876758 0.427904 -0.314354 1 1 1.000000
  0 0.315611 34.279945 7.616011 -0.000383 0.480933 0.876757 0.428054 -0.317384 1 1 1.000000
nuke_blu.vtf
  0 13.963181 21.516298 1.857195 0.378330 0.260528 0.888252 0.457306 -0.149572 1 1 1.000000
  0 7.513776 34.285454 0.858921 0.242125 0.196571 0.950124 0.558907 -0.154331 1 1 1.000000
  0 7.241450 34.072914 0.970649 0.238347 0.194766 0.951450 0.558519 -0.151809 1 1 1.000000
nuke_blu.vtf
  0 13.963181 21.516298 1.857195 0.378330 0.260528 0.888252 0.457306 -0.149572 1 1 1.000000
  0 14.316190 21.832771 1.612175 0.380898 0.261712 0.886805 0.458094 -0.153239 1 1 1.000000
  0 7.513776 34.285454 0.858921 0.242125 0.196571 0.950124 0.558907 -0.154331 1 1 1.000000
nuke_blu.vtf
  0 -14.160244 21.511389 -1.830348 -0.297004 0.224566 -0.928094 0.577675 -0.300199 1 1 1.000000
  0 -7.637517 34.222694 -0.842026 -0.262272 0.207852 -0.942343 0.475977 -0.296556 1 1 1.000000
  0 -7.389033 34.062534 -0.946173 -0.261404 0.207432 -0.942677 0.476428 -0.299193 1 1 1.000000
nuke_blu.vtf
  0 -14.160244 21.511389 -1.830348 -0.297004 0.224566 -0.928094 0.577675 -0.300199 1 1 1.000000
  0 -14.512162 21.851053 -1.635151 -0.297609 0.224856 -0.927830 0.576838 -0.296459 1 1 1.000000
  0 -7.637517 34.222694 -0.842026 -0.262272 0.207852 -0.942343 0.475977 -0.296556 1 1 1.000000
nuke_blu.vtf
  0 -14.160287 21.511423 1.862386 -0.381336 0.268383 0.884621 0.328748 -0.149572 1 1 1.000000
  0 -7.646636 34.221870 0.814059 -0.384097 0.269667 0.883034 0.430349 -0.154331 1 1 1.000000
  0 -14.509154 21.829115 1.615653 -0.381284 0.268358 0.884650 0.329536 -0.153239 1 1 1.000000
nuke_blu.vtf
  0 -14.160287 21.511423 1.862386 -0.381336 0.268383 0.884621 0.328748 -0.149572 1 1 1.000000
  0 -7.389102 34.062500 0.974783 -0.384167 0.269699 0.882994 0.429962 -0.151809 1 1 1.000000
  0 -7.646636 34.221870 0.814059 -0.384097 0.269667 0.883034 0.430349 -0.154331 1 1 1.000000
nuke_blu.vtf
  0 -7.639281 34.222660 -0.409939 0.610206 0.792237 0.003029 0.312060 -0.153980 1 1 1.000000
  0 -14.539748 40.591103 0.347863 0.678381 0.734705 0.002927 0.227748 -0.147303 1 1 1.000000
  0 -7.644825 34.221920 0.373094 0.600822 0.799382 -0.000915 0.312010 -0.147303 1 1 1.000000
nuke_blu.vtf
  0 -7.639281 34.222660 -0.409939 0.610206 0.792237 0.003029 0.312060 -0.153980 1 1 1.000000
  0 -14.536504 40.591095 -0.441068 0.678372 0.734713 0.002783 0.227788 -0.153980 1 1 1.000000
  0 -14.539748 40.591103 0.347863 0.678381 0.734705 0.002927 0.227748 -0.147303 1 1 1.000000
nuke_blu.vtf
  0 -7.389102 34.062500 0.974783 0.542736 0.839864 -0.008145 0.314919 -0.142577 1 1 1.000000
  0 -7.644825 34.221920 0.373094 0.600822 0.799382 -0.000915 0.312010 -0.147303 1 1 1.000000
  0 -7.646636 34.221870 0.814059 0.525204 0.850973 0.002250 0.311989 -0.143543 1 1 1.000000
nuke_blu.vtf
  0 -7.389102 34.062500 0.974783 0.542736 0.839864 -0.008145 0.314919 -0.142577 1 1 1.000000
  0 -7.413035 34.063255 0.415274 0.567296 0.823438 -0.011135 0.314919 -0.147303 1 1 1.000000
  0 -7.644825 34.221920 0.373094 0.600822 0.799382 -0.000915 0.312010 -0.147303 1 1 1.000000
nuke_blu.vtf
  0 -7.413035 34.063255 0.415274 0.567296 0.823438 -0.011135 0.314919 -0.147303 1 1 1.000000
  0 -7.639281 34.222660 -0.409939 0.610206 0.792237 0.003029 0.312060 -0.153980 1 1 1.000000
  0 -7.644825 34.221920 0.373094 0.600822 0.799382 -0.000915 0.312010 -0.147303 1 1 1.000000
nuke_blu.vtf
  0 -7.413035 34.063255 0.415274 0.567296 0.823438 -0.011135 0.314919 -0.147303 1 1 1.000000
  0 -7.412782 34.063229 -0.373662 0.570665 0.821170 0.004651 0.314919 -0.153980 1 1 1.000000
  0 -7.639281 34.222660 -0.409939 0.610206 0.792237 0.003029 0.312060 -0.153980 1 1 1.000000
nuke_blu.vtf
  0 -7.637517 34.222694 -0.842026 0.555765 0.831179 0.016324 0.312082 -0.157664 1 1 1.000000
  0 -7.639281 34.222660 -0.409939 0.610206 0.792237 0.003029 0.312060 -0.153980 1 1 1.000000
  0 -7.412782 34.063229 -0.373662 0.570665 0.821170 0.004651 0.314919 -0.153980 1 1 1.000000
nuke_blu.vtf
  0 -7.637517 34.222694 -0.842026 0.555765 0.831179 0.016324 0.312082 -0.157664 1 1 1.000000
  0 -7.412782 34.063229 -0.373662 0.570665 0.821170 0.004651 0.314919 -0.153980 1 1 1.000000
  0 -7.389033 34.062534 -0.946173 0.548052 0.836163 0.021722 0.314919 -0.158946 1 1 1.000000
nuke_blu.vtf
  0 -14.512162 21.851053 -1.635151 -0.874376 0.476840 0.089949 0.576838 -0.296459 1 1 1.000000
  0 -7.639281 34.222660 -0.409939 -0.874222 0.485525 0.001388 0.475831 -0.293483 1 1 1.000000
  0 -7.637517 34.222694 -0.842026 -0.874010 0.485894 -0.003529 0.475977 -0.296556 1 1 1.000000
nuke_blu.vtf
  0 -14.512162 21.851053 -1.635151 -0.874376 0.476840 0.089949 0.576838 -0.296459 1 1 1.000000
  0 -14.414391 21.810404 -0.493757 -0.874302 0.476609 0.091866 0.576451 -0.288307 1 1 1.000000
  0 -7.639281 34.222660 -0.409939 -0.874222 0.485525 0.001388 0.475831 -0.293483 1 1 1.000000
nuke_blu.vtf
  0 -7.646636 34.221870 0.814059 -0.877573 0.479392 -0.007014 0.430349 -0.154331 1 1 1.000000
  0 -14.421338 21.814028 0.395750 -0.874724 0.479880 -0.067623 0.329804 -0.161281 1 1 1.000000
  0 -14.509154 21.829115 1.615653 -0.874629 0.479872 -0.068897 0.329536 -0.153239 1 1 1.000000
nuke_blu.vtf
  0 -7.646636 34.221870 0.814059 -0.877573 0.479392 -0.007014 0.430349 -0.154331 1 1 1.000000
  0 -7.644825 34.221920 0.373094 -0.877638 0.479311 -0.003552 0.430452 -0.157432 1 1 1.000000
  0 -14.421338 21.814028 0.395750 -0.874724 0.479880 -0.067623 0.329804 -0.161281 1 1 1.000000
nuke_blu.vtf
  0 -14.160287 21.511423 1.862386 -0.703237 -0.710632 -0.021451 0.696930 -0.939687 1 1 1.000000
  0 -14.421338 21.814028 0.395750 -0.843506 -0.536994 0.011614 0.701116 -0.951177 1 1 1.000000
  0 -14.242307 21.513071 0.013328 -0.851695 -0.524037 -0.000974 0.696930 -0.954973 1 1 1.000000
nuke_blu.vtf
  0 -14.160287 21.511423 1.862386 -0.703237 -0.710632 -0.021451 0.696930 -0.939687 1 1 1.000000
  0 -14.509154 21.829115 1.615653 -0.657961 -0.752089 -0.038063 0.701116 -0.941699 1 1 1.000000
  0 -14.421338 21.814028 0.395750 -0.843506 -0.536994 0.011614 0.701116 -0.951177 1 1 1.000000
nuke_blu.vtf
  0 -17.781061 27.804115 -0.455471 -0.871948 -0.489584 -0.003696 0.759070 -0.958550 1 1 1.000000
  0 -14.421338 21.814028 0.395750 -0.843506 -0.536994 0.011614 0.701116 -0.951177 1 1 1.000000
  0 -17.784306 27.804098 0.333532 -0.871955 -0.489573 -0.003596 0.759070 -0.951177 1 1 1.000000
nuke_blu.vtf
  0 -17.781061 27.804115 -0.455471 -0.871948 -0.489584 -0.003696 0.759070 -0.958550 1 1 1.000000
  0 -14.414391 21.810404 -0.493757 -0.842169 -0.538945 -0.017023 0.701116 -0.958550 1 1 1.000000
  0 -14.421338 21.814028 0.395750 -0.843506 -0.536994 0.011614 0.701116 -0.951177 1 1 1.000000
nuke_blu.vtf
  0 -14.414391 21.810404 -0.493757 -0.842169 -0.538945 -0.017023 0.701116 -0.958550 1 1 1.000000
  0 -14.242307 21.513071 0.013328 -0.851695 -0.524037 -0.000974 0.696930 -0.954973 1 1 1.000000
  0 -14.421338 21.814028 0.395750 -0.843506 -0.536994 0.011614 0.701116 -0.951177 1 1 1.000000
nuke_blu.vtf
  0 -14.160244 21.511389 -1.830348 -0.722079 -0.691592 0.017419 0.696930 -0.970289 1 1 1.000000
  0 -14.242307 21.513071 0.013328 -0.851695 -0.524037 -0.000974 0.696930 -0.954973 1 1 1.000000
  0 -14.414391 21.810404 -0.493757 -0.842169 -0.538945 -0.017023 0.701116 -0.958550 1 1 1.000000
nuke_blu.vtf
  0 -14.160244 21.511389 -1.830348 -0.722079 -0.691592 0.017419 0.696930 -0.970289 1 1 1.000000
  0 -14.414391 21.810404 -0.493757 -0.842169 -0.538945 -0.017023 0.701116 -0.958550 1 1 1.000000
  0 -14.512162 21.851053 -1.635151 -0.684644 -0.728143 0.032714 0.701116 -0.968051 1 1 1.000000
nuke_blu.vtf
  0 -17.636135 41.039314 0.335249 0.143265 0.989684 0.000610 0.200085 -0.147303 1 1 1.000000
  0 -14.536504 40.591095 -0.441068 0.143259 0.989685 0.000586 0.227788 -0.153980 1 1 1.000000
  0 -17.632889 41.039333 -0.453686 0.143266 0.989684 0.000615 0.200085 -0.153980 1 1 1.000000
nuke_blu.vtf
  0 -17.636135 41.039314 0.335249 0.143265 0.989684 0.000610 0.200085 -0.147303 1 1 1.000000
  0 -14.539748 40.591103 0.347863 0.143258 0.989685 0.000581 0.227748 -0.147303 1 1 1.000000
  0 -14.536504 40.591095 -0.441068 0.143259 0.989685 0.000586 0.227788 -0.153980 1 1 1.000000
nuke_blu.vtf
  0 -1.942309 21.518993 -14.027660 -0.884773 0.266158 -0.382539 0.573790 -0.458428 1 1 1.000000
  0 -0.899415 34.280270 -7.560912 -0.924284 0.229931 -0.304680 0.472338 -0.451813 1 1 1.000000
  0 -1.695029 21.829098 -14.381345 -0.883920 0.266844 -0.384031 0.573107 -0.454743 1 1 1.000000
nuke_blu.vtf
  0 -1.942309 21.518993 -14.027660 -0.884773 0.266158 -0.382539 0.573790 -0.458428 1 1 1.000000
  0 -1.038484 34.067444 -7.296613 -0.925248 0.228913 -0.302515 0.472720 -0.454372 1 1 1.000000
  0 -0.899415 34.280270 -7.560912 -0.924284 0.229931 -0.304680 0.472338 -0.451813 1 1 1.000000
nuke_blu.vtf
  0 -0.467332 34.280579 -7.560915 0.000570 0.758163 0.652065 0.312084 -0.174617 1 1 1.000000
  0 0.312757 40.597683 -14.675972 -0.000388 0.747816 0.663906 0.227780 -0.167940 1 1 1.000000
  0 -0.476177 40.597134 -14.675981 -0.000528 0.747824 0.663897 0.227804 -0.174617 1 1 1.000000
nuke_blu.vtf
  0 -0.467332 34.280579 -7.560915 0.000570 0.758163 0.652065 0.312084 -0.174617 1 1 1.000000
  0 0.315721 34.280388 -7.563242 -0.002122 0.762297 0.647224 0.312049 -0.167940 1 1 1.000000
  0 0.312757 40.597683 -14.675972 -0.000388 0.747816 0.663906 0.227780 -0.167940 1 1 1.000000
nuke_blu.vtf
  0 0.882479 34.068817 -7.296660 -0.007215 0.775749 0.631001 0.314919 -0.163099 1 1 1.000000
  0 0.756687 34.280750 -7.563231 -0.000663 0.782608 0.622515 0.312037 -0.164181 1 1 1.000000
  0 0.315721 34.280388 -7.563242 -0.002122 0.762297 0.647224 0.312049 -0.167940 1 1 1.000000
nuke_blu.vtf
  0 0.882479 34.068817 -7.296660 -0.007215 0.775749 0.631001 0.314919 -0.163099 1 1 1.000000
  0 0.315721 34.280388 -7.563242 -0.002122 0.762297 0.647224 0.312049 -0.167940 1 1 1.000000
  0 0.313373 34.069164 -7.311012 -0.007139 0.766210 0.642551 0.314919 -0.167940 1 1 1.000000
nuke_blu.vtf
  0 0.313373 34.069164 -7.311012 -0.007139 0.766210 0.642551 0.314919 -0.167940 1 1 1.000000
  0 0.315721 34.280388 -7.563242 -0.002122 0.762297 0.647224 0.312049 -0.167940 1 1 1.000000
  0 -0.467332 34.280579 -7.560915 0.000570 0.758163 0.652065 0.312084 -0.174617 1 1 1.000000
nuke_blu.vtf
  0 0.313373 34.069164 -7.311012 -0.007139 0.766210 0.642551 0.314919 -0.167940 1 1 1.000000
  0 -0.467332 34.280579 -7.560915 0.000570 0.758163 0.652065 0.312084 -0.174617 1 1 1.000000
  0 -0.475558 34.068542 -7.310766 0.002730 0.765503 0.643426 0.314919 -0.174617 1 1 1.000000
nuke_blu.vtf
  0 -0.899415 34.280270 -7.560912 0.009360 0.771021 0.636741 0.312096 -0.178301 1 1 1.000000
  0 -0.475558 34.068542 -7.310766 0.002730 0.765503 0.643426 0.314919 -0.174617 1 1 1.000000
  0 -0.467332 34.280579 -7.560915 0.000570 0.758163 0.652065 0.312084 -0.174617 1 1 1.000000
nuke_blu.vtf
  0 -0.899415 34.280270 -7.560912 0.009360 0.771021 0.636741 0.312096 -0.178301 1 1 1.000000
  0 -1.038484 34.067444 -7.296613 0.014369 0.775085 0.631694 0.314919 -0.179479 1 1 1.000000
  0 -0.475558 34.068542 -7.310766 0.002730 0.765503 0.643426 0.314919 -0.174617 1 1 1.000000
nuke_blu.vtf
  0 -14.242307 21.513071 0.013328 -0.406554 0.236503 0.882485 0.487396 -0.888707 1 1 1.000000
  0 -15.311216 21.062941 -0.330454 -0.380034 0.215443 0.899532 0.479598 -0.888205 1 1 1.000000
  0 -17.522539 17.113424 -0.318759 -0.557867 0.285482 0.779285 0.453163 -0.906769 1 1 1.000000
nuke_blu.vtf
  0 -14.242307 21.513071 0.013328 -0.406554 0.236503 0.882485 0.487396 -0.888707 1 1 1.000000
  0 -17.522539 17.113424 -0.318759 -0.557867 0.285482 0.779285 0.453163 -0.906769 1 1 1.000000
  0 -17.015882 17.232849 0.007268 -0.564563 0.331158 0.756044 0.456649 -0.909217 1 1 1.000000
nuke_blu.vtf
  0 -17.522539 17.113424 -0.318759 -0.557867 0.285482 0.779285 0.453163 -0.906769 1 1 1.000000
  0 -19.199848 12.459288 0.006541 -0.581830 0.246471 0.775065 0.424053 -0.930537 1 1 1.000000
  0 -17.015882 17.232849 0.007268 -0.564563 0.331158 0.756044 0.456649 -0.909217 1 1 1.000000
nuke_blu.vtf
  0 -17.522539 17.113424 -0.318759 -0.557867 0.285482 0.779285 0.453163 -0.906769 1 1 1.000000
  0 -19.678125 12.324954 -0.310319 -0.582010 0.228642 0.780377 0.420760 -0.927712 1 1 1.000000
  0 -19.199848 12.459288 0.006541 -0.581830 0.246471 0.775065 0.424053 -0.930537 1 1 1.000000
nuke_blu.vtf
  0 -19.678125 12.324954 -0.310319 -0.582010 0.228642 0.780377 0.420760 -0.927712 1 1 1.000000
  0 -21.246029 6.845084 0.005684 -0.596124 0.185348 0.781205 0.385861 -0.953215 1 1 1.000000
  0 -19.199848 12.459288 0.006541 -0.581830 0.246471 0.775065 0.424053 -0.930537 1 1 1.000000
nuke_blu.vtf
  0 -19.678125 12.324954 -0.310319 -0.582010 0.228642 0.780377 0.420760 -0.927712 1 1 1.000000
  0 -21.696486 6.696801 -0.303329 -0.593920 0.157984 0.788860 0.382988 -0.950068 1 1 1.000000
  0 -21.246029 6.845084 0.005684 -0.596124 0.185348 0.781205 0.385861 -0.953215 1 1 1.000000
nuke_blu.vtf
  0 -21.696486 6.696801 -0.303329 -0.593920 0.157984 0.788860 0.382988 -0.950068 1 1 1.000000
  0 -22.499910 1.071025 0.004818 -0.604787 0.117692 0.787643 0.347100 -0.974270 1 1 1.000000
  0 -21.246029 6.845084 0.005684 -0.596124 0.185348 0.781205 0.385861 -0.953215 1 1 1.000000
nuke_blu.vtf
  0 -21.696486 6.696801 -0.303329 -0.593920 0.157984 0.788860 0.382988 -0.950068 1 1 1.000000
  0 -22.921997 0.914196 -0.296257 -0.603752 0.108883 0.789701 0.344655 -0.970812 1 1 1.000000
  0 -22.499910 1.071025 0.004818 -0.604787 0.117692 0.787643 0.347100 -0.974270 1 1 1.000000
nuke_blu.vtf
  0 -22.921997 0.914196 -0.296257 -0.603752 0.108883 0.789701 0.344655 -0.970812 1 1 1.000000
  0 -23.218330 -3.398443 0.004174 -0.601527 0.096575 0.792993 0.316458 -0.988150 1 1 1.000000
  0 -22.499910 1.071025 0.004818 -0.604787 0.117692 0.787643 0.347100 -0.974270 1 1 1.000000
nuke_blu.vtf
  0 -22.921997 0.914196 -0.296257 -0.913420 0.090409 0.396850 0.344655 -0.970812 1 1 1.000000
  0 -23.328508 -3.185194 -0.298001 -0.913420 0.090409 0.396850 0.317311 -0.984709 1 1 1.000000
  0 -23.218330 -3.398443 0.004174 -0.913420 0.090409 0.396850 0.316458 -0.988150 1 1 1.000000
nuke_blu.vtf
  0 -1.695029 21.829098 -14.381345 0.000032 0.480408 -0.877045 0.573107 -0.454743 1 1 1.000000
  0 -0.467332 34.280579 -7.560915 -0.000329 0.480435 -0.877030 0.472279 -0.448762 1 1 1.000000
  0 -0.548704 21.829098 -14.381293 0.000039 0.480407 -0.877046 0.572956 -0.446649 1 1 1.000000
nuke_blu.vtf
  0 -1.695029 21.829098 -14.381345 0.000032 0.480408 -0.877045 0.573107 -0.454743 1 1 1.000000
  0 -0.899415 34.280270 -7.560912 -0.000349 0.480437 -0.877029 0.472338 -0.451813 1 1 1.000000
  0 -0.467332 34.280579 -7.560915 -0.000329 0.480435 -0.877030 0.472279 -0.448762 1 1 1.000000
nuke_blu.vtf
  0 14.312819 21.829184 -1.567237 0.877703 0.479206 0.000050 0.448280 -0.296459 1 1 1.000000
  0 7.511450 34.286289 -0.365099 0.877702 0.479207 0.000040 0.347274 -0.293483 1 1 1.000000
  0 14.312744 21.829201 -0.420892 0.877703 0.479206 0.000051 0.447894 -0.288307 1 1 1.000000
nuke_blu.vtf
  0 14.312819 21.829184 -1.567237 0.877703 0.479206 0.000050 0.448280 -0.296459 1 1 1.000000
  0 7.511465 34.286297 -0.797188 0.877702 0.479207 0.000039 0.347419 -0.296556 1 1 1.000000
  0 7.511450 34.286289 -0.365099 0.877702 0.479207 0.000040 0.347274 -0.293483 1 1 1.000000
nuke_blu.vtf
  0 7.513776 34.285454 0.858921 0.877599 0.479395 0.000035 0.558907 -0.154331 1 1 1.000000
  0 14.316150 21.832788 0.468636 0.877599 0.479396 -0.000022 0.458361 -0.161281 1 1 1.000000
  0 7.513776 34.285488 0.417956 0.877599 0.479395 0.000038 0.559010 -0.157432 1 1 1.000000
nuke_blu.vtf
  0 7.513776 34.285454 0.858921 0.877599 0.479395 0.000035 0.558907 -0.154331 1 1 1.000000
  0 14.316190 21.832771 1.612175 0.877599 0.479396 -0.000023 0.458094 -0.153239 1 1 1.000000
  0 14.316150 21.832788 0.468636 0.877599 0.479396 -0.000022 0.458361 -0.161281 1 1 1.000000
nuke_blu.vtf
  0 7.241450 34.072914 0.970649 -0.627038 0.778932 -0.009367 0.193081 -0.148890 1 1 1.000000
  0 7.513776 34.285488 0.417956 -0.646820 0.762637 -0.002914 0.196202 -0.143716 1 1 1.000000
  0 7.261741 34.074104 0.415388 -0.643090 0.765726 -0.009933 0.193081 -0.143716 1 1 1.000000
nuke_blu.vtf
  0 7.241450 34.072914 0.970649 -0.627038 0.778932 -0.009367 0.193081 -0.148890 1 1 1.000000
  0 7.513776 34.285454 0.858921 -0.615245 0.788336 0.000061 0.196224 -0.147924 1 1 1.000000
  0 7.513776 34.285488 0.417956 -0.646820 0.762637 -0.002914 0.196202 -0.143716 1 1 1.000000
nuke_blu.vtf
  0 7.511465 34.286297 -0.797188 -0.633579 0.773559 0.013596 0.196130 -0.133804 1 1 1.000000
  0 7.241420 34.072990 -0.948986 -0.626735 0.778967 0.020343 0.193081 -0.132521 1 1 1.000000
  0 7.261494 34.074112 -0.373546 -0.642782 0.766036 0.004507 0.193081 -0.136989 1 1 1.000000
nuke_blu.vtf
  0 7.511465 34.286297 -0.797188 -0.633579 0.773559 0.013596 0.196130 -0.133804 1 1 1.000000
  0 7.261494 34.074112 -0.373546 -0.642782 0.766036 0.004507 0.193081 -0.136989 1 1 1.000000
  0 7.511450 34.286289 -0.365099 -0.652625 0.757680 0.001142 0.196152 -0.136989 1 1 1.000000
nuke_blu.vtf
  0 7.261741 34.074104 0.415388 -0.643090 0.765726 -0.009933 0.193081 -0.143716 1 1 1.000000
  0 7.511450 34.286289 -0.365099 -0.652625 0.757680 0.001142 0.196152 -0.136989 1 1 1.000000
  0 7.261494 34.074112 -0.373546 -0.642782 0.766036 0.004507 0.193081 -0.136989 1 1 1.000000
nuke_blu.vtf
  0 7.261741 34.074104 0.415388 -0.643090 0.765726 -0.009933 0.193081 -0.143716 1 1 1.000000
  0 7.513776 34.285488 0.417956 -0.646820 0.762637 -0.002914 0.196202 -0.143716 1 1 1.000000
  0 7.511450 34.286289 -0.365099 -0.652625 0.757680 0.001142 0.196152 -0.136989 1 1 1.000000
nuke_blu.vtf
  0 7.511450 34.286289 -0.365099 -0.652625 0.757680 0.001142 0.196152 -0.136989 1 1 1.000000
  0 7.513776 34.285488 0.417956 -0.646820 0.762637 -0.002914 0.196202 -0.143716 1 1 1.000000
  0 14.621214 40.607780 0.421618 -0.664474 0.747311 0.000170 0.280464 -0.143716 1 1 1.000000
nuke_blu.vtf
  0 7.511450 34.286289 -0.365099 -0.652625 0.757680 0.001142 0.196152 -0.136989 1 1 1.000000
  0 14.621214 40.607780 0.421618 -0.664474 0.747311 0.000170 0.280464 -0.143716 1 1 1.000000
  0 14.621216 40.607811 -0.367322 -0.664465 0.747319 0.000028 0.280424 -0.136989 1 1 1.000000
nuke_blu.vtf
  0 13.963181 21.516298 1.857195 0.688578 -0.725096 0.009766 0.759070 -0.947569 1 1 1.000000
  0 14.316150 21.832788 0.468636 0.785767 -0.618340 0.014987 0.754925 -0.936080 1 1 1.000000
  0 14.316190 21.832771 1.612175 0.667511 -0.744600 -0.000034 0.754925 -0.945558 1 1 1.000000
nuke_blu.vtf
  0 13.963181 21.516298 1.857195 0.688578 -0.725096 0.009766 0.759070 -0.947569 1 1 1.000000
  0 14.047225 21.513105 0.013555 0.753630 -0.657299 -0.000354 0.759070 -0.932283 1 1 1.000000
  0 14.316150 21.832788 0.468636 0.785767 -0.618340 0.014987 0.754925 -0.936080 1 1 1.000000
nuke_blu.vtf
  0 13.963215 21.516264 -1.832828 0.688753 -0.724929 -0.009832 0.759070 -0.916967 1 1 1.000000
  0 14.312819 21.829184 -1.567237 0.666908 -0.745140 0.000055 0.754925 -0.919205 1 1 1.000000
  0 14.312744 21.829201 -0.420892 0.786204 -0.617763 -0.015859 0.754925 -0.929539 1 1 1.000000
nuke_blu.vtf
  0 13.963215 21.516264 -1.832828 0.688753 -0.724929 -0.009832 0.759070 -0.916967 1 1 1.000000
  0 14.312744 21.829201 -0.420892 0.786204 -0.617763 -0.015859 0.754925 -0.929539 1 1 1.000000
  0 14.047225 21.513105 0.013555 0.753630 -0.657299 -0.000354 0.759070 -0.932283 1 1 1.000000
nuke_blu.vtf
  0 14.312744 21.829201 -0.420892 0.786204 -0.617763 -0.015859 0.754925 -0.929539 1 1 1.000000
  0 14.316150 21.832788 0.468636 0.785767 -0.618340 0.014987 0.754925 -0.936080 1 1 1.000000
  0 14.047225 21.513105 0.013555 0.753630 -0.657299 -0.000354 0.759070 -0.932283 1 1 1.000000
nuke_blu.vtf
  0 17.738667 27.789249 -0.368702 0.867055 -0.498212 -0.000081 0.696930 -0.929539 1 1 1.000000
  0 14.316150 21.832788 0.468636 0.785767 -0.618340 0.014987 0.754925 -0.936080 1 1 1.000000
  0 14.312744 21.829201 -0.420892 0.786204 -0.617763 -0.015859 0.754925 -0.929539 1 1 1.000000
nuke_blu.vtf
  0 17.738667 27.789249 -0.368702 0.867055 -0.498212 -0.000081 0.696930 -0.929539 1 1 1.000000
  0 17.738649 27.789267 0.420308 0.867062 -0.498200 0.000028 0.696930 -0.936080 1 1 1.000000
  0 14.316150 21.832788 0.468636 0.785767 -0.618340 0.014987 0.754925 -0.936080 1 1 1.000000
nuke_blu.vtf
  0 17.721912 41.025227 0.421686 -0.133408 0.991061 -0.000033 0.308088 -0.143716 1 1 1.000000
  0 14.621216 40.607811 -0.367322 -0.133423 0.991059 0.000025 0.280424 -0.136989 1 1 1.000000
  0 14.621214 40.607780 0.421618 -0.133426 0.991059 0.000039 0.280464 -0.143716 1 1 1.000000
nuke_blu.vtf
  0 17.721912 41.025227 0.421686 -0.133408 0.991061 -0.000033 0.308088 -0.143716 1 1 1.000000
  0 17.721930 41.025192 -0.367255 -0.133405 0.991062 -0.000046 0.308088 -0.136989 1 1 1.000000
  0 14.621216 40.607811 -0.367322 -0.133423 0.991059 0.000025 0.280424 -0.136989 1 1 1.000000
nuke_blu.vtf
  0 -1.943727 21.517225 14.063913 -0.891759 0.260104 0.370286 0.454883 -0.310559 1 1 1.000000
  0 -0.899527 34.279827 7.613664 -0.925928 0.227960 0.301152 0.556462 -0.314354 1 1 1.000000
  0 -1.042319 34.067623 7.332388 -0.926785 0.227043 0.299200 0.556066 -0.311715 1 1 1.000000
nuke_blu.vtf
  0 -1.943727 21.517225 14.063913 -0.891759 0.260104 0.370286 0.454883 -0.310559 1 1 1.000000
  0 -1.695229 21.829304 14.440738 -0.891009 0.260731 0.371647 0.455608 -0.314341 1 1 1.000000
  0 -0.899527 34.279827 7.613664 -0.925928 0.227960 0.301152 0.556462 -0.314354 1 1 1.000000
nuke_blu.vtf
  0 -0.467445 34.280136 7.613681 0.000582 0.758274 -0.651936 0.196289 -0.163983 1 1 1.000000
  0 0.312540 40.596836 14.730075 -0.000374 0.747898 -0.663813 0.280561 -0.157256 1 1 1.000000
  0 0.315611 34.279945 7.616011 -0.006375 0.764839 -0.644189 0.196284 -0.157256 1 1 1.000000
nuke_blu.vtf
  0 -0.467445 34.280136 7.613681 0.000582 0.758274 -0.651936 0.196289 -0.163983 1 1 1.000000
  0 -0.476394 40.596279 14.730059 -0.000514 0.747906 -0.663805 0.280577 -0.163983 1 1 1.000000
  0 0.312540 40.596836 14.730075 -0.000374 0.747898 -0.663813 0.280561 -0.157256 1 1 1.000000
nuke_blu.vtf
  0 -0.899527 34.279827 7.613664 0.021652 0.781008 -0.624146 0.196298 -0.167884 1 1 1.000000
  0 -0.475665 34.068146 7.363484 0.006907 0.769063 -0.639135 0.193081 -0.163983 1 1 1.000000
  0 -1.042319 34.067623 7.332388 0.032886 0.789768 -0.612524 0.193081 -0.169112 1 1 1.000000
nuke_blu.vtf
  0 -0.899527 34.279827 7.613664 0.021652 0.781008 -0.624146 0.196298 -0.167884 1 1 1.000000
  0 -0.467445 34.280136 7.613681 0.000582 0.758274 -0.651936 0.196289 -0.163983 1 1 1.000000
  0 -0.475665 34.068146 7.363484 0.006907 0.769063 -0.639135 0.193081 -0.163983 1 1 1.000000
nuke_blu.vtf
  0 0.313269 34.068764 7.363746 -0.017227 0.766272 -0.642285 0.193081 -0.157256 1 1 1.000000
  0 -0.475665 34.068146 7.363484 0.006907 0.769063 -0.639135 0.193081 -0.163983 1 1 1.000000
  0 -0.467445 34.280136 7.613681 0.000582 0.758274 -0.651936 0.196289 -0.163983 1 1 1.000000
nuke_blu.vtf
  0 0.313269 34.068764 7.363746 -0.017227 0.766272 -0.642285 0.193081 -0.157256 1 1 1.000000
  0 -0.467445 34.280136 7.613681 0.000582 0.758274 -0.651936 0.196289 -0.163983 1 1 1.000000
  0 0.315611 34.279945 7.616011 -0.006375 0.764839 -0.644189 0.196284 -0.157256 1 1 1.000000
nuke_blu.vtf
  0 0.881301 34.069031 7.332525 -0.015818 0.786831 -0.616966 0.193081 -0.152707 1 1 1.000000
  0 0.313269 34.068764 7.363746 -0.017227 0.766272 -0.642285 0.193081 -0.157256 1 1 1.000000
  0 0.315611 34.279945 7.616011 -0.006375 0.764839 -0.644189 0.196284 -0.157256 1 1 1.000000
nuke_blu.vtf
  0 0.881301 34.069031 7.332525 -0.015818 0.786831 -0.616966 0.193081 -0.152707 1 1 1.000000
  0 0.315611 34.279945 7.616011 -0.006375 0.764839 -0.644189 0.196284 -0.157256 1 1 1.000000
  0 0.756573 34.280304 7.616015 -0.000650 0.801683 -0.597749 0.196273 -0.153764 1 1 1.000000
nuke_blu.vtf
  0 -0.464372 27.775276 17.834085 0.000256 -0.495486 0.868616 0.696930 -0.980937 1 1 1.000000
  0 0.340620 21.832891 14.444124 -0.000460 -0.629008 0.777399 0.754925 -0.973572 1 1 1.000000
  0 0.324636 27.775911 17.834085 0.000399 -0.495471 0.868624 0.696930 -0.973572 1 1 1.000000
nuke_blu.vtf
  0 -0.464372 27.775276 17.834085 0.000256 -0.495486 0.868616 0.696930 -0.980937 1 1 1.000000
  0 -0.548904 21.829321 14.440700 -0.011354 -0.636336 0.771329 0.754925 -0.980937 1 1 1.000000
  0 0.340620 21.832891 14.444124 -0.000460 -0.629008 0.777399 0.754925 -0.973572 1 1 1.000000
nuke_blu.vtf
  0 -1.943727 21.517225 14.063913 -0.011268 -0.749182 0.662268 0.759070 -0.992521 1 1 1.000000
  0 -0.548904 21.829321 14.440700 -0.011354 -0.636336 0.771329 0.754925 -0.980937 1 1 1.000000
  0 -1.695229 21.829304 14.440738 0.000033 -0.770180 0.637827 0.754925 -0.990428 1 1 1.000000
nuke_blu.vtf
  0 -1.943727 21.517225 14.063913 -0.011268 -0.749182 0.662268 0.759070 -0.992521 1 1 1.000000
  0 -0.548639 21.524744 14.150414 -0.020888 -0.689754 0.723742 0.759070 -0.980957 1 1 1.000000
  0 -0.548904 21.829321 14.440700 -0.011354 -0.636336 0.771329 0.754925 -0.980937 1 1 1.000000
nuke_blu.vtf
  0 0.340620 21.832891 14.444124 -0.000460 -0.629008 0.777399 0.754925 -0.973572 1 1 1.000000
  0 -0.548904 21.829321 14.440700 -0.011354 -0.636336 0.771329 0.754925 -0.980937 1 1 1.000000
  0 -0.548639 21.524744 14.150414 -0.020888 -0.689754 0.723742 0.759070 -0.980957 1 1 1.000000
nuke_blu.vtf
  0 0.340620 21.832891 14.444124 -0.000460 -0.629008 0.777399 0.754925 -0.973572 1 1 1.000000
  0 -0.548639 21.524744 14.150414 -0.020888 -0.689754 0.723742 0.759070 -0.980957 1 1 1.000000
  0 0.340852 21.524761 14.150599 0.004536 -0.698672 0.715428 0.759070 -0.973593 1 1 1.000000
nuke_blu.vtf
  0 1.484143 21.832891 14.444184 0.030048 -0.745690 0.665616 0.754925 -0.964104 1 1 1.000000
  0 0.340620 21.832891 14.444124 -0.000460 -0.629008 0.777399 0.754925 -0.973572 1 1 1.000000
  0 0.340852 21.524761 14.150599 0.004536 -0.698672 0.715428 0.759070 -0.973593 1 1 1.000000
nuke_blu.vtf
  0 1.484143 21.832891 14.444184 0.030048 -0.745690 0.665616 0.754925 -0.964104 1 1 1.000000
  0 0.340852 21.524761 14.150599 0.004536 -0.698672 0.715428 0.759070 -0.973593 1 1 1.000000
  0 1.737647 21.517225 14.064042 0.036361 -0.756774 0.652665 0.759070 -0.962022 1 1 1.000000
nuke_blu.vtf
  0 5.025787 -28.900806 -8.715963 0.479909 -0.288790 -0.828425 0.168887 -0.343773 1 1 1.000000
  0 2.569084 -29.297052 -9.609440 0.248755 -0.287672 -0.924860 0.189000 -0.336945 1 1 1.000000
  0 2.598312 -28.911400 -9.721494 0.249091 -0.287696 -0.924762 0.187656 -0.333509 1 1 1.000000
nuke_blu.vtf
  0 2.598312 -28.911400 -9.721494 0.249091 -0.287696 -0.924762 0.187656 -0.333509 1 1 1.000000
  0 2.569084 -29.297052 -9.609440 0.248755 -0.287672 -0.924860 0.189000 -0.336945 1 1 1.000000
  0 -0.005923 -29.305397 -9.948503 0.000199 -0.290239 -0.956954 0.208779 -0.332035 1 1 1.000000
nuke_blu.vtf
  0 2.598312 -28.911400 -9.721494 0.249091 -0.287696 -0.924762 0.187656 -0.333509 1 1 1.000000
  0 -0.005923 -29.305397 -9.948503 0.000199 -0.290239 -0.956954 0.208779 -0.332035 1 1 1.000000
  0 -0.006666 -28.922918 -10.064556 -0.000127 -0.290353 -0.956920 0.208360 -0.328393 1 1 1.000000
nuke_blu.vtf
  0 -0.005923 -29.305397 -9.948503 0.000199 -0.290239 -0.956954 0.208779 -0.332035 1 1 1.000000
  0 -2.611482 -28.911469 -9.721588 -0.248896 -0.290271 -0.924010 0.229684 -0.328618 1 1 1.000000
  0 -0.006666 -28.922918 -10.064556 -0.000127 -0.290353 -0.956920 0.208360 -0.328393 1 1 1.000000
nuke_blu.vtf
  0 -0.005923 -29.305397 -9.948503 0.000199 -0.290239 -0.956954 0.208779 -0.332035 1 1 1.000000
  0 -2.580753 -29.294306 -9.609473 -0.248056 -0.290552 -0.924147 0.229159 -0.332248 1 1 1.000000
  0 -2.611482 -28.911469 -9.721588 -0.248896 -0.290271 -0.924010 0.229684 -0.328618 1 1 1.000000
nuke_blu.vtf
  0 -4.980266 -29.291801 -8.615649 -0.479576 -0.285414 -0.829786 0.248813 -0.337678 1 1 1.000000
  0 -2.611482 -28.911469 -9.721588 -0.248896 -0.290271 -0.924010 0.229684 -0.328618 1 1 1.000000
  0 -2.580753 -29.294306 -9.609473 -0.248056 -0.290552 -0.924147 0.229159 -0.332248 1 1 1.000000
nuke_blu.vtf
  0 -4.980266 -29.291801 -8.615649 -0.479576 -0.285414 -0.829786 0.248813 -0.337678 1 1 1.000000
  0 -5.038987 -28.900806 -8.716058 -0.480258 -0.284884 -0.829575 0.250268 -0.334250 1 1 1.000000
  0 -2.611482 -28.911469 -9.721588 -0.248896 -0.290271 -0.924010 0.229684 -0.328618 1 1 1.000000
nuke_blu.vtf
  0 -7.040849 -29.290136 -7.034598 -0.678897 -0.281128 -0.678282 0.266459 -0.347958 1 1 1.000000
  0 -5.038987 -28.900806 -8.716058 -0.480258 -0.284884 -0.829575 0.250268 -0.334250 1 1 1.000000
  0 -4.980266 -29.291801 -8.615649 -0.479576 -0.285414 -0.829786 0.248813 -0.337678 1 1 1.000000
nuke_blu.vtf
  0 -7.040849 -29.290136 -7.034598 -0.678897 -0.281128 -0.678282 0.266459 -0.347958 1 1 1.000000
  0 -7.123539 -28.891539 -7.116579 -0.679578 -0.280405 -0.677899 0.268770 -0.344964 1 1 1.000000
  0 -5.038987 -28.900806 -8.716058 -0.480258 -0.284884 -0.829575 0.250268 -0.334250 1 1 1.000000
nuke_blu.vtf
  0 -7.040849 -29.290136 -7.034598 -0.678897 -0.281128 -0.678282 0.266459 -0.347958 1 1 1.000000
  0 -8.723077 -28.884569 -5.032043 -0.829575 -0.290086 -0.477133 0.283986 -0.360137 1 1 1.000000
  0 -7.123539 -28.891539 -7.116579 -0.679578 -0.280405 -0.677899 0.268770 -0.344964 1 1 1.000000
nuke_blu.vtf
  0 -7.040849 -29.290136 -7.034598 -0.678897 -0.281128 -0.678282 0.266459 -0.347958 1 1 1.000000
  0 -8.622013 -29.268093 -4.974138 -0.829391 -0.290012 -0.477496 0.281044 -0.362399 1 1 1.000000
  0 -8.723077 -28.884569 -5.032043 -0.829575 -0.290086 -0.477133 0.283986 -0.360137 1 1 1.000000
nuke_blu.vtf
  0 -9.728653 -28.880072 -2.604559 -0.927316 -0.279560 -0.248860 0.294932 -0.378802 1 1 1.000000
  0 -8.723077 -28.884569 -5.032043 -0.829575 -0.290086 -0.477133 0.283986 -0.360137 1 1 1.000000
  0 -8.622013 -29.268093 -4.974138 -0.829391 -0.290012 -0.477496 0.281044 -0.362399 1 1 1.000000
nuke_blu.vtf
  0 -9.728653 -28.880072 -2.604559 -0.927316 -0.279560 -0.248860 0.294932 -0.378802 1 1 1.000000
  0 -8.622013 -29.268093 -4.974138 -0.829391 -0.290012 -0.477496 0.281044 -0.362399 1 1 1.000000
  0 -9.615870 -29.281725 -2.574638 -0.927487 -0.278855 -0.249014 0.291374 -0.380288 1 1 1.000000
nuke_blu.vtf
  0 -10.071604 -28.878527 0.000483 -0.960723 -0.277508 0.000814 0.300721 -0.399904 1 1 1.000000
  0 -9.728653 -28.880072 -2.604559 -0.927316 -0.279560 -0.248860 0.294932 -0.378802 1 1 1.000000
  0 -9.615870 -29.281725 -2.574638 -0.927487 -0.278855 -0.249014 0.291374 -0.380288 1 1 1.000000
nuke_blu.vtf
  0 -10.071604 -28.878527 0.000483 -0.960723 -0.277508 0.000814 0.300721 -0.399904 1 1 1.000000
  0 -9.615870 -29.281725 -2.574638 -0.927487 -0.278855 -0.249014 0.291374 -0.380288 1 1 1.000000
  0 -9.954926 -29.283751 0.000425 -0.960958 -0.276694 0.000637 0.296817 -0.400422 1 1 1.000000
nuke_blu.vtf
  0 -10.071604 -28.878527 0.000483 -0.960723 -0.277508 0.000814 0.300721 -0.399904 1 1 1.000000
  0 -9.954926 -29.283751 0.000425 -0.960958 -0.276694 0.000637 0.296817 -0.400422 1 1 1.000000
  0 -9.616075 -29.263718 2.575486 -0.924721 -0.289908 0.246668 0.296663 -0.421522 1 1 1.000000
nuke_blu.vtf
  0 -10.071604 -28.878527 0.000483 -0.960723 -0.277508 0.000814 0.300721 -0.399904 1 1 1.000000
  0 -9.616075 -29.263718 2.575486 -0.924721 -0.289908 0.246668 0.296663 -0.421522 1 1 1.000000
  0 -9.728659 -28.880054 2.605525 -0.924701 -0.290075 0.246546 0.300420 -0.422109 1 1 1.000000
nuke_blu.vtf
  0 -9.728659 -28.880054 2.605525 -0.924701 -0.290075 0.246546 0.300420 -0.422109 1 1 1.000000
  0 -9.616075 -29.263718 2.575486 -0.924721 -0.289908 0.246668 0.296663 -0.421522 1 1 1.000000
  0 -8.622047 -29.283869 4.974936 -0.831311 -0.280763 0.479682 0.290612 -0.441516 1 1 1.000000
nuke_blu.vtf
  0 -9.728659 -28.880054 2.605525 -0.924701 -0.290075 0.246546 0.300420 -0.422109 1 1 1.000000
  0 -8.622047 -29.283869 4.974936 -0.831311 -0.280763 0.479682 0.290612 -0.441516 1 1 1.000000
  0 -8.723135 -28.884516 5.033026 -0.831734 -0.280247 0.479249 0.294118 -0.443090 1 1 1.000000
nuke_blu.vtf
  0 -8.622047 -29.283869 4.974936 -0.831311 -0.280763 0.479682 0.290612 -0.441516 1 1 1.000000
  0 -7.123647 -28.891470 7.117600 -0.679525 -0.280544 0.677894 0.282739 -0.461476 1 1 1.000000
  0 -8.723135 -28.884516 5.033026 -0.831734 -0.280247 0.479249 0.294118 -0.443090 1 1 1.000000
nuke_blu.vtf
  0 -8.622047 -29.283869 4.974936 -0.831311 -0.280763 0.479682 0.290612 -0.441516 1 1 1.000000
  0 -7.040940 -29.290100 7.035519 -0.679082 -0.281062 0.678124 0.279781 -0.459088 1 1 1.000000
  0 -7.123647 -28.891470 7.117600 -0.679525 -0.280544 0.677894 0.282739 -0.461476 1 1 1.000000
nuke_blu.vtf
  0 -7.040940 -29.290100 7.035519 -0.679082 -0.281062 0.678124 0.279781 -0.459088 1 1 1.000000
  0 -5.039106 -28.900620 8.717126 -0.479269 -0.290032 0.828361 0.267119 -0.476230 1 1 1.000000
  0 -7.123647 -28.891470 7.117600 -0.679525 -0.280544 0.677894 0.282739 -0.461476 1 1 1.000000
nuke_blu.vtf
  0 -7.040940 -29.290100 7.035519 -0.679082 -0.281062 0.678124 0.279781 -0.459088 1 1 1.000000
  0 -4.980412 -29.283733 8.616635 -0.478560 -0.290647 0.828556 0.264936 -0.473257 1 1 1.000000
  0 -5.039106 -28.900620 8.717126 -0.479269 -0.290032 0.828361 0.267119 -0.476230 1 1 1.000000
nuke_blu.vtf
  0 -2.580995 -29.296917 9.610523 -0.248566 -0.288866 0.924538 0.246993 -0.483061 1 1 1.000000
  0 -5.039106 -28.900620 8.717126 -0.479269 -0.290032 0.828361 0.267119 -0.476230 1 1 1.000000
  0 -4.980412 -29.283733 8.616635 -0.478560 -0.290647 0.828556 0.264936 -0.473257 1 1 1.000000
nuke_blu.vtf
  0 -2.580995 -29.296917 9.610523 -0.248566 -0.288866 0.924538 0.246993 -0.483061 1 1 1.000000
  0 -2.611617 -28.911331 9.722675 -0.249415 -0.288672 0.924370 0.248347 -0.486495 1 1 1.000000
  0 -5.039106 -28.900620 8.717126 -0.479269 -0.290032 0.828361 0.267119 -0.476230 1 1 1.000000
nuke_blu.vtf
  0 -2.580995 -29.296917 9.610523 -0.248566 -0.288866 0.924538 0.246993 -0.483061 1 1 1.000000
  0 -0.006692 -28.922764 10.065727 0.000030 -0.290619 0.956839 0.227642 -0.491607 1 1 1.000000
  0 -2.611617 -28.911331 9.722675 -0.249415 -0.288672 0.924370 0.248347 -0.486495 1 1 1.000000
nuke_blu.vtf
  0 -2.580995 -29.296917 9.610523 -0.248566 -0.288866 0.924538 0.246993 -0.483061 1 1 1.000000
  0 -0.006000 -29.305292 9.949492 0.000288 -0.290714 0.956810 0.227213 -0.487967 1 1 1.000000
  0 -0.006692 -28.922764 10.065727 0.000030 -0.290619 0.956839 0.227642 -0.491607 1 1 1.000000
nuke_blu.vtf
  0 -0.006000 -29.305292 9.949492 0.000288 -0.290714 0.956810 0.227213 -0.487967 1 1 1.000000
  0 2.598183 -28.911366 9.722675 0.248694 -0.289513 0.924302 0.206319 -0.491381 1 1 1.000000
  0 -0.006692 -28.922764 10.065727 0.000030 -0.290619 0.956839 0.227642 -0.491607 1 1 1.000000
nuke_blu.vtf
  0 -0.006000 -29.305292 9.949492 0.000288 -0.290714 0.956810 0.227213 -0.487967 1 1 1.000000
  0 2.568840 -29.294170 9.610549 0.248367 -0.289775 0.924307 0.206834 -0.487750 1 1 1.000000
  0 2.598183 -28.911366 9.722675 0.248694 -0.289513 0.924302 0.206319 -0.491381 1 1 1.000000
nuke_blu.vtf
  0 4.968358 -29.291733 8.616704 0.480016 -0.283938 0.830039 0.187183 -0.482315 1 1 1.000000
  0 2.598183 -28.911366 9.722675 0.248694 -0.289513 0.924302 0.206319 -0.491381 1 1 1.000000
  0 2.568840 -29.294170 9.610549 0.248367 -0.289775 0.924307 0.206834 -0.487750 1 1 1.000000
nuke_blu.vtf
  0 4.968358 -29.291733 8.616704 0.480016 -0.283938 0.830039 0.187183 -0.482315 1 1 1.000000
  0 5.025663 -28.900637 8.717212 0.480262 -0.283417 0.830074 0.185736 -0.485745 1 1 1.000000
  0 2.598183 -28.911366 9.722675 0.248694 -0.289513 0.924302 0.206319 -0.491381 1 1 1.000000
nuke_blu.vtf
  0 7.028942 -29.290049 7.035623 0.679473 -0.279075 0.678553 0.169544 -0.472034 1 1 1.000000
  0 5.025663 -28.900637 8.717212 0.480262 -0.283417 0.830074 0.185736 -0.485745 1 1 1.000000
  0 4.968358 -29.291733 8.616704 0.480016 -0.283938 0.830039 0.187183 -0.482315 1 1 1.000000
nuke_blu.vtf
  0 7.028942 -29.290049 7.035623 0.679473 -0.279075 0.678553 0.169544 -0.472034 1 1 1.000000
  0 7.110198 -28.891521 7.117706 0.679856 -0.278357 0.678464 0.167242 -0.475031 1 1 1.000000
  0 5.025663 -28.900637 8.717212 0.480262 -0.283417 0.830074 0.185736 -0.485745 1 1 1.000000
nuke_blu.vtf
  0 8.709715 -28.884464 5.033169 0.830186 -0.287468 0.477655 0.152029 -0.459866 1 1 1.000000
  0 7.110198 -28.891521 7.117706 0.679856 -0.278357 0.678464 0.167242 -0.475031 1 1 1.000000
  0 7.028942 -29.290049 7.035623 0.679473 -0.279075 0.678553 0.169544 -0.472034 1 1 1.000000
nuke_blu.vtf
  0 8.709715 -28.884464 5.033169 0.830186 -0.287468 0.477655 0.152029 -0.459866 1 1 1.000000
  0 7.028942 -29.290049 7.035623 0.679473 -0.279075 0.678553 0.169544 -0.472034 1 1 1.000000
  0 8.610037 -29.267941 4.975177 0.830155 -0.287388 0.477756 0.154965 -0.457600 1 1 1.000000
nuke_blu.vtf
  0 9.715240 -28.880123 2.605677 0.928159 -0.276456 0.249184 0.141080 -0.441208 1 1 1.000000
  0 8.709715 -28.884464 5.033169 0.830186 -0.287468 0.477655 0.152029 -0.459866 1 1 1.000000
  0 8.610037 -29.267941 4.975177 0.830155 -0.287388 0.477756 0.154965 -0.457600 1 1 1.000000
nuke_blu.vtf
  0 9.715240 -28.880123 2.605677 0.928159 -0.276456 0.249184 0.141080 -0.441208 1 1 1.000000
  0 8.610037 -29.267941 4.975177 0.830155 -0.287388 0.477756 0.154965 -0.457600 1 1 1.000000
  0 9.603951 -29.281742 2.575660 0.928379 -0.275742 0.249155 0.144633 -0.439718 1 1 1.000000
nuke_blu.vtf
  0 10.058150 -28.878578 0.000645 0.961677 -0.274183 -0.000811 0.135284 -0.420108 1 1 1.000000
  0 9.715240 -28.880123 2.605677 0.928159 -0.276456 0.249184 0.141080 -0.441208 1 1 1.000000
  0 9.603951 -29.281742 2.575660 0.928379 -0.275742 0.249155 0.144633 -0.439718 1 1 1.000000
nuke_blu.vtf
  0 10.058150 -28.878578 0.000645 0.961677 -0.274183 -0.000811 0.135284 -0.420108 1 1 1.000000
  0 9.603951 -29.281742 2.575660 0.928379 -0.275742 0.249155 0.144633 -0.439718 1 1 1.000000
  0 9.942991 -29.283819 0.000585 0.961914 -0.273351 -0.000679 0.139185 -0.419588 1 1 1.000000
nuke_blu.vtf
  0 10.058150 -28.878578 0.000645 0.961677 -0.274183 -0.000811 0.135284 -0.420108 1 1 1.000000
  0 9.942991 -29.283819 0.000585 0.961914 -0.273351 -0.000679 0.139185 -0.419588 1 1 1.000000
  0 9.604012 -29.263649 -2.574469 0.925611 -0.286911 -0.246832 0.139334 -0.398486 1 1 1.000000
nuke_blu.vtf
  0 10.058150 -28.878578 0.000645 0.961677 -0.274183 -0.000811 0.135284 -0.420108 1 1 1.000000
  0 9.604012 -29.263649 -2.574469 0.925611 -0.286911 -0.246832 0.139334 -0.398486 1 1 1.000000
  0 9.715248 -28.880072 -2.604401 0.925565 -0.287085 -0.246804 0.135579 -0.397898 1 1 1.000000
nuke_blu.vtf
  0 9.715248 -28.880072 -2.604401 0.925565 -0.287085 -0.246804 0.135579 -0.397898 1 1 1.000000
  0 9.604012 -29.263649 -2.574469 0.925611 -0.286911 -0.246832 0.139334 -0.398486 1 1 1.000000
  0 8.610131 -29.283920 -4.973905 0.832094 -0.277841 -0.480025 0.145385 -0.378489 1 1 1.000000
nuke_blu.vtf
  0 9.715248 -28.880072 -2.604401 0.925565 -0.287085 -0.246804 0.135579 -0.397898 1 1 1.000000
  0 8.610131 -29.283920 -4.973905 0.832094 -0.277841 -0.480025 0.145385 -0.378489 1 1 1.000000
  0 8.709781 -28.884501 -5.031902 0.832385 -0.277365 -0.479795 0.141883 -0.376911 1 1 1.000000
nuke_blu.vtf
  0 8.709781 -28.884501 -5.031902 0.832385 -0.277365 -0.479795 0.141883 -0.376911 1 1 1.000000
  0 8.610131 -29.283920 -4.973905 0.832094 -0.277841 -0.480025 0.145385 -0.378489 1 1 1.000000
  0 7.029049 -29.290085 -7.034495 0.679304 -0.278151 -0.679101 0.156218 -0.360917 1 1 1.000000
nuke_blu.vtf
  0 8.709781 -28.884501 -5.031902 0.832385 -0.277365 -0.479795 0.141883 -0.376911 1 1 1.000000
  0 7.029049 -29.290085 -7.034495 0.679304 -0.278151 -0.679101 0.156218 -0.360917 1 1 1.000000
  0 7.110297 -28.891573 -7.116466 0.679302 -0.278688 -0.678883 0.153266 -0.358524 1 1 1.000000
nuke_blu.vtf
  0 7.110297 -28.891573 -7.116466 0.679302 -0.278688 -0.678883 0.153266 -0.358524 1 1 1.000000
  0 7.029049 -29.290085 -7.034495 0.679304 -0.278151 -0.679101 0.156218 -0.360917 1 1 1.000000
  0 4.968487 -29.283871 -8.615576 0.479786 -0.288371 -0.828642 0.171062 -0.346750 1 1 1.000000
nuke_blu.vtf
  0 7.110297 -28.891573 -7.116466 0.679302 -0.278688 -0.678883 0.153266 -0.358524 1 1 1.000000
  0 4.968487 -29.283871 -8.615576 0.479786 -0.288371 -0.828642 0.171062 -0.346750 1 1 1.000000
  0 5.025787 -28.900806 -8.715963 0.479909 -0.288790 -0.828425 0.168887 -0.343773 1 1 1.000000
nuke_blu.vtf
  0 5.025787 -28.900806 -8.715963 0.479909 -0.288790 -0.828425 0.168887 -0.343773 1 1 1.000000
  0 4.968487 -29.283871 -8.615576 0.479786 -0.288371 -0.828642 0.171062 -0.346750 1 1 1.000000
  0 2.569084 -29.297052 -9.609440 0.248755 -0.287672 -0.924860 0.189000 -0.336945 1 1 1.000000
nuke_blu.vtf
  0 -22.909803 1.071093 0.328957 -0.905817 0.092570 -0.413432 0.343071 -0.471184 1 1 1.000000
  0 -23.218330 -3.398443 0.004174 -0.905817 0.092570 -0.413432 0.314544 -0.454071 1 1 1.000000
  0 -23.329653 -3.025373 0.331610 -0.905817 0.092570 -0.413432 0.315436 -0.457412 1 1 1.000000
nuke_blu.vtf
  0 -22.909803 1.071093 0.328957 -0.616130 0.115319 -0.779157 0.343071 -0.471184 1 1 1.000000
  0 -22.499910 1.071025 0.004818 -0.615861 0.117856 -0.778990 0.345283 -0.467946 1 1 1.000000
  0 -23.218330 -3.398443 0.004174 -0.617202 0.099321 -0.780510 0.314544 -0.454071 1 1 1.000000
nuke_blu.vtf
  0 -21.665401 6.845127 0.334741 -0.608378 0.170086 -0.775207 0.381662 -0.491652 1 1 1.000000
  0 -22.499910 1.071025 0.004818 -0.615861 0.117856 -0.778990 0.345283 -0.467946 1 1 1.000000
  0 -22.909803 1.071093 0.328957 -0.616130 0.115319 -0.779157 0.343071 -0.471184 1 1 1.000000
nuke_blu.vtf
  0 -21.665401 6.845127 0.334741 -0.608378 0.170086 -0.775207 0.381662 -0.491652 1 1 1.000000
  0 -21.246029 6.845084 0.005684 -0.606884 0.182127 -0.773642 0.384265 -0.488680 1 1 1.000000
  0 -22.499910 1.071025 0.004818 -0.615861 0.117856 -0.778990 0.345283 -0.467946 1 1 1.000000
nuke_blu.vtf
  0 -19.628693 12.459339 0.340482 -0.596581 0.239466 -0.765994 0.419647 -0.513761 1 1 1.000000
  0 -21.246029 6.845084 0.005684 -0.606884 0.182127 -0.773642 0.384265 -0.488680 1 1 1.000000
  0 -21.665401 6.845127 0.334741 -0.608378 0.170086 -0.775207 0.381662 -0.491652 1 1 1.000000
nuke_blu.vtf
  0 -19.628693 12.459339 0.340482 -0.596581 0.239466 -0.765994 0.419647 -0.513761 1 1 1.000000
  0 -19.199848 12.459288 0.006541 -0.594851 0.249366 -0.764178 0.422640 -0.511071 1 1 1.000000
  0 -21.246029 6.845084 0.005684 -0.606884 0.182127 -0.773642 0.384265 -0.488680 1 1 1.000000
nuke_blu.vtf
  0 -17.457531 17.232901 0.347879 -0.573517 0.301217 -0.761805 0.452201 -0.534501 1 1 1.000000
  0 -19.199848 12.459288 0.006541 -0.594851 0.249366 -0.764178 0.422640 -0.511071 1 1 1.000000
  0 -19.628693 12.459339 0.340482 -0.596581 0.239466 -0.765994 0.419647 -0.513761 1 1 1.000000
nuke_blu.vtf
  0 -17.457531 17.232901 0.347879 -0.573517 0.301217 -0.761805 0.452201 -0.534501 1 1 1.000000
  0 -17.015882 17.232849 0.007268 -0.576165 0.331413 -0.747127 0.455522 -0.532083 1 1 1.000000
  0 -19.199848 12.459288 0.006541 -0.594851 0.249366 -0.764178 0.422640 -0.511071 1 1 1.000000
nuke_blu.vtf
  0 -14.242307 21.513071 0.013328 -0.414116 0.242506 -0.877325 0.486527 -0.552325 1 1 1.000000
  0 -17.015882 17.232849 0.007268 -0.576165 0.331413 -0.747127 0.455522 -0.532083 1 1 1.000000
  0 -17.457531 17.232901 0.347879 -0.573517 0.301217 -0.761805 0.452201 -0.534501 1 1 1.000000
nuke_blu.vtf
  0 -14.242307 21.513071 0.013328 -0.414116 0.242506 -0.877325 0.486527 -0.552325 1 1 1.000000
  0 -17.457531 17.232901 0.347879 -0.573517 0.301217 -0.761805 0.452201 -0.534501 1 1 1.000000
  0 -15.233374 21.167173 0.358722 -0.389176 0.222476 -0.893894 0.478735 -0.552889 1 1 1.000000
nuke_blu.vtf
  0 10.479802 -28.772202 0.000654 0.244641 -0.969614 -0.000005 0.992948 -0.619266 1 1 1.000000
  0 9.715240 -28.880123 2.605677 0.236768 -0.969564 0.062335 0.979863 -0.636107 1 1 1.000000
  0 10.058150 -28.878578 0.000645 0.244623 -0.969618 -0.000012 0.994952 -0.622025 1 1 1.000000
nuke_blu.vtf
  0 10.479802 -28.772202 0.000654 0.244641 -0.969614 -0.000005 0.992948 -0.619266 1 1 1.000000
  0 10.122463 -28.773649 2.714875 0.236790 -0.969559 0.062338 0.977337 -0.633821 1 1 1.000000
  0 9.715240 -28.880123 2.605677 0.236768 -0.969564 0.062335 0.979863 -0.636107 1 1 1.000000
nuke_blu.vtf
  0 9.074917 -28.778173 5.244131 0.212729 -0.969668 0.120375 0.964537 -0.651004 1 1 1.000000
  0 9.715240 -28.880123 2.605677 0.236768 -0.969564 0.062335 0.979863 -0.636107 1 1 1.000000
  0 10.122463 -28.773649 2.714875 0.236790 -0.969559 0.062338 0.977337 -0.633821 1 1 1.000000
nuke_blu.vtf
  0 9.074917 -28.778173 5.244131 0.212729 -0.969668 0.120375 0.964537 -0.651004 1 1 1.000000
  0 8.709715 -28.884464 5.033169 0.212695 -0.969678 0.120359 0.967418 -0.652845 1 1 1.000000
  0 9.715240 -28.880123 2.605677 0.236768 -0.969564 0.062335 0.979863 -0.636107 1 1 1.000000
nuke_blu.vtf
  0 9.074917 -28.778173 5.244131 0.212729 -0.969668 0.120375 0.964537 -0.651004 1 1 1.000000
  0 7.110198 -28.891521 7.117706 0.174847 -0.969690 0.170673 0.957643 -0.671451 1 1 1.000000
  0 8.709715 -28.884464 5.033169 0.212695 -0.969678 0.120359 0.967418 -0.652845 1 1 1.000000
nuke_blu.vtf
  0 9.074917 -28.778173 5.244131 0.212729 -0.969668 0.120375 0.964537 -0.651004 1 1 1.000000
  0 7.408324 -28.785236 7.416081 0.174892 -0.969675 0.170714 0.954511 -0.670054 1 1 1.000000
  0 7.110198 -28.891521 7.117706 0.174847 -0.969690 0.170673 0.957643 -0.671451 1 1 1.000000
nuke_blu.vtf
  0 7.408324 -28.785236 7.416081 0.174892 -0.969675 0.170714 0.954511 -0.670054 1 1 1.000000
  0 5.025663 -28.900637 8.717212 0.125177 -0.969752 0.209552 0.950550 -0.691353 1 1 1.000000
  0 7.110198 -28.891521 7.117706 0.174847 -0.969690 0.170673 0.957643 -0.671451 1 1 1.000000
nuke_blu.vtf
  0 7.408324 -28.785236 7.416081 0.174892 -0.969675 0.170714 0.954511 -0.670054 1 1 1.000000
  0 5.236420 -28.794470 9.082571 0.125222 -0.969732 0.209618 0.947250 -0.690402 1 1 1.000000
  0 5.025663 -28.900637 8.717212 0.125177 -0.969752 0.209552 0.950550 -0.691353 1 1 1.000000
nuke_blu.vtf
  0 5.236420 -28.794470 9.082571 0.125222 -0.969732 0.209618 0.947250 -0.690402 1 1 1.000000
  0 2.598183 -28.911366 9.722675 0.067052 -0.969759 0.234672 0.946151 -0.712084 1 1 1.000000
  0 5.025663 -28.900637 8.717212 0.125177 -0.969752 0.209552 0.950550 -0.691353 1 1 1.000000
nuke_blu.vtf
  0 5.236420 -28.794470 9.082571 0.125222 -0.969732 0.209618 0.947250 -0.690402 1 1 1.000000
  0 2.707175 -28.805193 10.130194 0.067084 -0.969740 0.234741 0.942751 -0.711578 1 1 1.000000
  0 2.598183 -28.911366 9.722675 0.067052 -0.969759 0.234672 0.946151 -0.712084 1 1 1.000000
nuke_blu.vtf
  0 2.707175 -28.805193 10.130194 0.067084 -0.969740 0.234741 0.942751 -0.711578 1 1 1.000000
  0 -0.006692 -28.922764 10.065727 0.000029 -0.969900 0.243502 0.944452 -0.733233 1 1 1.000000
  0 2.598183 -28.911366 9.722675 0.067052 -0.969759 0.234672 0.946151 -0.712084 1 1 1.000000
nuke_blu.vtf
  0 2.707175 -28.805193 10.130194 0.067084 -0.969740 0.234741 0.942751 -0.711578 1 1 1.000000
  0 -0.006885 -28.816832 10.487547 0.000009 -0.969884 0.243568 0.941016 -0.733170 1 1 1.000000
  0 -0.006692 -28.922764 10.065727 0.000029 -0.969900 0.243502 0.944452 -0.733233 1 1 1.000000
nuke_blu.vtf
  0 -2.720996 -28.805296 10.130181 -0.067040 -0.969824 0.234409 0.941948 -0.754804 1 1 1.000000
  0 -0.006692 -28.922764 10.065727 0.000029 -0.969900 0.243502 0.944452 -0.733233 1 1 1.000000
  0 -0.006885 -28.816832 10.487547 0.000009 -0.969884 0.243568 0.941016 -0.733170 1 1 1.000000
nuke_blu.vtf
  0 -2.720996 -28.805296 10.130181 -0.067040 -0.969824 0.234409 0.941948 -0.754804 1 1 1.000000
  0 -2.611617 -28.911331 9.722675 -0.066979 -0.969843 0.234346 0.945362 -0.754425 1 1 1.000000
  0 -0.006692 -28.922764 10.065727 0.000029 -0.969900 0.243502 0.944452 -0.733233 1 1 1.000000
nuke_blu.vtf
  0 -5.250225 -28.794436 9.082511 -0.125198 -0.969755 0.209525 0.945650 -0.776108 1 1 1.000000
  0 -2.611617 -28.911331 9.722675 -0.066979 -0.969843 0.234346 0.945362 -0.754425 1 1 1.000000
  0 -2.720996 -28.805296 10.130181 -0.067040 -0.969824 0.234409 0.941948 -0.754804 1 1 1.000000
nuke_blu.vtf
  0 -5.250225 -28.794436 9.082511 -0.125198 -0.969755 0.209525 0.945650 -0.776108 1 1 1.000000
  0 -5.039106 -28.900620 8.717126 -0.125133 -0.969771 0.209490 0.948979 -0.775281 1 1 1.000000
  0 -2.611617 -28.911331 9.722675 -0.066979 -0.969843 0.234346 0.945362 -0.754425 1 1 1.000000
nuke_blu.vtf
  0 -7.422112 -28.785175 7.415962 -0.174824 -0.969701 0.170633 0.952135 -0.796670 1 1 1.000000
  0 -5.039106 -28.900620 8.717126 -0.125133 -0.969771 0.209490 0.948979 -0.775281 1 1 1.000000
  0 -5.250225 -28.794436 9.082511 -0.125198 -0.969755 0.209525 0.945650 -0.776108 1 1 1.000000
nuke_blu.vtf
  0 -7.422112 -28.785175 7.415962 -0.174824 -0.969701 0.170633 0.952135 -0.796670 1 1 1.000000
  0 -7.123647 -28.891470 7.117600 -0.174766 -0.969715 0.170613 0.955309 -0.795394 1 1 1.000000
  0 -5.039106 -28.900620 8.717126 -0.125133 -0.969771 0.209490 0.948979 -0.775281 1 1 1.000000
nuke_blu.vtf
  0 -9.088645 -28.778173 5.243982 -0.212679 -0.969684 0.120339 0.961417 -0.816025 1 1 1.000000
  0 -7.123647 -28.891470 7.117600 -0.174766 -0.969715 0.170613 0.955309 -0.795394 1 1 1.000000
  0 -7.422112 -28.785175 7.415962 -0.174824 -0.969701 0.170633 0.952135 -0.796670 1 1 1.000000
nuke_blu.vtf
  0 -9.088645 -28.778173 5.243982 -0.212679 -0.969684 0.120339 0.961417 -0.816025 1 1 1.000000
  0 -8.723135 -28.884516 5.033026 -0.212665 -0.969686 0.120345 0.964355 -0.814298 1 1 1.000000
  0 -7.123647 -28.891470 7.117600 -0.174766 -0.969715 0.170613 0.955309 -0.795394 1 1 1.000000
nuke_blu.vtf
  0 -9.088645 -28.778173 5.243982 -0.212679 -0.969684 0.120339 0.961417 -0.816025 1 1 1.000000
  0 -9.728659 -28.880054 2.605525 -0.236349 -0.969674 0.062226 0.976126 -0.831424 1 1 1.000000
  0 -8.723135 -28.884516 5.033026 -0.212665 -0.969686 0.120345 0.964355 -0.814298 1 1 1.000000
nuke_blu.vtf
  0 -9.088645 -28.778173 5.243982 -0.212679 -0.969684 0.120339 0.961417 -0.816025 1 1 1.000000
  0 -10.136277 -28.773701 2.714703 -0.236343 -0.969676 0.062209 0.973527 -0.833607 1 1 1.000000
  0 -9.728659 -28.880054 2.605525 -0.236349 -0.969674 0.062226 0.976126 -0.831424 1 1 1.000000
nuke_blu.vtf
  0 -10.493625 -28.772165 0.000489 -0.244398 -0.969675 -0.000013 0.988528 -0.848668 1 1 1.000000
  0 -9.728659 -28.880054 2.605525 -0.236349 -0.969674 0.062226 0.976126 -0.831424 1 1 1.000000
  0 -10.136277 -28.773701 2.714703 -0.236343 -0.969676 0.062209 0.973527 -0.833607 1 1 1.000000
nuke_blu.vtf
  0 -10.493625 -28.772165 0.000489 -0.244398 -0.969675 -0.000013 0.988528 -0.848668 1 1 1.000000
  0 -10.071604 -28.878527 0.000483 -0.244401 -0.969674 -0.000016 0.990624 -0.845995 1 1 1.000000
  0 -9.728659 -28.880054 2.605525 -0.236349 -0.969674 0.062226 0.976126 -0.831424 1 1 1.000000
nuke_blu.vtf
  0 14.047225 21.513105 0.013555 0.411909 0.242235 -0.878438 0.487396 -0.888707 1 1 1.000000
  0 15.039697 21.167173 0.358957 0.389001 0.223755 -0.893651 0.479598 -0.888205 1 1 1.000000
  0 17.277859 17.232952 0.348154 0.554017 0.289702 -0.780473 0.453163 -0.906769 1 1 1.000000
nuke_blu.vtf
  0 14.047225 21.513105 0.013555 0.411909 0.242235 -0.878438 0.487396 -0.888707 1 1 1.000000
  0 17.277859 17.232952 0.348154 0.554017 0.289702 -0.780473 0.453163 -0.906769 1 1 1.000000
  0 16.809254 17.232883 0.007533 0.557129 0.319437 -0.766530 0.456649 -0.909217 1 1 1.000000
nuke_blu.vtf
  0 17.277859 17.232952 0.348154 0.554017 0.289702 -0.780473 0.453163 -0.906769 1 1 1.000000
  0 18.983429 12.459310 0.006838 0.553627 0.234324 -0.799118 0.424053 -0.930537 1 1 1.000000
  0 16.809254 17.232883 0.007533 0.557129 0.319437 -0.766530 0.456649 -0.909217 1 1 1.000000
nuke_blu.vtf
  0 17.277859 17.232952 0.348154 0.554017 0.289702 -0.780473 0.453163 -0.906769 1 1 1.000000
  0 19.466263 12.459339 0.340794 0.554397 0.224347 -0.801444 0.420760 -0.927712 1 1 1.000000
  0 18.983429 12.459310 0.006838 0.553627 0.234324 -0.799118 0.424053 -0.930537 1 1 1.000000
nuke_blu.vtf
  0 19.466263 12.459339 0.340794 0.554397 0.224347 -0.801444 0.420760 -0.927712 1 1 1.000000
  0 21.049850 6.845142 0.006021 0.562280 0.171178 -0.809036 0.385861 -0.953215 1 1 1.000000
  0 18.983429 12.459310 0.006838 0.553627 0.234324 -0.799118 0.424053 -0.930537 1 1 1.000000
nuke_blu.vtf
  0 19.466263 12.459339 0.340794 0.554397 0.224347 -0.801444 0.420760 -0.927712 1 1 1.000000
  0 21.523226 6.845195 0.335077 0.563532 0.159322 -0.810585 0.382988 -0.950068 1 1 1.000000
  0 21.049850 6.845142 0.006021 0.562280 0.171178 -0.809036 0.385861 -0.953215 1 1 1.000000
nuke_blu.vtf
  0 21.523226 6.845195 0.335077 0.563532 0.159322 -0.810585 0.382988 -0.950068 1 1 1.000000
  0 22.324539 1.071119 0.005171 0.569029 0.112668 -0.814562 0.347100 -0.974270 1 1 1.000000
  0 21.049850 6.845142 0.006021 0.562280 0.171178 -0.809036 0.385861 -0.953215 1 1 1.000000
nuke_blu.vtf
  0 21.523226 6.845195 0.335077 0.563532 0.159322 -0.810585 0.382988 -0.950068 1 1 1.000000
  0 22.788473 1.071130 0.329313 0.569234 0.110410 -0.814728 0.344655 -0.970812 1 1 1.000000
  0 22.324539 1.071119 0.005171 0.569029 0.112668 -0.814562 0.347100 -0.974270 1 1 1.000000
nuke_blu.vtf
  0 22.788473 1.071130 0.329313 0.569234 0.110410 -0.814728 0.344655 -0.970812 1 1 1.000000
  0 23.058802 -3.239740 0.004520 0.570023 0.097214 -0.815857 0.316458 -0.988150 1 1 1.000000
  0 22.324539 1.071119 0.005171 0.569029 0.112668 -0.814562 0.347100 -0.974270 1 1 1.000000
nuke_blu.vtf
  0 22.788473 1.071130 0.329313 0.864779 0.091430 -0.493759 0.344655 -0.970812 1 1 1.000000
  0 23.223108 -3.025387 0.331984 0.864779 0.091430 -0.493759 0.317311 -0.984709 1 1 1.000000
  0 23.058802 -3.239740 0.004520 0.864779 0.091430 -0.493759 0.316458 -0.988150 1 1 1.000000
nuke_blu.vtf
  0 -22.579578 -3.605845 6.028649 -0.803329 0.586143 0.105353 0.795058 -0.951905 1 1 1.000000
  0 -23.218330 -3.398443 0.004174 -0.805140 0.593079 0.002823 0.815124 -0.994095 1 1 1.000000
  0 -23.371246 -3.605981 -0.007166 -0.804984 0.593289 -0.003130 0.817383 -0.992997 1 1 1.000000
nuke_blu.vtf
  0 -22.579578 -3.605845 6.028649 -0.506166 0.850405 0.143556 0.795058 -0.951905 1 1 1.000000
  0 -22.246401 -3.394430 5.951012 -0.505928 0.850227 0.145434 0.791999 -0.953418 1 1 1.000000
  0 -23.218330 -3.398443 0.004174 -0.521781 0.853079 0.000299 0.815124 -0.994095 1 1 1.000000
nuke_blu.vtf
  0 -20.252579 -3.605478 11.653839 -0.468252 0.841880 0.268286 0.775146 -0.909875 1 1 1.000000
  0 -22.246401 -3.394430 5.951012 -0.505928 0.850227 0.145434 0.791999 -0.953418 1 1 1.000000
  0 -22.579578 -3.605845 6.028649 -0.506166 0.850405 0.143556 0.795058 -0.951905 1 1 1.000000
nuke_blu.vtf
  0 -20.252579 -3.605478 11.653839 -0.468252 0.841880 0.268286 0.775146 -0.909875 1 1 1.000000
  0 -19.950638 -3.385941 11.492366 -0.467584 0.841453 0.270780 0.771980 -0.911141 1 1 1.000000
  0 -22.246401 -3.394430 5.951012 -0.505928 0.850227 0.145434 0.791999 -0.953418 1 1 1.000000
nuke_blu.vtf
  0 -16.548910 -3.605001 16.484863 -0.397733 0.828218 0.394796 0.759110 -0.866371 1 1 1.000000
  0 -19.950638 -3.385941 11.492366 -0.467584 0.841453 0.270780 0.771980 -0.911141 1 1 1.000000
  0 -20.252579 -3.605478 11.653839 -0.468252 0.841880 0.268286 0.775146 -0.909875 1 1 1.000000
nuke_blu.vtf
  0 -16.548910 -3.605001 16.484863 -0.397733 0.828218 0.394796 0.759110 -0.866371 1 1 1.000000
  0 -16.298836 -3.372865 16.250322 -0.396611 0.827593 0.397227 0.755845 -0.867321 1 1 1.000000
  0 -19.950638 -3.385941 11.492366 -0.467584 0.841453 0.270780 0.771980 -0.911141 1 1 1.000000
nuke_blu.vtf
  0 -11.721166 -3.604295 20.192595 -0.294707 0.810721 0.505845 0.747566 -0.821659 1 1 1.000000
  0 -16.298836 -3.372865 16.250322 -0.396611 0.827593 0.397227 0.755845 -0.867321 1 1 1.000000
  0 -16.548910 -3.605001 16.484863 -0.397733 0.828218 0.394796 0.759110 -0.866371 1 1 1.000000
nuke_blu.vtf
  0 -11.721166 -3.604295 20.192595 -0.294707 0.810721 0.505845 0.747566 -0.821659 1 1 1.000000
  0 -11.540117 -3.356117 19.900839 -0.293035 0.809944 0.508056 0.744225 -0.822261 1 1 1.000000
  0 -16.298836 -3.372865 16.250322 -0.396611 0.827593 0.397227 0.755845 -0.867321 1 1 1.000000
nuke_blu.vtf
  0 -6.098296 -3.603550 22.524347 -0.161892 0.790216 0.591058 0.740807 -0.776124 1 1 1.000000
  0 -11.540117 -3.356117 19.900839 -0.293035 0.809944 0.508056 0.744225 -0.822261 1 1 1.000000
  0 -11.721166 -3.604295 20.192595 -0.294707 0.810721 0.505845 0.747566 -0.821659 1 1 1.000000
nuke_blu.vtf
  0 -6.098296 -3.603550 22.524347 -0.161892 0.790216 0.591058 0.740807 -0.776124 1 1 1.000000
  0 -5.998926 -3.336863 22.194902 -0.159564 0.790280 0.591605 0.737418 -0.776361 1 1 1.000000
  0 -11.540117 -3.356117 19.900839 -0.293035 0.809944 0.508056 0.744225 -0.822261 1 1 1.000000
nuke_blu.vtf
  0 -6.098296 -3.603550 22.524347 -0.161892 0.790216 0.591058 0.740807 -0.776124 1 1 1.000000
  0 -0.052758 -3.316457 22.976513 0.002648 0.764336 0.644812 0.735602 -0.730038 1 1 1.000000
  0 -5.998926 -3.336863 22.194902 -0.159564 0.790280 0.591605 0.737418 -0.776361 1 1 1.000000
nuke_blu.vtf
  0 -6.098296 -3.603550 22.524347 -0.161892 0.790216 0.591058 0.740807 -0.776124 1 1 1.000000
  0 -0.075022 -3.598454 23.310701 -0.002928 0.764355 0.644789 0.738927 -0.730265 1 1 1.000000
  0 -0.052758 -3.316457 22.976513 0.002648 0.764336 0.644812 0.735602 -0.730038 1 1 1.000000
nuke_blu.vtf
  0 5.971654 -3.603539 22.530262 0.169869 0.746201 0.643684 0.742119 -0.684257 1 1 1.000000
  0 -0.052758 -3.316457 22.976513 0.002648 0.764336 0.644812 0.735602 -0.730038 1 1 1.000000
  0 -0.075022 -3.598454 23.310701 -0.002928 0.764355 0.644789 0.738927 -0.730265 1 1 1.000000
nuke_blu.vtf
  0 5.971654 -3.603539 22.530262 0.169869 0.746201 0.643684 0.742119 -0.684257 1 1 1.000000
  0 5.893080 -3.296139 22.195023 0.172629 0.745372 0.643910 0.738751 -0.683748 1 1 1.000000
  0 -0.052758 -3.316457 22.976513 0.002648 0.764336 0.644812 0.735602 -0.730038 1 1 1.000000
nuke_blu.vtf
  0 11.596768 -3.604288 20.204037 0.342252 0.725047 0.597637 0.750199 -0.638807 1 1 1.000000
  0 5.893080 -3.296139 22.195023 0.172629 0.745372 0.643910 0.738751 -0.683748 1 1 1.000000
  0 5.971654 -3.603539 22.530262 0.169869 0.746201 0.643684 0.742119 -0.684257 1 1 1.000000
nuke_blu.vtf
  0 11.596768 -3.604288 20.204037 0.342252 0.725047 0.597637 0.750199 -0.638807 1 1 1.000000
  0 11.434290 -3.277364 19.901020 0.344985 0.724169 0.597130 0.746901 -0.637933 1 1 1.000000
  0 5.893080 -3.296139 22.195023 0.172629 0.745372 0.643910 0.738751 -0.683748 1 1 1.000000
nuke_blu.vtf
  0 16.428183 -3.605001 16.501122 0.498218 0.707353 0.501428 0.763080 -0.594231 1 1 1.000000
  0 11.434290 -3.277364 19.901020 0.344985 0.724169 0.597130 0.746901 -0.637933 1 1 1.000000
  0 11.596768 -3.604288 20.204037 0.342252 0.725047 0.597637 0.750199 -0.638807 1 1 1.000000
nuke_blu.vtf
  0 16.428183 -3.605001 16.501122 0.498218 0.707353 0.501428 0.763080 -0.594231 1 1 1.000000
  0 16.193153 -3.261450 16.250546 0.500592 0.706671 0.500024 0.759878 -0.593010 1 1 1.000000
  0 11.434290 -3.277364 19.901020 0.344985 0.724169 0.597130 0.746901 -0.637933 1 1 1.000000
nuke_blu.vtf
  0 20.136600 -3.605484 11.673657 0.622288 0.694249 0.361631 0.780481 -0.550892 1 1 1.000000
  0 16.193153 -3.261450 16.250546 0.500592 0.706671 0.500024 0.759878 -0.593010 1 1 1.000000
  0 16.428183 -3.605001 16.501122 0.498218 0.707353 0.501428 0.763080 -0.594231 1 1 1.000000
nuke_blu.vtf
  0 20.136600 -3.605484 11.673657 0.622288 0.694249 0.361631 0.780481 -0.550892 1 1 1.000000
  0 19.844900 -3.249454 11.492632 0.623981 0.693811 0.359547 0.777395 -0.549357 1 1 1.000000
  0 16.193153 -3.261450 16.250546 0.500592 0.706671 0.500024 0.759878 -0.593010 1 1 1.000000
nuke_blu.vtf
  0 22.469065 -3.605869 6.050838 0.703763 0.682320 0.197880 0.801849 -0.509004 1 1 1.000000
  0 19.844900 -3.249454 11.492632 0.623981 0.693811 0.359547 0.777395 -0.549357 1 1 1.000000
  0 20.136600 -3.605484 11.673657 0.622288 0.694249 0.361631 0.780481 -0.550892 1 1 1.000000
nuke_blu.vtf
  0 22.469065 -3.605869 6.050838 0.703763 0.682320 0.197880 0.801849 -0.509004 1 1 1.000000
  0 22.140757 -3.242213 5.951346 0.700653 0.686113 0.195792 0.798878 -0.507215 1 1 1.000000
  0 19.844900 -3.249454 11.492632 0.623981 0.693811 0.359547 0.777395 -0.549357 1 1 1.000000
nuke_blu.vtf
  0 22.469065 -3.605869 6.050838 0.703763 0.682320 0.197880 0.801849 -0.509004 1 1 1.000000
  0 23.058802 -3.239740 0.004520 0.863650 0.504089 -0.001609 0.823711 -0.466597 1 1 1.000000
  0 22.140757 -3.242213 5.951346 0.700653 0.686113 0.195792 0.798878 -0.507215 1 1 1.000000
nuke_blu.vtf
  0 22.469065 -3.605869 6.050838 0.703763 0.682320 0.197880 0.801849 -0.509004 1 1 1.000000
  0 23.266705 -3.605951 0.015791 0.869600 0.493751 0.002240 0.826088 -0.468055 1 1 1.000000
  0 23.058802 -3.239740 0.004520 0.863650 0.504089 -0.001609 0.823711 -0.466597 1 1 1.000000
nuke_blu.vtf
  0 7.408423 -28.785292 -7.414719 0.174883 -0.969682 -0.170681 0.687932 -0.799990 1 1 1.000000
  0 8.709781 -28.884501 -5.031902 0.212668 -0.969680 -0.120385 0.699858 -0.817900 1 1 1.000000
  0 7.110297 -28.891573 -7.116466 0.174928 -0.969664 -0.170740 0.691151 -0.798782 1 1 1.000000
nuke_blu.vtf
  0 7.408423 -28.785292 -7.414719 0.174883 -0.969682 -0.170681 0.687932 -0.799990 1 1 1.000000
  0 9.074977 -28.778240 -5.242804 0.212634 -0.969692 -0.120352 0.696865 -0.819564 1 1 1.000000
  0 8.709781 -28.884501 -5.031902 0.212668 -0.969680 -0.120385 0.699858 -0.817900 1 1 1.000000
nuke_blu.vtf
  0 9.074977 -28.778240 -5.242804 0.212634 -0.969692 -0.120352 0.696865 -0.819564 1 1 1.000000
  0 9.715248 -28.880072 -2.604401 0.236472 -0.969643 -0.062241 0.711342 -0.835311 1 1 1.000000
  0 8.709781 -28.884501 -5.031902 0.212668 -0.969680 -0.120385 0.699858 -0.817900 1 1 1.000000
nuke_blu.vtf
  0 9.074977 -28.778240 -5.242804 0.212634 -0.969692 -0.120352 0.696865 -0.819564 1 1 1.000000
  0 10.122575 -28.773733 -2.713561 0.236462 -0.969646 -0.062231 0.708679 -0.837438 1 1 1.000000
  0 9.715248 -28.880072 -2.604401 0.236472 -0.969643 -0.062241 0.711342 -0.835311 1 1 1.000000
nuke_blu.vtf
  0 10.122575 -28.773733 -2.713561 0.236462 -0.969646 -0.062231 0.708679 -0.837438 1 1 1.000000
  0 10.058150 -28.878578 0.000645 0.244623 -0.969618 -0.000012 0.725626 -0.850232 1 1 1.000000
  0 9.715248 -28.880072 -2.604401 0.236472 -0.969643 -0.062241 0.711342 -0.835311 1 1 1.000000
nuke_blu.vtf
  0 10.122575 -28.773733 -2.713561 0.236462 -0.969646 -0.062231 0.708679 -0.837438 1 1 1.000000
  0 10.479802 -28.772202 0.000654 0.244641 -0.969614 -0.000005 0.723458 -0.852861 1 1 1.000000
  0 10.058150 -28.878578 0.000645 0.244623 -0.969618 -0.000012 0.725626 -0.850232 1 1 1.000000
nuke_blu.vtf
  0 -10.136251 -28.773684 -2.713708 -0.236421 -0.969657 -0.062216 0.716431 -0.637814 1 1 1.000000
  0 -10.071604 -28.878527 0.000483 -0.244401 -0.969674 -0.000016 0.734323 -0.626407 1 1 1.000000
  0 -10.493625 -28.772165 0.000489 -0.244398 -0.969675 -0.000013 0.732368 -0.623613 1 1 1.000000
nuke_blu.vtf
  0 -10.136251 -28.773684 -2.713708 -0.236421 -0.969657 -0.062216 0.716431 -0.637814 1 1 1.000000
  0 -9.728653 -28.880072 -2.604559 -0.236446 -0.969649 -0.062237 0.718919 -0.640147 1 1 1.000000
  0 -10.071604 -28.878527 0.000483 -0.244401 -0.969674 -0.000016 0.734323 -0.626407 1 1 1.000000
nuke_blu.vtf
  0 -9.088570 -28.778181 -5.242951 -0.212755 -0.969660 -0.120391 0.703260 -0.654697 1 1 1.000000
  0 -9.728653 -28.880072 -2.604559 -0.236446 -0.969649 -0.062237 0.718919 -0.640147 1 1 1.000000
  0 -10.136251 -28.773684 -2.713708 -0.236421 -0.969657 -0.062216 0.716431 -0.637814 1 1 1.000000
nuke_blu.vtf
  0 -9.088570 -28.778181 -5.242951 -0.212755 -0.969660 -0.120391 0.703260 -0.654697 1 1 1.000000
  0 -8.723077 -28.884569 -5.032043 -0.212771 -0.969652 -0.120429 0.706115 -0.656593 1 1 1.000000
  0 -9.728653 -28.880072 -2.604559 -0.236446 -0.969649 -0.062237 0.718919 -0.640147 1 1 1.000000
nuke_blu.vtf
  0 -7.422008 -28.785322 -7.414826 -0.174709 -0.969745 -0.170503 0.692835 -0.673505 1 1 1.000000
  0 -8.723077 -28.884569 -5.032043 -0.212771 -0.969652 -0.120429 0.706115 -0.656593 1 1 1.000000
  0 -9.088570 -28.778181 -5.242951 -0.212755 -0.969660 -0.120391 0.703260 -0.654697 1 1 1.000000
nuke_blu.vtf
  0 -7.422008 -28.785322 -7.414826 -0.174709 -0.969745 -0.170503 0.692835 -0.673505 1 1 1.000000
  0 -7.123539 -28.891539 -7.116579 -0.174715 -0.969733 -0.170565 0.695950 -0.674963 1 1 1.000000
  0 -8.723077 -28.884569 -5.032043 -0.212771 -0.969652 -0.120429 0.706115 -0.656593 1 1 1.000000
nuke_blu.vtf
  0 -5.250096 -28.794621 -9.081426 -0.125149 -0.969771 -0.209480 0.685154 -0.693669 1 1 1.000000
  0 -7.123539 -28.891539 -7.116579 -0.174715 -0.969733 -0.170565 0.695950 -0.674963 1 1 1.000000
  0 -7.422008 -28.785322 -7.414826 -0.174709 -0.969745 -0.170503 0.692835 -0.673505 1 1 1.000000
nuke_blu.vtf
  0 -5.250096 -28.794621 -9.081426 -0.125149 -0.969771 -0.209480 0.685154 -0.693669 1 1 1.000000
  0 -5.038987 -28.900806 -8.716058 -0.125158 -0.969750 -0.209570 0.688448 -0.694687 1 1 1.000000
  0 -7.123539 -28.891539 -7.116579 -0.174715 -0.969733 -0.170565 0.695950 -0.674963 1 1 1.000000
nuke_blu.vtf
  0 -2.720852 -28.805313 -10.129053 -0.067130 -0.969767 -0.234616 0.680223 -0.714724 1 1 1.000000
  0 -5.038987 -28.900806 -8.716058 -0.125158 -0.969750 -0.209570 0.688448 -0.694687 1 1 1.000000
  0 -5.250096 -28.794621 -9.081426 -0.125149 -0.969771 -0.209480 0.685154 -0.693669 1 1 1.000000
nuke_blu.vtf
  0 -2.720852 -28.805313 -10.129053 -0.067130 -0.969767 -0.234616 0.680223 -0.714724 1 1 1.000000
  0 -2.611482 -28.911469 -9.721588 -0.067101 -0.969764 -0.234638 0.683627 -0.715300 1 1 1.000000
  0 -5.038987 -28.900806 -8.716058 -0.125158 -0.969750 -0.209570 0.688448 -0.694687 1 1 1.000000
nuke_blu.vtf
  0 -2.720852 -28.805313 -10.129053 -0.067130 -0.969767 -0.234616 0.680223 -0.714724 1 1 1.000000
  0 -0.006666 -28.922918 -10.064556 0.000009 -0.969877 -0.243595 0.681501 -0.736396 1 1 1.000000
  0 -2.611482 -28.911469 -9.721588 -0.067101 -0.969764 -0.234638 0.683627 -0.715300 1 1 1.000000
nuke_blu.vtf
  0 -2.720852 -28.805313 -10.129053 -0.067130 -0.969767 -0.234616 0.680223 -0.714724 1 1 1.000000
  0 -0.006857 -28.816935 -10.486397 -0.000012 -0.969859 -0.243668 0.678051 -0.736259 1 1 1.000000
  0 -0.006666 -28.922918 -10.064556 0.000009 -0.969877 -0.243595 0.681501 -0.736396 1 1 1.000000
nuke_blu.vtf
  0 2.707316 -28.805330 -10.129032 0.067086 -0.969801 -0.234488 0.678550 -0.757900 1 1 1.000000
  0 -0.006666 -28.922918 -10.064556 0.000009 -0.969877 -0.243595 0.681501 -0.736396 1 1 1.000000
  0 -0.006857 -28.816935 -10.486397 -0.000012 -0.969859 -0.243668 0.678051 -0.736259 1 1 1.000000
nuke_blu.vtf
  0 2.707316 -28.805330 -10.129032 0.067086 -0.969801 -0.234488 0.678550 -0.757900 1 1 1.000000
  0 2.598312 -28.911400 -9.721494 0.067080 -0.969806 -0.234469 0.681988 -0.757595 1 1 1.000000
  0 -0.006666 -28.922918 -10.064556 0.000009 -0.969877 -0.243595 0.681501 -0.736396 1 1 1.000000
nuke_blu.vtf
  0 2.707316 -28.805330 -10.129032 0.067086 -0.969801 -0.234488 0.678550 -0.757900 1 1 1.000000
  0 5.025787 -28.900806 -8.715963 0.125316 -0.969684 -0.209781 0.685199 -0.778525 1 1 1.000000
  0 2.598312 -28.911400 -9.721494 0.067080 -0.969806 -0.234469 0.681988 -0.757595 1 1 1.000000
nuke_blu.vtf
  0 2.707316 -28.805330 -10.129032 0.067086 -0.969801 -0.234488 0.678550 -0.757900 1 1 1.000000
  0 5.236536 -28.794552 -9.081263 0.125293 -0.969701 -0.209719 0.681836 -0.779280 1 1 1.000000
  0 5.025787 -28.900806 -8.715963 0.125316 -0.969684 -0.209781 0.685199 -0.778525 1 1 1.000000
nuke_blu.vtf
  0 5.236536 -28.794552 -9.081263 0.125293 -0.969701 -0.209719 0.681836 -0.779280 1 1 1.000000
  0 7.110297 -28.891573 -7.116466 0.174928 -0.969664 -0.170740 0.691151 -0.798782 1 1 1.000000
  0 5.025787 -28.900806 -8.715963 0.125316 -0.969684 -0.209781 0.685199 -0.778525 1 1 1.000000
nuke_blu.vtf
  0 5.236536 -28.794552 -9.081263 0.125293 -0.969701 -0.209719 0.681836 -0.779280 1 1 1.000000
  0 7.408423 -28.785292 -7.414719 0.174883 -0.969682 -0.170681 0.687932 -0.799990 1 1 1.000000
  0 7.110297 -28.891573 -7.116466 0.174928 -0.969664 -0.170740 0.691151 -0.798782 1 1 1.000000
nuke_blu.vtf
  0 3.568007 21.516642 13.715441 0.249710 0.475914 0.843297 0.200704 -0.118261 1 1 1.000000
  0 0.881301 34.069031 7.332525 0.173699 0.475663 0.862307 0.184320 -0.011810 1 1 1.000000
  0 1.737647 21.517225 14.064042 0.164798 0.474868 0.864489 0.214164 -0.114740 1 1 1.000000
nuke_blu.vtf
  0 3.568007 21.516642 13.715441 0.249710 0.475914 0.843297 0.200704 -0.118261 1 1 1.000000
  0 1.831395 34.066036 7.141884 0.256617 0.476329 0.840987 0.177345 -0.013624 1 1 1.000000
  0 0.881301 34.069031 7.332525 0.173699 0.475663 0.862307 0.184320 -0.011810 1 1 1.000000
nuke_blu.vtf
  0 7.000811 21.507990 12.315475 0.436831 0.476601 0.762909 0.173186 -0.122790 1 1 1.000000
  0 1.831395 34.066036 7.141884 0.256617 0.476329 0.840987 0.177345 -0.013624 1 1 1.000000
  0 3.568007 21.516642 13.715441 0.249710 0.475914 0.843297 0.200704 -0.118261 1 1 1.000000
nuke_blu.vtf
  0 7.000811 21.507990 12.315475 0.436831 0.476601 0.762909 0.173186 -0.122790 1 1 1.000000
  0 3.615191 34.062897 6.408062 0.438176 0.476926 0.761934 0.163026 -0.015968 1 1 1.000000
  0 1.831395 34.066036 7.141884 0.256617 0.476329 0.840987 0.177345 -0.013624 1 1 1.000000
nuke_blu.vtf
  0 9.956510 21.500608 10.069551 0.619687 0.476933 0.623316 0.145280 -0.123833 1 1 1.000000
  0 3.615191 34.062897 6.408062 0.438176 0.476926 0.761934 0.163026 -0.015968 1 1 1.000000
  0 7.000811 21.507990 12.315475 0.436831 0.476601 0.762909 0.173186 -0.122790 1 1 1.000000
nuke_blu.vtf
  0 9.956510 21.500608 10.069551 0.619687 0.476933 0.623316 0.145280 -0.123833 1 1 1.000000
  0 5.148804 34.060200 5.236349 0.620547 0.477193 0.622260 0.148517 -0.016499 1 1 1.000000
  0 3.615191 34.062897 6.408062 0.438176 0.476926 0.761934 0.163026 -0.015968 1 1 1.000000
nuke_blu.vtf
  0 12.229477 21.494892 7.129348 0.761296 0.477023 0.439178 0.117434 -0.121352 1 1 1.000000
  0 5.148804 34.060200 5.236349 0.620547 0.477193 0.622260 0.148517 -0.016499 1 1 1.000000
  0 9.956510 21.500608 10.069551 0.619687 0.476933 0.623316 0.145280 -0.123833 1 1 1.000000
nuke_blu.vtf
  0 12.229477 21.494892 7.129348 0.761296 0.477023 0.439178 0.117434 -0.121352 1 1 1.000000
  0 6.326714 34.058121 3.706341 0.760946 0.477276 0.439509 0.134050 -0.015202 1 1 1.000000
  0 5.148804 34.060200 5.236349 0.620547 0.477193 0.622260 0.148517 -0.016499 1 1 1.000000
nuke_blu.vtf
  0 12.229477 21.494892 7.129348 0.761296 0.477023 0.439178 0.117434 -0.121352 1 1 1.000000
  0 7.063369 34.063461 1.918451 0.841979 0.476536 0.252954 0.119854 -0.012024 1 1 1.000000
  0 6.326714 34.058121 3.706341 0.760946 0.477276 0.439509 0.134050 -0.015202 1 1 1.000000
nuke_blu.vtf
  0 12.229477 21.494892 7.129348 0.761296 0.477023 0.439178 0.117434 -0.121352 1 1 1.000000
  0 13.635109 21.503956 3.685194 0.843976 0.476053 0.247140 0.090129 -0.115188 1 1 1.000000
  0 7.063369 34.063461 1.918451 0.841979 0.476536 0.252954 0.119854 -0.012024 1 1 1.000000
nuke_blu.vtf
  0 13.635109 21.503956 3.685194 0.843976 0.476053 0.247140 0.090129 -0.115188 1 1 1.000000
  0 7.241450 34.072914 0.970649 0.863910 0.475384 0.166340 0.113029 -0.009712 1 1 1.000000
  0 7.063369 34.063461 1.918451 0.841979 0.476536 0.252954 0.119854 -0.012024 1 1 1.000000
nuke_blu.vtf
  0 13.635109 21.503956 3.685194 0.843976 0.476053 0.247140 0.090129 -0.115188 1 1 1.000000
  0 13.963181 21.516298 1.857195 0.865768 0.474654 0.158584 0.076939 -0.110769 1 1 1.000000
  0 7.241450 34.072914 0.970649 0.863910 0.475384 0.166340 0.113029 -0.009712 1 1 1.000000
nuke_blu.vtf
  0 -16.532742 -3.605239 -16.492451 -0.391835 0.832114 -0.392493 0.502763 -0.593909 1 1 1.000000
  0 -19.950466 -3.388541 -11.483864 -0.465361 0.843997 -0.266662 0.517694 -0.549477 1 1 1.000000
  0 -16.298698 -3.376548 -16.241903 -0.394513 0.831401 -0.391320 0.499592 -0.592654 1 1 1.000000
nuke_blu.vtf
  0 -16.532742 -3.605239 -16.492451 -0.391835 0.832114 -0.392493 0.502763 -0.593909 1 1 1.000000
  0 -20.241072 -3.605745 -11.665018 -0.463314 0.844553 -0.268458 0.520755 -0.551056 1 1 1.000000
  0 -19.950466 -3.388541 -11.483864 -0.465361 0.843997 -0.266662 0.517694 -0.549477 1 1 1.000000
nuke_blu.vtf
  0 -20.241072 -3.605745 -11.665018 -0.463314 0.844553 -0.268458 0.520755 -0.551056 1 1 1.000000
  0 -22.246264 -3.395780 -5.942614 -0.504021 0.851807 -0.142784 0.539902 -0.507798 1 1 1.000000
  0 -19.950466 -3.388541 -11.483864 -0.465361 0.843997 -0.266662 0.517694 -0.549477 1 1 1.000000
nuke_blu.vtf
  0 -20.241072 -3.605745 -11.665018 -0.463314 0.844553 -0.268458 0.520755 -0.551056 1 1 1.000000
  0 -22.573605 -3.605986 -6.042180 -0.502989 0.852019 -0.145138 0.542847 -0.509632 1 1 1.000000
  0 -22.246264 -3.395780 -5.942614 -0.504021 0.851807 -0.142784 0.539902 -0.507798 1 1 1.000000
nuke_blu.vtf
  0 -22.573605 -3.605986 -6.042180 -0.502989 0.852019 -0.145138 0.542847 -0.509632 1 1 1.000000
  0 -23.218330 -3.398443 0.004174 -0.521781 0.853079 0.000299 0.565795 -0.467773 1 1 1.000000
  0 -22.246264 -3.395780 -5.942614 -0.504021 0.851807 -0.142784 0.539902 -0.507798 1 1 1.000000
nuke_blu.vtf
  0 -22.573605 -3.605986 -6.042180 -0.797821 0.593602 -0.105448 0.542847 -0.509632 1 1 1.000000
  0 -23.371246 -3.605981 -0.007166 -0.804984 0.593289 -0.003130 0.567950 -0.469168 1 1 1.000000
  0 -23.218330 -3.398443 0.004174 -0.805140 0.593079 0.002823 0.565795 -0.467773 1 1 1.000000
nuke_blu.vtf
  0 22.475107 -3.605919 -6.020002 0.703348 0.683457 -0.195419 0.526251 -0.951575 1 1 1.000000
  0 23.058802 -3.239740 0.004520 0.863650 0.504089 -0.001609 0.545257 -0.994505 1 1 1.000000
  0 23.266705 -3.605951 0.015791 0.869600 0.493751 0.002240 0.547785 -0.993392 1 1 1.000000
nuke_blu.vtf
  0 22.475107 -3.605919 -6.020002 0.703348 0.683457 -0.195419 0.526251 -0.951575 1 1 1.000000
  0 22.140869 -3.243566 -5.942288 0.698900 0.687193 -0.198254 0.523120 -0.953021 1 1 1.000000
  0 23.058802 -3.239740 0.004520 0.863650 0.504089 -0.001609 0.545257 -0.994505 1 1 1.000000
nuke_blu.vtf
  0 22.475107 -3.605919 -6.020002 0.703348 0.683457 -0.195419 0.526251 -0.951575 1 1 1.000000
  0 19.845116 -3.252063 -11.483601 0.620798 0.695999 -0.360826 0.503953 -0.910072 1 1 1.000000
  0 22.140869 -3.243566 -5.942288 0.698900 0.687193 -0.198254 0.523120 -0.953021 1 1 1.000000
nuke_blu.vtf
  0 22.475107 -3.605919 -6.020002 0.703348 0.683457 -0.195419 0.526251 -0.951575 1 1 1.000000
  0 20.148045 -3.605741 -11.645196 0.621543 0.696814 -0.357959 0.507186 -0.908883 1 1 1.000000
  0 19.845116 -3.252063 -11.483601 0.620798 0.695999 -0.360826 0.503953 -0.910072 1 1 1.000000
nuke_blu.vtf
  0 20.148045 -3.605741 -11.645196 0.621543 0.696814 -0.357959 0.507186 -0.908883 1 1 1.000000
  0 16.193331 -3.265141 -16.241674 0.496321 0.709958 -0.499624 0.488781 -0.865689 1 1 1.000000
  0 19.845116 -3.252063 -11.483601 0.620798 0.695999 -0.360826 0.503953 -0.910072 1 1 1.000000
nuke_blu.vtf
  0 20.148045 -3.605741 -11.645196 0.621543 0.696814 -0.357959 0.507186 -0.908883 1 1 1.000000
  0 16.444445 -3.605309 -16.476170 0.497647 0.711002 -0.496813 0.492103 -0.864824 1 1 1.000000
  0 16.193331 -3.265141 -16.241674 0.496321 0.709958 -0.499624 0.488781 -0.865689 1 1 1.000000
nuke_blu.vtf
  0 16.444445 -3.605309 -16.476170 0.497647 0.711002 -0.496813 0.492103 -0.864824 1 1 1.000000
  0 11.434599 -3.281881 -19.892103 0.340449 0.728319 -0.594681 0.478234 -0.820217 1 1 1.000000
  0 16.193331 -3.265141 -16.241674 0.496321 0.709958 -0.499624 0.488781 -0.865689 1 1 1.000000
nuke_blu.vtf
  0 16.444445 -3.605309 -16.476170 0.497647 0.711002 -0.496813 0.492103 -0.864824 1 1 1.000000
  0 11.616586 -3.604756 -20.183945 0.342331 0.729528 -0.592113 0.481619 -0.819708 1 1 1.000000
  0 11.434599 -3.281881 -19.892103 0.340449 0.728319 -0.594681 0.478234 -0.820217 1 1 1.000000
nuke_blu.vtf
  0 11.616586 -3.604756 -20.183945 0.342331 0.729528 -0.592113 0.481619 -0.819708 1 1 1.000000
  0 5.893411 -3.301139 -22.186174 0.168632 0.750148 -0.639407 0.472596 -0.774083 1 1 1.000000
  0 11.434599 -3.281881 -19.892103 0.340449 0.728319 -0.594681 0.478234 -0.820217 1 1 1.000000
nuke_blu.vtf
  0 11.616586 -3.604756 -20.183945 0.342331 0.729528 -0.592113 0.481619 -0.819708 1 1 1.000000
  0 5.993794 -3.604065 -22.515715 0.171054 0.751446 -0.637236 0.476014 -0.773945 1 1 1.000000
  0 5.893411 -3.301139 -22.186174 0.168632 0.750148 -0.639407 0.472596 -0.774083 1 1 1.000000
nuke_blu.vtf
  0 5.993794 -3.604065 -22.515715 0.171054 0.751446 -0.637236 0.476014 -0.773945 1 1 1.000000
  0 -0.052422 -3.321637 -22.967731 -0.001148 0.773727 -0.633518 0.472000 -0.727740 1 1 1.000000
  0 5.893411 -3.301139 -22.186174 0.168632 0.750148 -0.639407 0.472596 -0.774083 1 1 1.000000
nuke_blu.vtf
  0 5.993794 -3.604065 -22.515715 0.171054 0.751446 -0.637236 0.476014 -0.773945 1 1 1.000000
  0 -0.040803 -3.603267 -23.312588 0.001550 0.774559 -0.632500 0.475415 -0.727980 1 1 1.000000
  0 -0.052422 -3.321637 -22.967731 -0.001148 0.773727 -0.633518 0.472000 -0.727740 1 1 1.000000
nuke_blu.vtf
  0 -6.076156 -3.603988 -22.521620 -0.167533 0.764607 -0.622341 0.479870 -0.682300 1 1 1.000000
  0 -0.052422 -3.321637 -22.967731 -0.001148 0.773727 -0.633518 0.472000 -0.727740 1 1 1.000000
  0 -0.040803 -3.603267 -23.312588 0.001550 0.774559 -0.632500 0.475415 -0.727980 1 1 1.000000
nuke_blu.vtf
  0 -6.076156 -3.603988 -22.521620 -0.167533 0.764607 -0.622341 0.479870 -0.682300 1 1 1.000000
  0 -5.998698 -3.312524 -22.186224 -0.171059 0.762904 -0.623471 0.476520 -0.681684 1 1 1.000000
  0 -0.052422 -3.321637 -22.967731 -0.001148 0.773727 -0.633518 0.472000 -0.727740 1 1 1.000000
nuke_blu.vtf
  0 -6.076156 -3.603988 -22.521620 -0.167533 0.764607 -0.622341 0.479870 -0.682300 1 1 1.000000
  0 -11.539840 -3.360632 -19.892258 -0.289345 0.816372 -0.499817 0.485987 -0.636559 1 1 1.000000
  0 -5.998698 -3.312524 -22.186224 -0.171059 0.762904 -0.623471 0.476520 -0.681684 1 1 1.000000
nuke_blu.vtf
  0 -6.076156 -3.603988 -22.521620 -0.167533 0.764607 -0.622341 0.479870 -0.682300 1 1 1.000000
  0 -11.716908 -3.610673 -20.199926 -0.288269 0.817913 -0.497914 0.489332 -0.637449 1 1 1.000000
  0 -11.539840 -3.360632 -19.892258 -0.289345 0.816372 -0.499817 0.485987 -0.636559 1 1 1.000000
nuke_blu.vtf
  0 -11.716908 -3.610673 -20.199926 -0.288269 0.817913 -0.497914 0.489332 -0.637449 1 1 1.000000
  0 -16.298698 -3.376548 -16.241903 -0.394513 0.831401 -0.391320 0.499592 -0.592654 1 1 1.000000
  0 -11.539840 -3.360632 -19.892258 -0.289345 0.816372 -0.499817 0.485987 -0.636559 1 1 1.000000
nuke_blu.vtf
  0 -11.716908 -3.610673 -20.199926 -0.288269 0.817913 -0.497914 0.489332 -0.637449 1 1 1.000000
  0 -16.532742 -3.605239 -16.492451 -0.391835 0.832114 -0.392493 0.502763 -0.593909 1 1 1.000000
  0 -16.298698 -3.376548 -16.241903 -0.394513 0.831401 -0.391320 0.499592 -0.592654 1 1 1.000000
nuke_blu.vtf
  0 -13.830199 21.503939 3.684987 -0.842620 0.478707 0.246638 0.323824 -0.018357 1 1 1.000000
  0 -7.389102 34.062500 0.974783 -0.862963 0.477961 0.163853 0.300924 -0.123833 1 1 1.000000
  0 -14.160287 21.511423 1.862386 -0.864243 0.477459 0.158482 0.337014 -0.022775 1 1 1.000000
nuke_blu.vtf
  0 -13.830199 21.503939 3.684987 -0.842620 0.478707 0.246638 0.323824 -0.018357 1 1 1.000000
  0 -7.214708 34.052921 1.918340 -0.841029 0.479094 0.251277 0.294098 -0.121521 1 1 1.000000
  0 -7.389102 34.062500 0.974783 -0.862963 0.477961 0.163853 0.300924 -0.123833 1 1 1.000000
nuke_blu.vtf
  0 -12.424524 21.494892 7.129158 -0.760279 0.479331 0.438426 0.296519 -0.012193 1 1 1.000000
  0 -7.214708 34.052921 1.918340 -0.841029 0.479094 0.251277 0.294098 -0.121521 1 1 1.000000
  0 -13.830199 21.503939 3.684987 -0.842620 0.478707 0.246638 0.323824 -0.018357 1 1 1.000000
nuke_blu.vtf
  0 -12.424524 21.494892 7.129158 -0.760279 0.479331 0.438426 0.296519 -0.012193 1 1 1.000000
  0 -6.478076 34.048748 3.706236 -0.759954 0.479589 0.438708 0.279903 -0.118343 1 1 1.000000
  0 -7.214708 34.052921 1.918340 -0.841029 0.479094 0.251277 0.294098 -0.121521 1 1 1.000000
nuke_blu.vtf
  0 -12.424524 21.494892 7.129158 -0.760279 0.479331 0.438426 0.296519 -0.012193 1 1 1.000000
  0 -5.300187 34.052517 5.236266 -0.619978 0.479122 0.621345 0.265436 -0.117045 1 1 1.000000
  0 -6.478076 34.048748 3.706236 -0.759954 0.479589 0.438708 0.279903 -0.118343 1 1 1.000000
nuke_blu.vtf
  0 -12.424524 21.494892 7.129158 -0.760279 0.479331 0.438426 0.296519 -0.012193 1 1 1.000000
  0 -10.151660 21.500591 10.069388 -0.619119 0.478792 0.622455 0.268673 -0.009712 1 1 1.000000
  0 -5.300187 34.052517 5.236266 -0.619978 0.479122 0.621345 0.265436 -0.117045 1 1 1.000000
nuke_blu.vtf
  0 -10.151660 21.500591 10.069388 -0.619119 0.478792 0.622455 0.268673 -0.009712 1 1 1.000000
  0 -3.766603 34.057457 6.408027 -0.438050 0.478318 0.761133 0.250927 -0.117576 1 1 1.000000
  0 -5.300187 34.052517 5.236266 -0.619978 0.479122 0.621345 0.265436 -0.117045 1 1 1.000000
nuke_blu.vtf
  0 -10.151660 21.500591 10.069388 -0.619119 0.478792 0.622455 0.268673 -0.009712 1 1 1.000000
  0 -7.196015 21.508007 12.315448 -0.436681 0.477903 0.762180 0.240767 -0.010755 1 1 1.000000
  0 -3.766603 34.057457 6.408027 -0.438050 0.478318 0.761133 0.250927 -0.117576 1 1 1.000000
nuke_blu.vtf
  0 -7.196015 21.508007 12.315448 -0.436681 0.477903 0.762180 0.240767 -0.010755 1 1 1.000000
  0 -1.982806 34.063221 7.141870 -0.257664 0.477149 0.840201 0.236608 -0.119920 1 1 1.000000
  0 -3.766603 34.057457 6.408027 -0.438050 0.478318 0.761133 0.250927 -0.117576 1 1 1.000000
nuke_blu.vtf
  0 -7.196015 21.508007 12.315448 -0.436681 0.477903 0.762180 0.240767 -0.010755 1 1 1.000000
  0 -3.763279 21.516642 13.715398 -0.250210 0.476627 0.842747 0.213249 -0.015284 1 1 1.000000
  0 -1.982806 34.063221 7.141870 -0.257664 0.477149 0.840201 0.236608 -0.119920 1 1 1.000000
nuke_blu.vtf
  0 -3.763279 21.516642 13.715398 -0.250210 0.476627 0.842747 0.213249 -0.015284 1 1 1.000000
  0 -1.042319 34.067623 7.332388 -0.175816 0.476268 0.861544 0.229633 -0.121735 1 1 1.000000
  0 -1.982806 34.063221 7.141870 -0.257664 0.477149 0.840201 0.236608 -0.119920 1 1 1.000000
nuke_blu.vtf
  0 -3.763279 21.516642 13.715398 -0.250210 0.476627 0.842747 0.213249 -0.015284 1 1 1.000000
  0 -1.943727 21.517225 14.063913 -0.165654 0.475346 0.864063 0.199789 -0.018804 1 1 1.000000
  0 -1.042319 34.067623 7.332388 -0.175816 0.476268 0.861544 0.229633 -0.121735 1 1 1.000000
nuke_blu.vtf
  0 0.840090 34.273659 6.998478 0.059308 0.858058 0.510117 0.059148 -0.325164 1 1 1.000000
  0 0.313269 34.068764 7.363746 0.005005 0.869047 0.494705 0.063555 -0.321554 1 1 1.000000
  0 0.881301 34.069031 7.332525 0.066579 0.854474 0.515211 0.058717 -0.321858 1 1 1.000000
nuke_blu.vtf
  0 0.840090 34.273659 6.998478 0.059308 0.858058 0.510117 0.059148 -0.325164 1 1 1.000000
  0 0.881301 34.069031 7.332525 0.066579 0.854474 0.515211 0.058717 -0.321858 1 1 1.000000
  0 1.831395 34.066036 7.141884 0.152600 0.850556 0.503257 0.050654 -0.323486 1 1 1.000000
nuke_blu.vtf
  0 0.840090 34.273659 6.998478 0.059308 0.858058 0.510117 0.059148 -0.325164 1 1 1.000000
  0 1.831395 34.066036 7.141884 0.152600 0.850556 0.503257 0.050654 -0.323486 1 1 1.000000
  0 1.745379 34.271900 6.820850 0.153997 0.849986 0.503793 0.051518 -0.326679 1 1 1.000000
nuke_blu.vtf
  0 1.831395 34.066036 7.141884 0.152600 0.850556 0.503257 0.050654 -0.323486 1 1 1.000000
  0 3.448920 34.268665 6.120047 0.263119 0.850365 0.455683 0.037162 -0.332603 1 1 1.000000
  0 1.745379 34.271900 6.820850 0.153997 0.849986 0.503793 0.051518 -0.326679 1 1 1.000000
nuke_blu.vtf
  0 1.831395 34.066036 7.141884 0.152600 0.850556 0.503257 0.050654 -0.323486 1 1 1.000000
  0 3.615191 34.062897 6.408062 0.263290 0.850397 0.455525 0.035503 -0.329737 1 1 1.000000
  0 3.448920 34.268665 6.120047 0.263119 0.850365 0.455683 0.037162 -0.332603 1 1 1.000000
nuke_blu.vtf
  0 3.615191 34.062897 6.408062 0.263290 0.850397 0.455525 0.035503 -0.329737 1 1 1.000000
  0 4.913499 34.265919 5.001044 0.371840 0.850574 0.371832 0.024805 -0.342044 1 1 1.000000
  0 3.448920 34.268665 6.120047 0.263119 0.850365 0.455683 0.037162 -0.332603 1 1 1.000000
nuke_blu.vtf
  0 3.615191 34.062897 6.408062 0.263290 0.850397 0.455525 0.035503 -0.329737 1 1 1.000000
  0 5.148804 34.060200 5.236349 0.371951 0.850595 0.371673 0.022461 -0.339699 1 1 1.000000
  0 4.913499 34.265919 5.001044 0.371840 0.850574 0.371832 0.024805 -0.342044 1 1 1.000000
nuke_blu.vtf
  0 5.148804 34.060200 5.236349 0.371951 0.850595 0.371673 0.022461 -0.339699 1 1 1.000000
  0 6.038409 34.263836 3.539906 0.454967 0.850662 0.263400 0.015290 -0.354378 1 1 1.000000
  0 4.913499 34.265919 5.001044 0.371840 0.850574 0.371832 0.024805 -0.342044 1 1 1.000000
nuke_blu.vtf
  0 5.148804 34.060200 5.236349 0.371951 0.850595 0.371673 0.022461 -0.339699 1 1 1.000000
  0 6.326714 34.058121 3.706341 0.454918 0.850680 0.263424 0.012417 -0.352713 1 1 1.000000
  0 6.038409 34.263836 3.539906 0.454967 0.850662 0.263400 0.015290 -0.354378 1 1 1.000000
nuke_blu.vtf
  0 7.063369 34.063461 1.918451 0.503109 0.850249 0.154784 0.006103 -0.367939 1 1 1.000000
  0 6.038409 34.263836 3.539906 0.454967 0.850662 0.263400 0.015290 -0.354378 1 1 1.000000
  0 6.326714 34.058121 3.706341 0.454918 0.850680 0.263424 0.012417 -0.352713 1 1 1.000000
nuke_blu.vtf
  0 7.063369 34.063461 1.918451 0.503109 0.850249 0.154784 0.006103 -0.367939 1 1 1.000000
  0 6.741916 34.269119 1.832439 0.502320 0.850463 0.156162 0.009311 -0.368817 1 1 1.000000
  0 6.038409 34.263836 3.539906 0.454967 0.850662 0.263400 0.015290 -0.354378 1 1 1.000000
nuke_blu.vtf
  0 6.915439 34.278244 0.923249 0.520568 0.851865 0.057749 0.007828 -0.376522 1 1 1.000000
  0 6.741916 34.269119 1.832439 0.502320 0.850463 0.156162 0.009311 -0.368817 1 1 1.000000
  0 7.063369 34.063461 1.918451 0.503109 0.850249 0.154784 0.006103 -0.367939 1 1 1.000000
nuke_blu.vtf
  0 6.915439 34.278244 0.923249 0.520568 0.851865 0.057749 0.007828 -0.376522 1 1 1.000000
  0 7.063369 34.063461 1.918451 0.503109 0.850249 0.154784 0.006103 -0.367939 1 1 1.000000
  0 7.241450 34.072914 0.970649 0.525090 0.848598 0.064517 0.004557 -0.376026 1 1 1.000000
nuke_blu.vtf
  0 6.915439 34.278244 0.923249 0.520568 0.851865 0.057749 0.007828 -0.376522 1 1 1.000000
  0 7.241450 34.072914 0.970649 0.525090 0.848598 0.064517 0.004557 -0.376026 1 1 1.000000
  0 7.261741 34.074104 0.415388 0.512421 0.858724 0.004239 0.004322 -0.380805 1 1 1.000000
nuke_blu.vtf
  0 6.915439 34.278244 0.923249 0.520568 0.851865 0.057749 0.007828 -0.376522 1 1 1.000000
  0 7.261741 34.074104 0.415388 0.512421 0.858724 0.004239 0.004322 -0.380805 1 1 1.000000
  0 7.261494 34.074112 -0.373546 0.462811 0.886312 -0.016014 0.004367 -0.387578 1 1 1.000000
nuke_blu.vtf
  0 6.915439 34.278244 0.923249 0.520568 0.851865 0.057749 0.007828 -0.376522 1 1 1.000000
  0 7.261494 34.074112 -0.373546 0.462811 0.886312 -0.016014 0.004367 -0.387578 1 1 1.000000
  0 7.241420 34.072990 -0.948986 0.521095 0.851700 -0.055383 0.004618 -0.392509 1 1 1.000000
nuke_blu.vtf
  0 6.915439 34.278244 0.923249 0.520568 0.851865 0.057749 0.007828 -0.376522 1 1 1.000000
  0 7.241420 34.072990 -0.948986 0.521095 0.851700 -0.055383 0.004618 -0.392509 1 1 1.000000
  0 6.915443 34.278328 -0.908727 0.527536 0.847875 -0.053053 0.007881 -0.392060 1 1 1.000000
nuke_blu.vtf
  0 6.741945 34.269253 -1.817957 0.503107 0.850149 -0.155339 0.009399 -0.399750 1 1 1.000000
  0 6.915443 34.278328 -0.908727 0.527536 0.847875 -0.053053 0.007881 -0.392060 1 1 1.000000
  0 7.241420 34.072990 -0.948986 0.521095 0.851700 -0.055383 0.004618 -0.392509 1 1 1.000000
nuke_blu.vtf
  0 6.741945 34.269253 -1.817957 0.503107 0.850149 -0.155339 0.009399 -0.399750 1 1 1.000000
  0 7.241420 34.072990 -0.948986 0.521095 0.851700 -0.055383 0.004618 -0.392509 1 1 1.000000
  0 7.063389 34.063633 -1.903959 0.502922 0.850558 -0.153691 0.006199 -0.400640 1 1 1.000000
nuke_blu.vtf
  0 7.063389 34.063633 -1.903959 0.502922 0.850558 -0.153691 0.006199 -0.400640 1 1 1.000000
  0 6.038469 34.264038 -3.525415 0.454885 0.850748 -0.263262 0.015440 -0.414151 1 1 1.000000
  0 6.741945 34.269253 -1.817957 0.503107 0.850149 -0.155339 0.009399 -0.399750 1 1 1.000000
nuke_blu.vtf
  0 7.063389 34.063633 -1.903959 0.502922 0.850558 -0.153691 0.006199 -0.400640 1 1 1.000000
  0 6.326766 34.058380 -3.691911 0.454850 0.850750 -0.263317 0.012576 -0.415828 1 1 1.000000
  0 6.038469 34.264038 -3.525415 0.454885 0.850748 -0.263262 0.015440 -0.414151 1 1 1.000000
nuke_blu.vtf
  0 6.326766 34.058380 -3.691911 0.454850 0.850750 -0.263317 0.012576 -0.415828 1 1 1.000000
  0 4.913577 34.266201 -4.986618 0.371861 0.850597 -0.371757 0.025005 -0.426438 1 1 1.000000
  0 6.038469 34.264038 -3.525415 0.454885 0.850748 -0.263262 0.015440 -0.414151 1 1 1.000000
nuke_blu.vtf
  0 6.326766 34.058380 -3.691911 0.454850 0.850750 -0.263317 0.012576 -0.415828 1 1 1.000000
  0 5.148873 34.060474 -5.221941 0.372026 0.850564 -0.371668 0.022672 -0.428792 1 1 1.000000
  0 4.913577 34.266201 -4.986618 0.371861 0.850597 -0.371757 0.025005 -0.426438 1 1 1.000000
nuke_blu.vtf
  0 5.148873 34.060474 -5.221941 0.372026 0.850564 -0.371668 0.022672 -0.428792 1 1 1.000000
  0 3.449013 34.269089 -6.105642 0.263181 0.850321 -0.455730 0.037400 -0.435823 1 1 1.000000
  0 4.913577 34.266201 -4.986618 0.371861 0.850597 -0.371757 0.025005 -0.426438 1 1 1.000000
nuke_blu.vtf
  0 5.148873 34.060474 -5.221941 0.372026 0.850564 -0.371668 0.022672 -0.428792 1 1 1.000000
  0 3.615287 34.063232 -6.393685 0.263402 0.850292 -0.455657 0.035754 -0.438696 1 1 1.000000
  0 3.449013 34.269089 -6.105642 0.263181 0.850321 -0.455730 0.037400 -0.435823 1 1 1.000000
nuke_blu.vtf
  0 3.615287 34.063232 -6.393685 0.263402 0.850292 -0.455657 0.035754 -0.438696 1 1 1.000000
  0 1.745473 34.272316 -6.806455 0.148540 0.850113 -0.505216 0.051780 -0.441682 1 1 1.000000
  0 3.449013 34.269089 -6.105642 0.263181 0.850321 -0.455730 0.037400 -0.435823 1 1 1.000000
nuke_blu.vtf
  0 3.615287 34.063232 -6.393685 0.263402 0.850292 -0.455657 0.035754 -0.438696 1 1 1.000000
  0 1.831492 34.066460 -7.127539 0.147534 0.850445 -0.504952 0.050934 -0.444879 1 1 1.000000
  0 1.745473 34.272316 -6.806455 0.148540 0.850113 -0.505216 0.051780 -0.441682 1 1 1.000000
nuke_blu.vtf
  0 0.840188 34.274101 -6.964946 0.049664 0.853893 -0.518073 0.059416 -0.443005 1 1 1.000000
  0 1.745473 34.272316 -6.806455 0.148540 0.850113 -0.505216 0.051780 -0.441682 1 1 1.000000
  0 1.831492 34.066460 -7.127539 0.147534 0.850445 -0.504952 0.050934 -0.444879 1 1 1.000000
nuke_blu.vtf
  0 0.840188 34.274101 -6.964946 0.049664 0.853893 -0.518073 0.059416 -0.443005 1 1 1.000000
  0 1.831492 34.066460 -7.127539 0.147534 0.850445 -0.504952 0.050934 -0.444879 1 1 1.000000
  0 0.882479 34.068817 -7.296660 0.054500 0.852169 -0.520420 0.058993 -0.446300 1 1 1.000000
nuke_blu.vtf
  0 0.840188 34.274101 -6.964946 0.049664 0.853893 -0.518073 0.059416 -0.443005 1 1 1.000000
  0 0.882479 34.068817 -7.296660 0.054500 0.852169 -0.520420 0.058993 -0.446300 1 1 1.000000
  0 0.313373 34.069164 -7.311012 0.002113 0.859029 -0.511923 0.063839 -0.446458 1 1 1.000000
nuke_blu.vtf
  0 0.840188 34.274101 -6.964946 0.049664 0.853893 -0.518073 0.059416 -0.443005 1 1 1.000000
  0 0.313373 34.069164 -7.311012 0.002113 0.859029 -0.511923 0.063839 -0.446458 1 1 1.000000
  0 -0.475558 34.068542 -7.310766 -0.012380 0.879525 -0.475692 0.070548 -0.446441 1 1 1.000000
nuke_blu.vtf
  0 0.840188 34.274101 -6.964946 0.049664 0.853893 -0.518073 0.059416 -0.443005 1 1 1.000000
  0 -0.475558 34.068542 -7.310766 -0.012380 0.879525 -0.475692 0.070548 -0.446441 1 1 1.000000
  0 -1.038484 34.067444 -7.296613 -0.049330 0.854310 -0.517418 0.075341 -0.446262 1 1 1.000000
nuke_blu.vtf
  0 0.840188 34.274101 -6.964946 0.049664 0.853893 -0.518073 0.059416 -0.443005 1 1 1.000000
  0 -1.038484 34.067444 -7.296613 -0.049330 0.854310 -0.517418 0.075341 -0.446262 1 1 1.000000
  0 -0.991795 34.272728 -6.964972 -0.045557 0.852262 -0.521128 0.074863 -0.442970 1 1 1.000000
nuke_blu.vtf
  0 -1.897086 34.269638 -6.806481 -0.150587 0.850274 -0.504338 0.082493 -0.441613 1 1 1.000000
  0 -0.991795 34.272728 -6.964972 -0.045557 0.852262 -0.521128 0.074863 -0.442970 1 1 1.000000
  0 -1.038484 34.067444 -7.296613 -0.049330 0.854310 -0.517418 0.075341 -0.446262 1 1 1.000000
nuke_blu.vtf
  0 -1.897086 34.269638 -6.806481 -0.150587 0.850274 -0.504338 0.082493 -0.441613 1 1 1.000000
  0 -1.038484 34.067444 -7.296613 -0.049330 0.854310 -0.517418 0.075341 -0.446262 1 1 1.000000
  0 -1.982705 34.063671 -7.127574 -0.149810 0.849890 -0.505217 0.083353 -0.444806 1 1 1.000000
nuke_blu.vtf
  0 -3.766515 34.057800 -6.393748 -0.264674 0.849909 -0.455633 0.098506 -0.438554 1 1 1.000000
  0 -1.897086 34.269638 -6.806481 -0.150587 0.850274 -0.504338 0.082493 -0.441613 1 1 1.000000
  0 -1.982705 34.063671 -7.127574 -0.149810 0.849890 -0.505217 0.083353 -0.444806 1 1 1.000000
nuke_blu.vtf
  0 -3.766515 34.057800 -6.393748 -0.264674 0.849909 -0.455633 0.098506 -0.438554 1 1 1.000000
  0 -3.600610 34.263893 -6.105693 -0.264494 0.849906 -0.455743 0.096848 -0.435688 1 1 1.000000
  0 -1.897086 34.269638 -6.806481 -0.150587 0.850274 -0.504338 0.082493 -0.441613 1 1 1.000000
nuke_blu.vtf
  0 -3.766515 34.057800 -6.393748 -0.264674 0.849909 -0.455633 0.098506 -0.438554 1 1 1.000000
  0 -5.065217 34.258888 -4.986701 -0.373284 0.849900 -0.371926 0.109202 -0.426246 1 1 1.000000
  0 -3.600610 34.263893 -6.105693 -0.264494 0.849906 -0.455743 0.096848 -0.435688 1 1 1.000000
nuke_blu.vtf
  0 -3.766515 34.057800 -6.393748 -0.264674 0.849909 -0.455633 0.098506 -0.438554 1 1 1.000000
  0 -5.300110 34.052750 -5.222027 -0.373367 0.849930 -0.371774 0.111545 -0.428590 1 1 1.000000
  0 -5.065217 34.258888 -4.986701 -0.373284 0.849900 -0.371926 0.109202 -0.426246 1 1 1.000000
nuke_blu.vtf
  0 -5.300110 34.052750 -5.222027 -0.373367 0.849930 -0.371774 0.111545 -0.428590 1 1 1.000000
  0 -6.190118 34.255009 -3.525511 -0.456246 0.849988 -0.263363 0.118713 -0.413912 1 1 1.000000
  0 -5.065217 34.258888 -4.986701 -0.373284 0.849900 -0.371926 0.109202 -0.426246 1 1 1.000000
nuke_blu.vtf
  0 -5.300110 34.052750 -5.222027 -0.373367 0.849930 -0.371774 0.111545 -0.428590 1 1 1.000000
  0 -6.478024 34.048904 -3.692018 -0.456169 0.850018 -0.263399 0.121585 -0.415577 1 1 1.000000
  0 -6.190118 34.255009 -3.525511 -0.456246 0.849988 -0.263363 0.118713 -0.413912 1 1 1.000000
nuke_blu.vtf
  0 -7.214687 34.053059 -1.904074 -0.504518 0.849767 -0.152832 0.127897 -0.400352 1 1 1.000000
  0 -6.190118 34.255009 -3.525511 -0.456246 0.849988 -0.263363 0.118713 -0.413912 1 1 1.000000
  0 -6.478024 34.048904 -3.692018 -0.456169 0.850018 -0.263399 0.121585 -0.415577 1 1 1.000000
nuke_blu.vtf
  0 -7.214687 34.053059 -1.904074 -0.504518 0.849767 -0.152832 0.127897 -0.400352 1 1 1.000000
  0 -6.893620 34.259163 -1.818065 -0.505151 0.849043 -0.154750 0.124690 -0.399475 1 1 1.000000
  0 -6.190118 34.255009 -3.525511 -0.456246 0.849988 -0.263363 0.118713 -0.413912 1 1 1.000000
nuke_blu.vtf
  0 -6.893620 34.259163 -1.818065 -0.505151 0.849043 -0.154750 0.124690 -0.399475 1 1 1.000000
  0 -7.214687 34.053059 -1.904074 -0.504518 0.849767 -0.152832 0.127897 -0.400352 1 1 1.000000
  0 -7.389033 34.062534 -0.946173 -0.525230 0.849155 -0.055407 0.129415 -0.392182 1 1 1.000000
nuke_blu.vtf
  0 -6.893620 34.259163 -1.818065 -0.505151 0.849043 -0.154750 0.124690 -0.399475 1 1 1.000000
  0 -7.389033 34.062534 -0.946173 -0.525230 0.849155 -0.055407 0.129415 -0.392182 1 1 1.000000
  0 -7.067157 34.268047 -0.908831 -0.532937 0.844449 -0.053709 0.126171 -0.391772 1 1 1.000000
nuke_blu.vtf
  0 -7.067174 34.267979 0.923144 -0.524029 0.849724 0.057989 0.126120 -0.376237 1 1 1.000000
  0 -7.067157 34.268047 -0.908831 -0.532937 0.844449 -0.053709 0.126171 -0.391772 1 1 1.000000
  0 -7.389033 34.062534 -0.946173 -0.525230 0.849155 -0.055407 0.129415 -0.392182 1 1 1.000000
nuke_blu.vtf
  0 -7.067174 34.267979 0.923144 -0.524029 0.849724 0.057989 0.126120 -0.376237 1 1 1.000000
  0 -7.389033 34.062534 -0.946173 -0.525230 0.849155 -0.055407 0.129415 -0.392182 1 1 1.000000
  0 -7.412782 34.063229 -0.373662 -0.458817 0.888349 -0.017982 0.129678 -0.387258 1 1 1.000000
nuke_blu.vtf
  0 -7.067174 34.267979 0.923144 -0.524029 0.849724 0.057989 0.126120 -0.376237 1 1 1.000000
  0 -7.412782 34.063229 -0.373662 -0.458817 0.888349 -0.017982 0.129678 -0.387258 1 1 1.000000
  0 -7.413035 34.063255 0.415274 -0.514527 0.857461 0.004750 0.129630 -0.380486 1 1 1.000000
nuke_blu.vtf
  0 -7.067174 34.267979 0.923144 -0.524029 0.849724 0.057989 0.126120 -0.376237 1 1 1.000000
  0 -7.413035 34.063255 0.415274 -0.514527 0.857461 0.004750 0.129630 -0.380486 1 1 1.000000
  0 -7.389102 34.062500 0.974783 -0.529332 0.845857 0.065825 0.129351 -0.375691 1 1 1.000000
nuke_blu.vtf
  0 -7.067174 34.267979 0.923144 -0.524029 0.849724 0.057989 0.126120 -0.376237 1 1 1.000000
  0 -7.389102 34.062500 0.974783 -0.529332 0.845857 0.065825 0.129351 -0.375691 1 1 1.000000
  0 -7.214708 34.052921 1.918340 -0.504913 0.849177 0.154795 0.127802 -0.367658 1 1 1.000000
nuke_blu.vtf
  0 -7.067174 34.267979 0.923144 -0.524029 0.849724 0.057989 0.126120 -0.376237 1 1 1.000000
  0 -7.214708 34.052921 1.918340 -0.504913 0.849177 0.154795 0.127802 -0.367658 1 1 1.000000
  0 -6.893651 34.259129 1.832349 -0.503810 0.849569 0.156231 0.124603 -0.368549 1 1 1.000000
nuke_blu.vtf
  0 -7.214708 34.052921 1.918340 -0.504913 0.849177 0.154795 0.127802 -0.367658 1 1 1.000000
  0 -6.190156 34.254814 3.539824 -0.456217 0.850012 0.263337 0.118564 -0.354149 1 1 1.000000
  0 -6.893651 34.259129 1.832349 -0.503810 0.849569 0.156231 0.124603 -0.368549 1 1 1.000000
nuke_blu.vtf
  0 -7.214708 34.052921 1.918340 -0.504913 0.849177 0.154795 0.127802 -0.367658 1 1 1.000000
  0 -6.478076 34.048748 3.706236 -0.456174 0.850023 0.263376 0.121427 -0.352473 1 1 1.000000
  0 -6.190156 34.254814 3.539824 -0.456217 0.850012 0.263337 0.118564 -0.354149 1 1 1.000000
nuke_blu.vtf
  0 -6.478076 34.048748 3.706236 -0.456174 0.850023 0.263376 0.121427 -0.352473 1 1 1.000000
  0 -5.065281 34.258575 5.000987 -0.373136 0.849997 0.371852 0.109002 -0.341863 1 1 1.000000
  0 -6.190156 34.254814 3.539824 -0.456217 0.850012 0.263337 0.118564 -0.354149 1 1 1.000000
nuke_blu.vtf
  0 -6.478076 34.048748 3.706236 -0.456174 0.850023 0.263376 0.121427 -0.352473 1 1 1.000000
  0 -5.300187 34.052517 5.236266 -0.373287 0.849974 0.371754 0.111334 -0.339509 1 1 1.000000
  0 -5.065281 34.258575 5.000987 -0.373136 0.849997 0.371852 0.109002 -0.341863 1 1 1.000000
nuke_blu.vtf
  0 -5.300187 34.052517 5.236266 -0.373287 0.849974 0.371754 0.111334 -0.339509 1 1 1.000000
  0 -3.600701 34.263451 6.119994 -0.264366 0.850016 0.455613 0.096609 -0.332476 1 1 1.000000
  0 -5.065281 34.258575 5.000987 -0.373136 0.849997 0.371852 0.109002 -0.341863 1 1 1.000000
nuke_blu.vtf
  0 -5.300187 34.052517 5.236266 -0.373287 0.849974 0.371754 0.111334 -0.339509 1 1 1.000000
  0 -3.766603 34.057457 6.408027 -0.264572 0.849984 0.455552 0.098255 -0.329604 1 1 1.000000
  0 -3.600701 34.263451 6.119994 -0.264366 0.850016 0.455613 0.096609 -0.332476 1 1 1.000000
nuke_blu.vtf
  0 -3.766603 34.057457 6.408027 -0.264572 0.849984 0.455552 0.098255 -0.329604 1 1 1.000000
  0 -1.897184 34.269218 6.820816 -0.156534 0.850401 0.502311 0.082230 -0.326614 1 1 1.000000
  0 -3.600701 34.263451 6.119994 -0.264366 0.850016 0.455613 0.096609 -0.332476 1 1 1.000000
nuke_blu.vtf
  0 -3.766603 34.057457 6.408027 -0.264572 0.849984 0.455552 0.098255 -0.329604 1 1 1.000000
  0 -1.982806 34.063221 7.141870 -0.155648 0.849738 0.503706 0.083081 -0.323418 1 1 1.000000
  0 -1.897184 34.269218 6.820816 -0.156534 0.850401 0.502311 0.082230 -0.326614 1 1 1.000000
nuke_blu.vtf
  0 -1.897184 34.269218 6.820816 -0.156534 0.850401 0.502311 0.082230 -0.326614 1 1 1.000000
  0 -1.982806 34.063221 7.141870 -0.155648 0.849738 0.503706 0.083081 -0.323418 1 1 1.000000
  0 -1.042319 34.067623 7.332388 -0.055149 0.859052 0.508908 0.075093 -0.321826 1 1 1.000000
nuke_blu.vtf
  0 -1.897184 34.269218 6.820816 -0.156534 0.850401 0.502311 0.082230 -0.326614 1 1 1.000000
  0 -1.042319 34.067623 7.332388 -0.055149 0.859052 0.508908 0.075093 -0.321826 1 1 1.000000
  0 -0.991897 34.272247 6.998485 -0.050288 0.854918 0.516320 0.074595 -0.325131 1 1 1.000000
nuke_blu.vtf
  0 0.840090 34.273659 6.998478 0.059308 0.858058 0.510117 0.059148 -0.325164 1 1 1.000000
  0 -0.991897 34.272247 6.998485 -0.050288 0.854918 0.516320 0.074595 -0.325131 1 1 1.000000
  0 -1.042319 34.067623 7.332388 -0.055149 0.859052 0.508908 0.075093 -0.321826 1 1 1.000000
nuke_blu.vtf
  0 0.840090 34.273659 6.998478 0.059308 0.858058 0.510117 0.059148 -0.325164 1 1 1.000000
  0 -1.042319 34.067623 7.332388 -0.055149 0.859052 0.508908 0.075093 -0.321826 1 1 1.000000
  0 -0.475665 34.068146 7.363484 -0.021753 0.902654 0.429817 0.070265 -0.321542 1 1 1.000000
nuke_blu.vtf
  0 0.840090 34.273659 6.998478 0.059308 0.858058 0.510117 0.059148 -0.325164 1 1 1.000000
  0 -0.475665 34.068146 7.363484 -0.021753 0.902654 0.429817 0.070265 -0.321542 1 1 1.000000
  0 0.313269 34.068764 7.363746 0.005005 0.869047 0.494705 0.063555 -0.321554 1 1 1.000000
nuke_blu.vtf
  0 15.980516 -11.130520 16.022745 0.690098 -0.218211 0.690035 0.814262 -0.612360 1 1 1.000000
  0 11.288524 -11.130568 19.623041 0.487951 -0.218588 0.845058 0.802519 -0.651237 1 1 1.000000
  0 10.801688 -14.573932 18.768412 0.472327 -0.328140 0.818065 0.825723 -0.657028 1 1 1.000000
nuke_blu.vtf
  0 11.572443 -7.560105 20.144281 0.497615 -0.089776 0.862740 0.778255 -0.645365 1 1 1.000000
  0 11.288524 -11.130568 19.623041 0.487951 -0.218588 0.845058 0.802519 -0.651237 1 1 1.000000
  0 15.980516 -11.130520 16.022745 0.690098 -0.218211 0.690035 0.814262 -0.612360 1 1 1.000000
nuke_blu.vtf
  0 5.963912 -7.560058 22.464832 0.256841 -0.089968 0.962257 0.770575 -0.687692 1 1 1.000000
  0 11.288524 -11.130568 19.623041 0.487951 -0.218588 0.845058 0.802519 -0.651237 1 1 1.000000
  0 11.572443 -7.560105 20.144281 0.497615 -0.089776 0.862740 0.778255 -0.645365 1 1 1.000000
nuke_blu.vtf
  0 5.971654 -3.603539 22.530262 0.257098 -0.016534 0.966244 0.742119 -0.684257 1 1 1.000000
  0 5.963912 -7.560058 22.464832 0.256841 -0.089968 0.962257 0.770575 -0.687692 1 1 1.000000
  0 11.572443 -7.560105 20.144281 0.497615 -0.089776 0.862740 0.778255 -0.645365 1 1 1.000000
nuke_blu.vtf
  0 -0.075022 -3.598454 23.310701 -0.000479 -0.015185 0.999885 0.738927 -0.730265 1 1 1.000000
  0 5.963912 -7.560058 22.464832 0.256841 -0.089968 0.962257 0.770575 -0.687692 1 1 1.000000
  0 5.971654 -3.603539 22.530262 0.257098 -0.016534 0.966244 0.742119 -0.684257 1 1 1.000000
nuke_blu.vtf
  0 -0.075022 -3.598454 23.310701 -0.000479 -0.015185 0.999885 0.738927 -0.730265 1 1 1.000000
  0 -0.063067 -7.556281 23.252373 -0.000344 -0.089383 0.995997 0.767545 -0.730501 1 1 1.000000
  0 5.963912 -7.560058 22.464832 0.256841 -0.089968 0.962257 0.770575 -0.687692 1 1 1.000000
nuke_blu.vtf
  0 -6.098296 -3.603550 22.524347 -0.258983 -0.017048 0.965731 0.740807 -0.776124 1 1 1.000000
  0 -0.063067 -7.556281 23.252373 -0.000344 -0.089383 0.995997 0.767545 -0.730501 1 1 1.000000
  0 -0.075022 -3.598454 23.310701 -0.000479 -0.015185 0.999885 0.738927 -0.730265 1 1 1.000000
nuke_blu.vtf
  0 -6.098296 -3.603550 22.524347 -0.258983 -0.017048 0.965731 0.740807 -0.776124 1 1 1.000000
  0 -6.071633 -7.560101 22.460171 -0.258051 -0.091066 0.961830 0.769275 -0.773220 1 1 1.000000
  0 -0.063067 -7.556281 23.252373 -0.000344 -0.089383 0.995997 0.767545 -0.730501 1 1 1.000000
nuke_blu.vtf
  0 -11.721166 -3.604295 20.192595 -0.500417 -0.017973 0.865598 0.747566 -0.821659 1 1 1.000000
  0 -6.071633 -7.560101 22.460171 -0.258051 -0.091066 0.961830 0.769275 -0.773220 1 1 1.000000
  0 -6.098296 -3.603550 22.524347 -0.258983 -0.017048 0.965731 0.740807 -0.776124 1 1 1.000000
nuke_blu.vtf
  0 -11.721166 -3.604295 20.192595 -0.500417 -0.017973 0.865598 0.747566 -0.821659 1 1 1.000000
  0 -11.678381 -7.560113 20.135208 -0.498246 -0.091561 0.862188 0.775647 -0.815653 1 1 1.000000
  0 -6.071633 -7.560101 22.460171 -0.258051 -0.091066 0.961830 0.769275 -0.773220 1 1 1.000000
nuke_blu.vtf
  0 -16.548910 -3.605001 16.484863 -0.707380 -0.018444 0.706593 0.759110 -0.866371 1 1 1.000000
  0 -11.678381 -7.560113 20.135208 -0.498246 -0.091561 0.862188 0.775647 -0.815653 1 1 1.000000
  0 -11.721166 -3.604295 20.192595 -0.500417 -0.017973 0.865598 0.747566 -0.821659 1 1 1.000000
nuke_blu.vtf
  0 -16.548910 -3.605001 16.484863 -0.707380 -0.018444 0.706593 0.759110 -0.866371 1 1 1.000000
  0 -16.492382 -7.560159 16.438257 -0.704400 -0.091963 0.703821 0.786576 -0.857390 1 1 1.000000
  0 -11.678381 -7.560113 20.135208 -0.498246 -0.091561 0.862188 0.775647 -0.815653 1 1 1.000000
nuke_blu.vtf
  0 -20.252579 -3.605478 11.653839 -0.866143 -0.018805 0.499443 0.775146 -0.909875 1 1 1.000000
  0 -16.492382 -7.560159 16.438257 -0.704400 -0.091963 0.703821 0.786576 -0.857390 1 1 1.000000
  0 -16.548910 -3.605001 16.484863 -0.707380 -0.018444 0.706593 0.759110 -0.866371 1 1 1.000000
nuke_blu.vtf
  0 -20.252579 -3.605478 11.653839 -0.866143 -0.018805 0.499443 0.775146 -0.909875 1 1 1.000000
  0 -20.185471 -7.560200 11.621395 -0.862535 -0.092262 0.497516 0.801839 -0.898169 1 1 1.000000
  0 -16.492382 -7.560159 16.438257 -0.704400 -0.091963 0.703821 0.786576 -0.857390 1 1 1.000000
nuke_blu.vtf
  0 -22.579578 -3.605845 6.028649 -0.965885 -0.018995 0.258272 0.795058 -0.951905 1 1 1.000000
  0 -20.185471 -7.560200 11.621395 -0.862535 -0.092262 0.497516 0.801839 -0.898169 1 1 1.000000
  0 -20.252579 -3.605478 11.653839 -0.866143 -0.018805 0.499443 0.775146 -0.909875 1 1 1.000000
nuke_blu.vtf
  0 -22.579578 -3.605845 6.028649 -0.965885 -0.018995 0.258272 0.795058 -0.951905 1 1 1.000000
  0 -22.506147 -7.560178 6.012797 -0.961897 -0.092426 0.257315 0.821045 -0.937966 1 1 1.000000
  0 -20.185471 -7.560200 11.621395 -0.862535 -0.092262 0.497516 0.801839 -0.898169 1 1 1.000000
nuke_blu.vtf
  0 -23.371246 -3.605981 -0.007166 -0.999819 -0.019043 -0.000504 0.817383 -0.992997 1 1 1.000000
  0 -22.506147 -7.560178 6.012797 -0.961897 -0.092426 0.257315 0.821045 -0.937966 1 1 1.000000
  0 -22.579578 -3.605845 6.028649 -0.965885 -0.018995 0.258272 0.795058 -0.951905 1 1 1.000000
nuke_blu.vtf
  0 -23.371246 -3.605981 -0.007166 -0.999819 -0.019043 -0.000504 0.817383 -0.992997 1 1 1.000000
  0 -23.296030 -7.560277 -0.005343 -0.995717 -0.092456 -0.000419 0.843764 -0.977339 1 1 1.000000
  0 -22.506147 -7.560178 6.012797 -0.961897 -0.092426 0.257315 0.821045 -0.937966 1 1 1.000000
nuke_blu.vtf
  0 -14.747235 21.168409 3.935418 -0.324551 0.941418 0.091650 0.466710 -0.575993 1 1 1.000000
  0 -14.242307 21.513071 0.013328 -0.336140 0.940987 0.039417 0.486527 -0.552325 1 1 1.000000
  0 -15.233374 21.167173 0.358722 -0.315951 0.947818 0.042616 0.478735 -0.552889 1 1 1.000000
nuke_blu.vtf
  0 -14.747235 21.168409 3.935418 -0.324551 0.941418 0.091650 0.466710 -0.575993 1 1 1.000000
  0 -14.160287 21.511423 1.862386 -0.431659 0.901634 0.026971 0.480448 -0.566336 1 1 1.000000
  0 -14.242307 21.513071 0.013328 -0.336140 0.940987 0.039417 0.486527 -0.552325 1 1 1.000000
nuke_blu.vtf
  0 -14.747235 21.168409 3.935418 -0.324551 0.941418 0.091650 0.466710 -0.575993 1 1 1.000000
  0 -13.830199 21.503939 3.684987 -0.318697 0.942947 0.096353 0.473652 -0.579288 1 1 1.000000
  0 -14.160287 21.511423 1.862386 -0.431659 0.901634 0.026971 0.480448 -0.566336 1 1 1.000000
nuke_blu.vtf
  0 -14.747235 21.168409 3.935418 -0.324551 0.941418 0.091650 0.466710 -0.575993 1 1 1.000000
  0 -12.424524 21.494892 7.129158 -0.286332 0.943798 0.165101 0.462229 -0.605955 1 1 1.000000
  0 -13.830199 21.503939 3.684987 -0.318697 0.942947 0.096353 0.473652 -0.579288 1 1 1.000000
nuke_blu.vtf
  0 -14.747235 21.168409 3.935418 -0.324551 0.941418 0.091650 0.466710 -0.575993 1 1 1.000000
  0 -13.222595 21.172306 7.590279 -0.286243 0.943849 0.164965 0.455288 -0.603365 1 1 1.000000
  0 -12.424524 21.494892 7.129158 -0.286332 0.943798 0.165101 0.462229 -0.605955 1 1 1.000000
nuke_blu.vtf
  0 -13.222595 21.172306 7.590279 -0.286243 0.943849 0.164965 0.455288 -0.603365 1 1 1.000000
  0 -10.151660 21.500591 10.069388 -0.233921 0.943744 0.233729 0.453618 -0.633778 1 1 1.000000
  0 -12.424524 21.494892 7.129158 -0.286332 0.943798 0.165101 0.462229 -0.605955 1 1 1.000000
nuke_blu.vtf
  0 -13.222595 21.172306 7.590279 -0.286243 0.943849 0.164965 0.455288 -0.603365 1 1 1.000000
  0 -10.801311 21.178469 10.719710 -0.234127 0.943716 0.233634 0.446453 -0.631843 1 1 1.000000
  0 -10.151660 21.500591 10.069388 -0.233921 0.943744 0.233729 0.453618 -0.633778 1 1 1.000000
nuke_blu.vtf
  0 -10.801311 21.178469 10.719710 -0.234127 0.943716 0.233634 0.446453 -0.631843 1 1 1.000000
  0 -7.196015 21.508007 12.315448 -0.165694 0.943591 0.286674 0.447528 -0.662379 1 1 1.000000
  0 -10.151660 21.500591 10.069388 -0.233921 0.943744 0.233729 0.453618 -0.633778 1 1 1.000000
nuke_blu.vtf
  0 -10.801311 21.178469 10.719710 -0.234127 0.943716 0.233634 0.446453 -0.631843 1 1 1.000000
  0 -7.653553 21.186520 13.109030 -0.165969 0.943559 0.286621 0.440221 -0.661094 1 1 1.000000
  0 -7.196015 21.508007 12.315448 -0.165694 0.943591 0.286674 0.447528 -0.662379 1 1 1.000000
nuke_blu.vtf
  0 -7.653553 21.186520 13.109030 -0.165969 0.943559 0.286621 0.440221 -0.661094 1 1 1.000000
  0 -3.763279 21.516642 13.715398 -0.096004 0.943363 0.317568 0.443959 -0.691432 1 1 1.000000
  0 -7.196015 21.508007 12.315448 -0.165694 0.943591 0.286674 0.447528 -0.662379 1 1 1.000000
nuke_blu.vtf
  0 -7.653553 21.186520 13.109030 -0.165969 0.943559 0.286621 0.440221 -0.661094 1 1 1.000000
  0 -3.998779 21.195841 14.597016 -0.092558 0.941549 0.323912 0.436593 -0.690810 1 1 1.000000
  0 -3.763279 21.516642 13.715398 -0.096004 0.943363 0.317568 0.443959 -0.691432 1 1 1.000000
nuke_blu.vtf
  0 -3.998779 21.195841 14.597016 -0.092558 0.941549 0.323912 0.436593 -0.690810 1 1 1.000000
  0 -1.943727 21.517225 14.063913 -0.035769 0.910836 0.411216 0.443162 -0.705989 1 1 1.000000
  0 -3.763279 21.516642 13.715398 -0.096004 0.943363 0.317568 0.443959 -0.691432 1 1 1.000000
nuke_blu.vtf
  0 -3.998779 21.195841 14.597016 -0.092558 0.941549 0.323912 0.436593 -0.690810 1 1 1.000000
  0 -0.548639 21.524744 14.150414 -0.028151 0.939826 0.340492 0.443112 -0.717054 1 1 1.000000
  0 -1.943727 21.517225 14.063913 -0.035769 0.910836 0.411216 0.443162 -0.705989 1 1 1.000000
nuke_blu.vtf
  0 -3.998779 21.195841 14.597016 -0.092558 0.941549 0.323912 0.436593 -0.690810 1 1 1.000000
  0 -0.104434 21.205832 15.085762 -0.000092 0.941726 0.336380 0.435597 -0.720659 1 1 1.000000
  0 -0.548639 21.524744 14.150414 -0.028151 0.939826 0.340492 0.443112 -0.717054 1 1 1.000000
nuke_blu.vtf
  0 0.340852 21.524761 14.150599 0.028004 0.939834 0.340482 0.443127 -0.724235 1 1 1.000000
  0 -0.548639 21.524744 14.150414 -0.028151 0.939826 0.340492 0.443112 -0.717054 1 1 1.000000
  0 -0.104434 21.205832 15.085762 -0.000092 0.941726 0.336380 0.435597 -0.720659 1 1 1.000000
nuke_blu.vtf
  0 3.804649 21.195841 14.597051 0.092430 0.941601 0.323796 0.436733 -0.750612 1 1 1.000000
  0 0.340852 21.524761 14.150599 0.028004 0.939834 0.340482 0.443127 -0.724235 1 1 1.000000
  0 -0.104434 21.205832 15.085762 -0.000092 0.941726 0.336380 0.435597 -0.720659 1 1 1.000000
nuke_blu.vtf
  0 3.804649 21.195841 14.597051 0.092430 0.941601 0.323796 0.436733 -0.750612 1 1 1.000000
  0 1.737647 21.517225 14.064042 0.035667 0.910956 0.410958 0.443235 -0.735308 1 1 1.000000
  0 0.340852 21.524761 14.150599 0.028004 0.939834 0.340482 0.443127 -0.724235 1 1 1.000000
nuke_blu.vtf
  0 3.804649 21.195841 14.597051 0.092430 0.941601 0.323796 0.436733 -0.750612 1 1 1.000000
  0 3.568007 21.516642 13.715441 0.095765 0.943403 0.317521 0.444097 -0.749945 1 1 1.000000
  0 1.737647 21.517225 14.064042 0.035667 0.910956 0.410958 0.443235 -0.735308 1 1 1.000000
nuke_blu.vtf
  0 7.459475 21.186520 13.109210 0.165870 0.943641 0.286407 0.440504 -0.780303 1 1 1.000000
  0 3.568007 21.516642 13.715441 0.095765 0.943403 0.317521 0.444097 -0.749945 1 1 1.000000
  0 3.804649 21.195841 14.597051 0.092430 0.941601 0.323796 0.436733 -0.750612 1 1 1.000000
nuke_blu.vtf
  0 7.459475 21.186520 13.109210 0.165870 0.943641 0.286407 0.440504 -0.780303 1 1 1.000000
  0 7.000811 21.507990 12.315475 0.165551 0.943673 0.286485 0.447804 -0.778973 1 1 1.000000
  0 3.568007 21.516642 13.715441 0.095765 0.943403 0.317521 0.444097 -0.749945 1 1 1.000000
nuke_blu.vtf
  0 10.607261 21.178486 10.719891 0.233947 0.943806 0.233449 0.446881 -0.809506 1 1 1.000000
  0 7.000811 21.507990 12.315475 0.165551 0.943673 0.286485 0.447804 -0.778973 1 1 1.000000
  0 7.459475 21.186520 13.109210 0.165870 0.943641 0.286407 0.440504 -0.780303 1 1 1.000000
nuke_blu.vtf
  0 10.607261 21.178486 10.719891 0.233947 0.943806 0.233449 0.446881 -0.809506 1 1 1.000000
  0 9.956510 21.500608 10.069551 0.233709 0.943833 0.233578 0.454036 -0.807526 1 1 1.000000
  0 7.000811 21.507990 12.315475 0.165551 0.943673 0.286485 0.447804 -0.778973 1 1 1.000000
nuke_blu.vtf
  0 13.028655 21.172358 7.590485 0.285944 0.943972 0.164781 0.455866 -0.837916 1 1 1.000000
  0 9.956510 21.500608 10.069551 0.233709 0.943833 0.233578 0.454036 -0.807526 1 1 1.000000
  0 10.607261 21.178486 10.719891 0.233947 0.943806 0.233449 0.446881 -0.809506 1 1 1.000000
nuke_blu.vtf
  0 13.028655 21.172358 7.590485 0.285944 0.943972 0.164781 0.455866 -0.837916 1 1 1.000000
  0 12.229477 21.494892 7.129348 0.286015 0.943923 0.164941 0.462792 -0.835282 1 1 1.000000
  0 9.956510 21.500608 10.069551 0.233709 0.943833 0.233578 0.454036 -0.807526 1 1 1.000000
nuke_blu.vtf
  0 14.553387 21.168444 3.935635 0.324528 0.941382 0.092096 0.467437 -0.865197 1 1 1.000000
  0 12.229477 21.494892 7.129348 0.286015 0.943923 0.164941 0.462792 -0.835282 1 1 1.000000
  0 13.028655 21.172358 7.590485 0.285944 0.943972 0.164781 0.455866 -0.837916 1 1 1.000000
nuke_blu.vtf
  0 14.553387 21.168444 3.935635 0.324528 0.941382 0.092096 0.467437 -0.865197 1 1 1.000000
  0 13.635109 21.503956 3.685194 0.318075 0.943074 0.097154 0.474359 -0.861858 1 1 1.000000
  0 12.229477 21.494892 7.129348 0.286015 0.943923 0.164941 0.462792 -0.835282 1 1 1.000000
nuke_blu.vtf
  0 14.553387 21.168444 3.935635 0.324528 0.941382 0.092096 0.467437 -0.865197 1 1 1.000000
  0 13.963181 21.516298 1.857195 0.438040 0.898580 0.026001 0.481273 -0.874774 1 1 1.000000
  0 13.635109 21.503956 3.685194 0.318075 0.943074 0.097154 0.474359 -0.861858 1 1 1.000000
nuke_blu.vtf
  0 14.553387 21.168444 3.935635 0.324528 0.941382 0.092096 0.467437 -0.865197 1 1 1.000000
  0 14.047225 21.513105 0.013555 0.337248 0.940602 0.039134 0.487396 -0.888707 1 1 1.000000
  0 13.963181 21.516298 1.857195 0.438040 0.898580 0.026001 0.481273 -0.874774 1 1 1.000000
nuke_blu.vtf
  0 14.553387 21.168444 3.935635 0.324528 0.941382 0.092096 0.467437 -0.865197 1 1 1.000000
  0 15.039697 21.167173 0.358957 0.315593 0.947939 0.042574 0.479598 -0.888205 1 1 1.000000
  0 14.047225 21.513105 0.013555 0.337248 0.940602 0.039134 0.487396 -0.888707 1 1 1.000000
nuke_blu.vtf
  0 0.315611 34.279945 7.616011 0.999999 0.001292 -0.000004 0.428054 -0.317384 1 1 1.000000
  0 0.324636 27.775911 17.834085 0.999998 0.001808 0.000267 0.355185 -0.362311 1 1 1.000000
  0 0.340620 21.832891 14.444124 0.999997 0.002343 0.000608 0.327442 -0.322380 1 1 1.000000
nuke_blu.vtf
  0 0.315611 34.279945 7.616011 0.999999 0.001292 -0.000004 0.428054 -0.317384 1 1 1.000000
  0 0.312132 41.011799 17.831133 1.000000 0.000774 -0.000169 0.439999 -0.403132 1 1 1.000000
  0 0.324636 27.775911 17.834085 0.999998 0.001808 0.000267 0.355185 -0.362311 1 1 1.000000
nuke_blu.vtf
  0 0.315611 34.279945 7.616011 0.999999 0.001292 -0.000004 0.428054 -0.317384 1 1 1.000000
  0 0.312540 40.596836 14.730075 1.000000 0.000398 0.000078 0.446804 -0.382130 1 1 1.000000
  0 0.312132 41.011799 17.831133 1.000000 0.000774 -0.000169 0.439999 -0.403132 1 1 1.000000
nuke_blu.vtf
  0 -22.565948 -3.180974 -6.003199 -0.811756 -0.573749 -0.108924 0.298687 -0.945393 1 1 1.000000
  0 -23.218330 -3.398443 0.004174 -0.811756 -0.573749 -0.108924 0.316458 -0.988150 1 1 1.000000
  0 -23.328508 -3.185194 -0.298001 -0.811756 -0.573749 -0.108924 0.317311 -0.984709 1 1 1.000000
nuke_blu.vtf
  0 -22.565948 -3.180974 -6.003199 -0.531422 -0.833516 -0.151134 0.298687 -0.945393 1 1 1.000000
  0 -22.246264 -3.395780 -5.942614 -0.530654 -0.833126 -0.155907 0.295625 -0.946747 1 1 1.000000
  0 -23.218330 -3.398443 0.004174 -0.543784 -0.834464 -0.089261 0.316458 -0.988150 1 1 1.000000
nuke_blu.vtf
  0 -20.237003 -3.165618 -11.624382 -0.496439 -0.819399 -0.286589 0.281878 -0.902462 1 1 1.000000
  0 -22.246264 -3.395780 -5.942614 -0.530654 -0.833126 -0.155907 0.295625 -0.946747 1 1 1.000000
  0 -22.565948 -3.180974 -6.003199 -0.531422 -0.833516 -0.151134 0.298687 -0.945393 1 1 1.000000
nuke_blu.vtf
  0 -20.237003 -3.165618 -11.624382 -0.496439 -0.819399 -0.286589 0.281878 -0.902462 1 1 1.000000
  0 -19.950466 -3.388541 -11.483864 -0.494648 -0.818708 -0.291617 0.278726 -0.903584 1 1 1.000000
  0 -22.246264 -3.395780 -5.942614 -0.530654 -0.833126 -0.155907 0.295625 -0.946747 1 1 1.000000
nuke_blu.vtf
  0 -16.532585 -3.140307 -16.451017 -0.424574 -0.798720 -0.426361 0.268457 -0.858348 1 1 1.000000
  0 -19.950466 -3.388541 -11.483864 -0.494648 -0.818708 -0.291617 0.278726 -0.903584 1 1 1.000000
  0 -20.237003 -3.165618 -11.624382 -0.496439 -0.819399 -0.286589 0.281878 -0.902462 1 1 1.000000
nuke_blu.vtf
  0 -16.532585 -3.140307 -16.451017 -0.424574 -0.798720 -0.426361 0.268457 -0.858348 1 1 1.000000
  0 -16.298698 -3.376548 -16.241903 -0.422350 -0.797832 -0.430214 0.265229 -0.859209 1 1 1.000000
  0 -19.950466 -3.388541 -11.483864 -0.494648 -0.818708 -0.291617 0.278726 -0.903584 1 1 1.000000
nuke_blu.vtf
  0 -11.705169 -3.106799 -20.153997 -0.314168 -0.773712 -0.550154 0.258699 -0.813286 1 1 1.000000
  0 -16.298698 -3.376548 -16.241903 -0.422350 -0.797832 -0.430214 0.265229 -0.859209 1 1 1.000000
  0 -16.532585 -3.140307 -16.451017 -0.424574 -0.798720 -0.426361 0.268457 -0.858348 1 1 1.000000
nuke_blu.vtf
  0 -11.705169 -3.106799 -20.153997 -0.314168 -0.773712 -0.550154 0.258699 -0.813286 1 1 1.000000
  0 -11.539840 -3.360632 -19.892258 -0.312117 -0.772924 -0.552424 0.255414 -0.813870 1 1 1.000000
  0 -16.298698 -3.376548 -16.241903 -0.422350 -0.797832 -0.430214 0.265229 -0.859209 1 1 1.000000
nuke_blu.vtf
  0 -11.705169 -3.106799 -20.153997 -0.314168 -0.773712 -0.550154 0.258699 -0.813286 1 1 1.000000
  0 -5.998698 -3.312524 -22.186224 -0.156008 -0.779640 -0.606484 0.249431 -0.767868 1 1 1.000000
  0 -11.539840 -3.360632 -19.892258 -0.312117 -0.772924 -0.552424 0.255414 -0.813870 1 1 1.000000
nuke_blu.vtf
  0 -11.705169 -3.106799 -20.153997 -0.314168 -0.773712 -0.550154 0.258699 -0.813286 1 1 1.000000
  0 -6.084083 -3.067235 -22.481100 -0.156858 -0.781124 -0.604351 0.252750 -0.767567 1 1 1.000000
  0 -5.998698 -3.312524 -22.186224 -0.156008 -0.779640 -0.606484 0.249431 -0.767868 1 1 1.000000
nuke_blu.vtf
  0 -0.052571 -3.024487 -23.273870 0.002443 -0.718985 -0.695021 0.250678 -0.721511 1 1 1.000000
  0 -5.998698 -3.312524 -22.186224 -0.156008 -0.779640 -0.606484 0.249431 -0.767868 1 1 1.000000
  0 -6.084083 -3.067235 -22.481100 -0.156858 -0.781124 -0.604351 0.252750 -0.767567 1 1 1.000000
nuke_blu.vtf
  0 -0.052571 -3.024487 -23.273870 0.002443 -0.718985 -0.695021 0.250678 -0.721511 1 1 1.000000
  0 -0.052422 -3.321637 -22.967731 0.001821 -0.717085 -0.696983 0.247349 -0.721526 1 1 1.000000
  0 -5.998698 -3.312524 -22.186224 -0.156008 -0.779640 -0.606484 0.249431 -0.767868 1 1 1.000000
nuke_blu.vtf
  0 5.978941 -2.984434 -22.481058 0.189976 -0.696552 -0.691899 0.252480 -0.675438 1 1 1.000000
  0 -0.052422 -3.321637 -22.967731 0.001821 -0.717085 -0.696983 0.247349 -0.721526 1 1 1.000000
  0 -0.052571 -3.024487 -23.273870 0.002443 -0.718985 -0.695021 0.250678 -0.721511 1 1 1.000000
nuke_blu.vtf
  0 5.978941 -2.984434 -22.481058 0.189976 -0.696552 -0.691899 0.252480 -0.675438 1 1 1.000000
  0 5.893411 -3.301139 -22.186174 0.188008 -0.695559 -0.693434 0.249157 -0.675165 1 1 1.000000
  0 -0.052422 -3.321637 -22.967731 0.001821 -0.717085 -0.696983 0.247349 -0.721526 1 1 1.000000
nuke_blu.vtf
  0 11.600003 -2.946813 -20.153887 0.371155 -0.678999 -0.633407 0.258154 -0.629667 1 1 1.000000
  0 5.893411 -3.301139 -22.186174 0.188008 -0.695559 -0.693434 0.249157 -0.675165 1 1 1.000000
  0 5.978941 -2.984434 -22.481058 0.189976 -0.696552 -0.691899 0.252480 -0.675438 1 1 1.000000
nuke_blu.vtf
  0 11.600003 -2.946813 -20.153887 0.371155 -0.678999 -0.633407 0.258154 -0.629667 1 1 1.000000
  0 11.434599 -3.281881 -19.892103 0.368235 -0.678051 -0.636121 0.254860 -0.629110 1 1 1.000000
  0 5.893411 -3.301139 -22.186174 0.188008 -0.695559 -0.693434 0.249157 -0.675165 1 1 1.000000
nuke_blu.vtf
  0 16.427380 -2.914167 -16.450846 0.530423 -0.666602 -0.523731 0.267623 -0.584512 1 1 1.000000
  0 11.434599 -3.281881 -19.892103 0.368235 -0.678051 -0.636121 0.254860 -0.629110 1 1 1.000000
  0 11.600003 -2.946813 -20.153887 0.371155 -0.678999 -0.633407 0.258154 -0.629667 1 1 1.000000
nuke_blu.vtf
  0 16.427380 -2.914167 -16.450846 0.530423 -0.666602 -0.523731 0.267623 -0.584512 1 1 1.000000
  0 16.193331 -3.265141 -16.241674 0.527344 -0.665740 -0.527920 0.264381 -0.583678 1 1 1.000000
  0 11.434599 -3.281881 -19.892103 0.368235 -0.678051 -0.636121 0.254860 -0.629110 1 1 1.000000
nuke_blu.vtf
  0 20.131792 -2.888574 -11.624143 0.653146 -0.659547 -0.372018 0.280735 -0.540258 1 1 1.000000
  0 16.193331 -3.265141 -16.241674 0.527344 -0.665740 -0.527920 0.264381 -0.583678 1 1 1.000000
  0 16.427380 -2.914167 -16.450846 0.530423 -0.666602 -0.523731 0.267623 -0.584512 1 1 1.000000
nuke_blu.vtf
  0 20.131792 -2.888574 -11.624143 0.653146 -0.659547 -0.372018 0.280735 -0.540258 1 1 1.000000
  0 19.845116 -3.252063 -11.483601 0.650718 -0.658824 -0.377515 0.277564 -0.539163 1 1 1.000000
  0 16.193331 -3.265141 -16.241674 0.527344 -0.665740 -0.527920 0.264381 -0.583678 1 1 1.000000
nuke_blu.vtf
  0 22.460606 -2.872028 -6.002904 0.729664 -0.653951 -0.199848 0.297208 -0.497127 1 1 1.000000
  0 19.845116 -3.252063 -11.483601 0.650718 -0.658824 -0.377515 0.277564 -0.539163 1 1 1.000000
  0 20.131792 -2.888574 -11.624143 0.653146 -0.659547 -0.372018 0.280735 -0.540258 1 1 1.000000
nuke_blu.vtf
  0 22.460606 -2.872028 -6.002904 0.729664 -0.653951 -0.199848 0.297208 -0.497127 1 1 1.000000
  0 22.140869 -3.243566 -5.942288 0.724871 -0.657400 -0.205883 0.294123 -0.495799 1 1 1.000000
  0 19.845116 -3.252063 -11.483601 0.650718 -0.658824 -0.377515 0.277564 -0.539163 1 1 1.000000
nuke_blu.vtf
  0 22.460606 -2.872028 -6.002904 0.729664 -0.653951 -0.199848 0.297208 -0.497127 1 1 1.000000
  0 23.058802 -3.239740 0.004520 0.862675 -0.492268 -0.116033 0.314544 -0.454071 1 1 1.000000
  0 22.140869 -3.243566 -5.942288 0.724871 -0.657400 -0.205883 0.294123 -0.495799 1 1 1.000000
nuke_blu.vtf
  0 22.460606 -2.872028 -6.002904 0.729664 -0.653951 -0.199848 0.297208 -0.497127 1 1 1.000000
  0 23.223125 -2.865708 -0.297665 0.871473 -0.476541 -0.115947 0.315436 -0.457412 1 1 1.000000
  0 23.058802 -3.239740 0.004520 0.862675 -0.492268 -0.116033 0.314544 -0.454071 1 1 1.000000
nuke_blu.vtf
  0 0.315721 34.280388 -7.563242 0.999999 0.001292 0.000019 0.343721 -0.448762 1 1 1.000000
  0 0.312391 41.012932 -17.777046 1.000000 0.000773 0.000184 0.334445 -0.362409 1 1 1.000000
  0 0.312757 40.597683 -14.675972 1.000000 0.000396 -0.000065 0.326993 -0.383285 1 1 1.000000
nuke_blu.vtf
  0 0.315721 34.280388 -7.563242 0.999999 0.001292 0.000019 0.343721 -0.448762 1 1 1.000000
  0 0.324896 27.776924 -17.782644 0.999998 0.001806 -0.000252 0.417937 -0.405750 1 1 1.000000
  0 0.312391 41.012932 -17.777046 1.000000 0.000773 0.000184 0.334445 -0.362409 1 1 1.000000
nuke_blu.vtf
  0 0.315721 34.280388 -7.563242 0.999999 0.001292 0.000019 0.343721 -0.448762 1 1 1.000000
  0 0.340820 21.832653 -14.384699 0.999997 0.002341 -0.000592 0.444399 -0.446649 1 1 1.000000
  0 0.324896 27.776924 -17.782644 0.999998 0.001806 -0.000252 0.417937 -0.405750 1 1 1.000000
nuke_blu.vtf
  0 22.460413 -3.025111 6.037186 0.531302 -0.834150 0.148025 0.298687 -0.945393 1 1 1.000000
  0 23.058802 -3.239740 0.004520 0.701573 -0.706275 0.094718 0.316458 -0.988150 1 1 1.000000
  0 23.223108 -3.025387 0.331984 0.714214 -0.693380 0.095513 0.317311 -0.984709 1 1 1.000000
nuke_blu.vtf
  0 22.460413 -3.025111 6.037186 0.531302 -0.834150 0.148025 0.298687 -0.945393 1 1 1.000000
  0 22.140757 -3.242213 5.951346 0.528365 -0.835975 0.148244 0.295625 -0.946747 1 1 1.000000
  0 23.058802 -3.239740 0.004520 0.701573 -0.706275 0.094718 0.316458 -0.988150 1 1 1.000000
nuke_blu.vtf
  0 20.131569 -3.024448 11.658388 0.486607 -0.827327 0.280614 0.281878 -0.902462 1 1 1.000000
  0 22.140757 -3.242213 5.951346 0.528365 -0.835975 0.148244 0.295625 -0.946747 1 1 1.000000
  0 22.460413 -3.025111 6.037186 0.531302 -0.834150 0.148025 0.298687 -0.945393 1 1 1.000000
nuke_blu.vtf
  0 20.131569 -3.024448 11.658388 0.486607 -0.827327 0.280614 0.281878 -0.902462 1 1 1.000000
  0 19.844900 -3.249454 11.492632 0.487274 -0.826821 0.280945 0.278726 -0.903584 1 1 1.000000
  0 22.140757 -3.242213 5.951346 0.528365 -0.835975 0.148244 0.295625 -0.946747 1 1 1.000000
nuke_blu.vtf
  0 16.426910 -3.023468 16.485052 0.412691 -0.812366 0.412004 0.268457 -0.858348 1 1 1.000000
  0 19.844900 -3.249454 11.492632 0.487274 -0.826821 0.280945 0.278726 -0.903584 1 1 1.000000
  0 20.131569 -3.024448 11.658388 0.486607 -0.827327 0.280614 0.281878 -0.902462 1 1 1.000000
nuke_blu.vtf
  0 16.426910 -3.023468 16.485052 0.412691 -0.812366 0.412004 0.268457 -0.858348 1 1 1.000000
  0 16.193153 -3.261450 16.250546 0.413528 -0.811613 0.412649 0.265229 -0.859209 1 1 1.000000
  0 19.844900 -3.249454 11.492632 0.487274 -0.826821 0.280945 0.278726 -0.903584 1 1 1.000000
nuke_blu.vtf
  0 11.599411 -3.022239 20.187977 0.305471 -0.792566 0.527757 0.258699 -0.813286 1 1 1.000000
  0 16.193153 -3.261450 16.250546 0.413528 -0.811613 0.412649 0.265229 -0.859209 1 1 1.000000
  0 16.426910 -3.023468 16.485052 0.412691 -0.812366 0.412004 0.268457 -0.858348 1 1 1.000000
nuke_blu.vtf
  0 11.599411 -3.022239 20.187977 0.305471 -0.792566 0.527757 0.258699 -0.813286 1 1 1.000000
  0 11.434290 -3.277364 19.901020 0.306202 -0.791612 0.528764 0.255414 -0.813870 1 1 1.000000
  0 16.193153 -3.261450 16.250546 0.413528 -0.811613 0.412649 0.265229 -0.859209 1 1 1.000000
nuke_blu.vtf
  0 5.978203 -3.020766 22.515120 0.166020 -0.769512 0.616675 0.252750 -0.767567 1 1 1.000000
  0 11.434290 -3.277364 19.901020 0.306202 -0.791612 0.528764 0.255414 -0.813870 1 1 1.000000
  0 11.599411 -3.022239 20.187977 0.305471 -0.792566 0.527757 0.258699 -0.813286 1 1 1.000000
nuke_blu.vtf
  0 5.978203 -3.020766 22.515120 0.166020 -0.769512 0.616675 0.252750 -0.767567 1 1 1.000000
  0 5.893080 -3.296139 22.195023 0.166520 -0.768420 0.617901 0.249431 -0.767868 1 1 1.000000
  0 11.434290 -3.277364 19.901020 0.306202 -0.791612 0.528764 0.255414 -0.813870 1 1 1.000000
nuke_blu.vtf
  0 -0.053480 -3.019237 23.307852 0.001116 -0.744998 0.667066 0.250678 -0.721511 1 1 1.000000
  0 5.893080 -3.296139 22.195023 0.166520 -0.768420 0.617901 0.249431 -0.767868 1 1 1.000000
  0 5.978203 -3.020766 22.515120 0.166020 -0.769512 0.616675 0.252750 -0.767567 1 1 1.000000
nuke_blu.vtf
  0 -0.053480 -3.019237 23.307852 0.001116 -0.744998 0.667066 0.250678 -0.721511 1 1 1.000000
  0 -0.052758 -3.316457 22.976513 0.001314 -0.743922 0.668265 0.247349 -0.721526 1 1 1.000000
  0 5.893080 -3.296139 22.195023 0.166520 -0.768420 0.617901 0.249431 -0.767868 1 1 1.000000
nuke_blu.vtf
  0 -6.085121 -3.020771 22.515034 -0.177222 -0.724283 0.666339 0.252480 -0.675438 1 1 1.000000
  0 -0.052758 -3.316457 22.976513 0.001314 -0.743922 0.668265 0.247349 -0.721526 1 1 1.000000
  0 -0.053480 -3.019237 23.307852 0.001116 -0.744998 0.667066 0.250678 -0.721511 1 1 1.000000
nuke_blu.vtf
  0 -6.085121 -3.020771 22.515034 -0.177222 -0.724283 0.666339 0.252480 -0.675438 1 1 1.000000
  0 -5.998926 -3.336863 22.194902 -0.177391 -0.723312 0.667348 0.249157 -0.675165 1 1 1.000000
  0 -0.052758 -3.316457 22.976513 0.001314 -0.743922 0.668265 0.247349 -0.721526 1 1 1.000000
nuke_blu.vtf
  0 -11.706334 -3.022208 20.187874 -0.353478 -0.705237 0.614568 0.258154 -0.629667 1 1 1.000000
  0 -5.998926 -3.336863 22.194902 -0.177391 -0.723312 0.667348 0.249157 -0.675165 1 1 1.000000
  0 -6.085121 -3.020771 22.515034 -0.177222 -0.724283 0.666339 0.252480 -0.675438 1 1 1.000000
nuke_blu.vtf
  0 -11.706334 -3.022208 20.187874 -0.353478 -0.705237 0.614568 0.258154 -0.629667 1 1 1.000000
  0 -11.540117 -3.356117 19.900839 -0.353827 -0.704358 0.615375 0.254860 -0.629110 1 1 1.000000
  0 -5.998926 -3.336863 22.194902 -0.177391 -0.723312 0.667348 0.249157 -0.675165 1 1 1.000000
nuke_blu.vtf
  0 -16.533804 -3.023540 16.484816 -0.511610 -0.689282 0.512977 0.267623 -0.584512 1 1 1.000000
  0 -11.540117 -3.356117 19.900839 -0.353827 -0.704358 0.615375 0.254860 -0.629110 1 1 1.000000
  0 -11.706334 -3.022208 20.187874 -0.353478 -0.705237 0.614568 0.258154 -0.629667 1 1 1.000000
nuke_blu.vtf
  0 -16.533804 -3.023540 16.484816 -0.511610 -0.689282 0.512977 0.267623 -0.584512 1 1 1.000000
  0 -16.298836 -3.372865 16.250322 -0.512046 -0.688552 0.513522 0.264381 -0.583678 1 1 1.000000
  0 -11.540117 -3.356117 19.900839 -0.353827 -0.704358 0.615375 0.254860 -0.629110 1 1 1.000000
nuke_blu.vtf
  0 -20.238325 -3.024471 11.658105 -0.637172 -0.676799 0.368719 0.280735 -0.540258 1 1 1.000000
  0 -16.298836 -3.372865 16.250322 -0.512046 -0.688552 0.513522 0.264381 -0.583678 1 1 1.000000
  0 -16.533804 -3.023540 16.484816 -0.511610 -0.689282 0.512977 0.267623 -0.584512 1 1 1.000000
nuke_blu.vtf
  0 -20.238325 -3.024471 11.658105 -0.637172 -0.676799 0.368719 0.280735 -0.540258 1 1 1.000000
  0 -19.950638 -3.385941 11.492366 -0.637558 -0.676266 0.369030 0.277564 -0.539163 1 1 1.000000
  0 -16.298836 -3.372865 16.250322 -0.512046 -0.688552 0.513522 0.264381 -0.583678 1 1 1.000000
nuke_blu.vtf
  0 -22.567167 -3.025175 6.036851 -0.719885 -0.663303 0.204439 0.297208 -0.497127 1 1 1.000000
  0 -19.950638 -3.385941 11.492366 -0.637558 -0.676266 0.369030 0.277564 -0.539163 1 1 1.000000
  0 -20.238325 -3.024471 11.658105 -0.637172 -0.676799 0.368719 0.280735 -0.540258 1 1 1.000000
nuke_blu.vtf
  0 -22.567167 -3.025175 6.036851 -0.719885 -0.663303 0.204439 0.297208 -0.497127 1 1 1.000000
  0 -22.246401 -3.394430 5.951012 -0.714845 -0.668600 0.204868 0.294123 -0.495799 1 1 1.000000
  0 -19.950638 -3.385941 11.492366 -0.637558 -0.676266 0.369030 0.277564 -0.539163 1 1 1.000000
nuke_blu.vtf
  0 -22.567167 -3.025175 6.036851 -0.719885 -0.663303 0.204439 0.297208 -0.497127 1 1 1.000000
  0 -23.218330 -3.398443 0.004174 -0.904721 -0.407893 0.122893 0.314544 -0.454071 1 1 1.000000
  0 -22.246401 -3.394430 5.951012 -0.714845 -0.668600 0.204868 0.294123 -0.495799 1 1 1.000000
nuke_blu.vtf
  0 -22.567167 -3.025175 6.036851 -0.719885 -0.663303 0.204439 0.297208 -0.497127 1 1 1.000000
  0 -23.329653 -3.025373 0.331610 -0.916437 -0.380970 0.122492 0.315436 -0.457412 1 1 1.000000
  0 -23.218330 -3.398443 0.004174 -0.904721 -0.407893 0.122893 0.314544 -0.454071 1 1 1.000000
nuke_blu.vtf
  0 -7.644825 34.221920 0.373094 -0.004954 0.001588 0.999986 0.430452 -0.157432 1 1 1.000000
  0 -17.784306 27.804098 0.333532 -0.006254 0.003716 0.999974 0.357115 -0.201674 1 1 1.000000
  0 -14.421338 21.814028 0.395750 -0.007729 0.006047 0.999952 0.329804 -0.161281 1 1 1.000000
nuke_blu.vtf
  0 -7.644825 34.221920 0.373094 -0.004954 0.001588 0.999986 0.430452 -0.157432 1 1 1.000000
  0 -17.636135 41.039314 0.335249 -0.003943 -0.000228 0.999992 0.441586 -0.243214 1 1 1.000000
  0 -17.784306 27.804098 0.333532 -0.006254 0.003716 0.999974 0.357115 -0.201674 1 1 1.000000
nuke_blu.vtf
  0 -7.644825 34.221920 0.373094 -0.004954 0.001588 0.999986 0.430452 -0.157432 1 1 1.000000
  0 -14.539748 40.591103 0.347863 -0.004151 -0.000532 0.999991 0.448598 -0.222286 1 1 1.000000
  0 -17.636135 41.039314 0.335249 -0.003943 -0.000228 0.999992 0.441586 -0.243214 1 1 1.000000
nuke_blu.vtf
  0 13.635178 21.503904 -3.668905 0.844084 0.476042 -0.246793 0.442431 -0.127338 1 1 1.000000
  0 7.241420 34.072990 -0.948986 0.864182 0.475325 -0.165091 0.422866 -0.021174 1 1 1.000000
  0 13.963215 21.516264 -1.832828 0.865900 0.474643 -0.157899 0.455862 -0.123282 1 1 1.000000
nuke_blu.vtf
  0 13.635178 21.503904 -3.668905 0.844084 0.476042 -0.246793 0.442431 -0.127338 1 1 1.000000
  0 7.063389 34.063633 -1.903959 0.842190 0.476509 -0.252300 0.415874 -0.023315 1 1 1.000000
  0 7.241420 34.072990 -0.948986 0.864182 0.475325 -0.165091 0.422866 -0.021174 1 1 1.000000
nuke_blu.vtf
  0 12.229580 21.494823 -7.113112 0.761258 0.477053 -0.439212 0.414950 -0.132662 1 1 1.000000
  0 7.063389 34.063633 -1.903959 0.842190 0.476509 -0.252300 0.415874 -0.023315 1 1 1.000000
  0 13.635178 21.503904 -3.668905 0.844084 0.476042 -0.246793 0.442431 -0.127338 1 1 1.000000
nuke_blu.vtf
  0 12.229580 21.494823 -7.113112 0.761258 0.477053 -0.439212 0.414950 -0.132662 1 1 1.000000
  0 6.326766 34.058380 -3.691911 0.760987 0.477069 -0.439663 0.401587 -0.026055 1 1 1.000000
  0 7.063389 34.063633 -1.903959 0.842190 0.476509 -0.252300 0.415874 -0.023315 1 1 1.000000
nuke_blu.vtf
  0 9.956664 21.500454 -10.053326 0.619643 0.477050 -0.623270 0.387041 -0.134288 1 1 1.000000
  0 6.326766 34.058380 -3.691911 0.760987 0.477069 -0.439663 0.401587 -0.026055 1 1 1.000000
  0 12.229580 21.494823 -7.113112 0.761258 0.477053 -0.439212 0.414950 -0.132662 1 1 1.000000
nuke_blu.vtf
  0 9.956664 21.500454 -10.053326 0.619643 0.477050 -0.623270 0.387041 -0.134288 1 1 1.000000
  0 5.148873 34.060474 -5.221941 0.620692 0.476767 -0.622443 0.387087 -0.026908 1 1 1.000000
  0 6.326766 34.058380 -3.691911 0.760987 0.477069 -0.439663 0.401587 -0.026055 1 1 1.000000
nuke_blu.vtf
  0 7.000978 21.507870 -12.299377 0.436914 0.476618 -0.762851 0.359181 -0.132390 1 1 1.000000
  0 5.148873 34.060474 -5.221941 0.620692 0.476767 -0.622443 0.387087 -0.026908 1 1 1.000000
  0 9.956664 21.500454 -10.053326 0.619643 0.477050 -0.623270 0.387041 -0.134288 1 1 1.000000
nuke_blu.vtf
  0 7.000978 21.507870 -12.299377 0.436914 0.476618 -0.762851 0.359181 -0.132390 1 1 1.000000
  0 3.615287 34.063232 -6.393685 0.438429 0.476636 -0.761970 0.372602 -0.025931 1 1 1.000000
  0 5.148873 34.060474 -5.221941 0.620692 0.476767 -0.622443 0.387087 -0.026908 1 1 1.000000
nuke_blu.vtf
  0 7.000978 21.507870 -12.299377 0.436914 0.476618 -0.762851 0.359181 -0.132390 1 1 1.000000
  0 1.831492 34.066460 -7.127539 0.247152 0.476358 -0.843800 0.358361 -0.023149 1 1 1.000000
  0 3.615287 34.063232 -6.393685 0.438429 0.476636 -0.761970 0.372602 -0.025931 1 1 1.000000
nuke_blu.vtf
  0 7.000978 21.507870 -12.299377 0.436914 0.476618 -0.762851 0.359181 -0.132390 1 1 1.000000
  0 3.568201 21.516470 -13.699344 0.245483 0.476169 -0.844394 0.331814 -0.127021 1 1 1.000000
  0 1.831492 34.066460 -7.127539 0.247152 0.476358 -0.843800 0.358361 -0.023149 1 1 1.000000
nuke_blu.vtf
  0 3.568201 21.516470 -13.699344 0.245483 0.476169 -0.844394 0.331814 -0.127021 1 1 1.000000
  0 0.882479 34.068817 -7.296660 0.155594 0.475063 -0.866086 0.351469 -0.021053 1 1 1.000000
  0 1.831492 34.066460 -7.127539 0.247152 0.476358 -0.843800 0.358361 -0.023149 1 1 1.000000
nuke_blu.vtf
  0 3.568201 21.516470 -13.699344 0.245483 0.476169 -0.844394 0.331814 -0.127021 1 1 1.000000
  0 1.742015 21.519011 -14.027706 0.156358 0.475136 -0.865909 0.318510 -0.123015 1 1 1.000000
  0 0.882479 34.068817 -7.296660 0.155594 0.475063 -0.866086 0.351469 -0.021053 1 1 1.000000
nuke_blu.vtf
  0 -7.639281 34.222660 -0.409939 0.003254 0.001843 -0.999993 0.475831 -0.293483 1 1 1.000000
  0 -17.632889 41.039333 -0.453686 0.004296 -0.000120 -0.999991 0.463623 -0.206699 1 1 1.000000
  0 -14.536504 40.591095 -0.441068 0.003994 -0.000562 -0.999992 0.456876 -0.227994 1 1 1.000000
nuke_blu.vtf
  0 -7.639281 34.222660 -0.409939 0.003254 0.001843 -0.999993 0.475831 -0.293483 1 1 1.000000
  0 -17.781061 27.804115 -0.455471 0.001890 0.004107 -0.999990 0.548617 -0.247699 1 1 1.000000
  0 -17.632889 41.039333 -0.453686 0.004296 -0.000120 -0.999991 0.463623 -0.206699 1 1 1.000000
nuke_blu.vtf
  0 -7.639281 34.222660 -0.409939 0.003254 0.001843 -0.999993 0.475831 -0.293483 1 1 1.000000
  0 -14.414391 21.810404 -0.493757 0.000330 0.006573 -0.999978 0.576451 -0.288307 1 1 1.000000
  0 -17.781061 27.804115 -0.455471 0.001890 0.004107 -0.999990 0.548617 -0.247699 1 1 1.000000
nuke_blu.vtf
  0 -0.467445 34.280136 7.613681 -0.999996 0.002163 0.001734 0.556612 -0.317384 1 1 1.000000
  0 -0.476812 41.011250 17.831154 -0.999999 -0.001112 -0.000184 0.568557 -0.403132 1 1 1.000000
  0 -0.476394 40.596279 14.730059 -0.999999 -0.001489 0.000064 0.575362 -0.382130 1 1 1.000000
nuke_blu.vtf
  0 -0.467445 34.280136 7.613681 -0.999996 0.002163 0.001734 0.556612 -0.317384 1 1 1.000000
  0 -0.464372 27.775276 17.834085 -0.999974 0.006000 0.004119 0.483743 -0.362311 1 1 1.000000
  0 -0.476812 41.011250 17.831154 -0.999999 -0.001112 -0.000184 0.568557 -0.403132 1 1 1.000000
nuke_blu.vtf
  0 -0.467445 34.280136 7.613681 -0.999996 0.002163 0.001734 0.556612 -0.317384 1 1 1.000000
  0 -0.548904 21.829321 14.440700 -0.999923 0.010302 0.006857 0.456000 -0.322380 1 1 1.000000
  0 -0.464372 27.775276 17.834085 -0.999974 0.006000 0.004119 0.483743 -0.362311 1 1 1.000000
nuke_blu.vtf
  0 -0.467332 34.280579 -7.560915 -0.999996 0.002163 -0.001749 0.472279 -0.448762 1 1 1.000000
  0 -0.464109 27.776272 -17.782650 -0.999974 0.005994 -0.004130 0.546495 -0.405750 1 1 1.000000
  0 -0.548704 21.829098 -14.381293 -0.999923 0.010296 -0.006867 0.572956 -0.446649 1 1 1.000000
nuke_blu.vtf
  0 -0.467332 34.280579 -7.560915 -0.999996 0.002163 -0.001749 0.472279 -0.448762 1 1 1.000000
  0 -0.476552 41.012314 -17.777052 -0.999999 -0.001112 0.000170 0.463003 -0.362409 1 1 1.000000
  0 -0.464109 27.776272 -17.782650 -0.999974 0.005994 -0.004130 0.546495 -0.405750 1 1 1.000000
nuke_blu.vtf
  0 -0.467332 34.280579 -7.560915 -0.999996 0.002163 -0.001749 0.472279 -0.448762 1 1 1.000000
  0 -0.476177 40.597134 -14.675981 -0.999999 -0.001488 -0.000078 0.455551 -0.383285 1 1 1.000000
  0 -0.476552 41.012314 -17.777052 -0.999999 -0.001112 0.000170 0.463003 -0.362409 1 1 1.000000
nuke_blu.vtf
  0 7.511450 34.286289 -0.365099 0.000898 0.001878 -0.999998 0.347274 -0.293483 1 1 1.000000
  0 17.738667 27.789249 -0.368702 0.002245 0.004089 -0.999989 0.420059 -0.247699 1 1 1.000000
  0 14.312744 21.829201 -0.420892 0.003817 0.006563 -0.999971 0.447894 -0.288307 1 1 1.000000
nuke_blu.vtf
  0 7.511450 34.286289 -0.365099 0.000898 0.001878 -0.999998 0.347274 -0.293483 1 1 1.000000
  0 17.721930 41.025192 -0.367255 -0.000169 -0.000064 -1.000000 0.335066 -0.206699 1 1 1.000000
  0 17.738667 27.789249 -0.368702 0.002245 0.004089 -0.999989 0.420059 -0.247699 1 1 1.000000
nuke_blu.vtf
  0 7.511450 34.286289 -0.365099 0.000898 0.001878 -0.999998 0.347274 -0.293483 1 1 1.000000
  0 14.621216 40.607811 -0.367322 0.000081 -0.000443 -1.000000 0.328318 -0.227994 1 1 1.000000
  0 17.721930 41.025192 -0.367255 -0.000169 -0.000064 -1.000000 0.335066 -0.206699 1 1 1.000000
nuke_blu.vtf
  0 7.513776 34.285488 0.417956 0.000829 0.001577 0.999998 0.559010 -0.157432 1 1 1.000000
  0 17.721912 41.025227 0.421686 -0.000183 -0.000276 1.000000 0.570143 -0.243214 1 1 1.000000
  0 14.621214 40.607780 0.421618 0.000066 -0.000653 1.000000 0.577156 -0.222286 1 1 1.000000
nuke_blu.vtf
  0 7.513776 34.285488 0.417956 0.000829 0.001577 0.999998 0.559010 -0.157432 1 1 1.000000
  0 17.738649 27.789267 0.420308 0.002112 0.003686 0.999991 0.485673 -0.201674 1 1 1.000000
  0 17.721912 41.025227 0.421686 -0.000183 -0.000276 1.000000 0.570143 -0.243214 1 1 1.000000
nuke_blu.vtf
  0 7.513776 34.285488 0.417956 0.000829 0.001577 0.999998 0.559010 -0.157432 1 1 1.000000
  0 14.316150 21.832788 0.468636 0.003608 0.006040 0.999975 0.458361 -0.161281 1 1 1.000000
  0 17.738649 27.789267 0.420308 0.002112 0.003686 0.999991 0.485673 -0.201674 1 1 1.000000
end
